bank_transaction_id,ledger_id,bank_date,ledger_date,bank_amount,ledger_amount,amount_difference,date_difference_days,bank_description,ledger_description,match_status,match_reason,confidence_score,confidence_tier,duplicate_flag,duplicate_note
6e80ee9f-49b5-434f-8ab6-f192a2296e6c,LED100001,2023-06-27,2023-06-27,100.0,100.0,0.0,0.0,GAS FILLING STATION,GAS FILLING STATION,Matched,Exact amount + date + transaction type,95,High,No,No duplicate candidate
a734aa85-4bf8-44c0-b508-305f554dc51e,LED100002,2023-06-28,2023-06-28,170.0,170.0,0.0,0.0,GAS FILLING STATION,GAS FILLING STATION,Matched,Exact amount + date + transaction type,95,High,No,No duplicate candidate
dc44e071-399f-4ec2-b6ec-64f9e8a05a8a,LED100003,2023-07-26,2023-07-26,500.0,500.0,0.0,0.0,GAS FILLING STATION,GAS FILLING STATION,Matched,Exact amount + date + transaction type,95,High,No,No duplicate candidate
0adc1ed0-4809-462d-855c-84cda5593c80,LED100004,2023-07-31,2023-07-31,15.0,15.0,0.0,0.0,5188810,5188810,Matched,Exact amount + date + transaction type,95,High,No,No duplicate candidate
1a018d91-db8a-416d-b49f-d03a84bc5c7b,LED100005,2023-08-07,2023-08-07,1000.0,1000.0,0.0,0.0,ATM,ATM WITHDRAWAL,Matched,Exact amount + date + transaction type,95,High,No,No duplicate candidate
33bd1687-6ab2-43c5-be5f-d150f412834c,LED100006,2023-08-22,2023-08-22,1.0,1.0,0.0,0.0,UPI/3234,UPI PAYMENT/3234,Matched,Exact amount + date + transaction type,95,High,No,No duplicate candidate
b87c4941-ad5b-41b7-9cda-4956a05a042e,LED100007,2023-08-22,2023-08-22,3000.0,3000.0,0.0,0.0,UPI/3234,UPI PAYMENT/3234,Matched,Exact amount + date + transaction type,95,High,No,No duplicate candidate
8bba53c3-7a35-40d6-a38c-fc142c432455,LED100008,2023-08-22,2023-08-22,300.0,300.0,0.0,0.0,UPI/32345,UPI PAYMENT/32345,Matched,Exact amount + date + transaction type,95,High,No,No duplicate candidate
fd9c35d1-b32c-40f2-9e3e-0ddfe1d24cad,LED100009,2023-08-23,2023-08-23,1200.0,1200.0,0.0,0.0,UPI/3235,UPI PAYMENT/3235,Matched,Exact amount + date + transaction type,95,High,No,No duplicate candidate
d2407a2c-15f3-46c2-b658-f9b66de3b6fd,LED100010,2023-08-23,2023-08-23,400.0,400.0,0.0,0.0,UPI/ent,UPI PAYMENT/ENT,Matched,Exact amount + date + transaction type,95,High,No,No duplicate candidate
b347d492-3798-4af9-b684-b136ecc2163e,LED100011,2023-08-24,2023-08-24,500.0,500.0,0.0,0.0,UPI/3236,UPI PAYMENT/3236,Matched,Exact amount + date + transaction type,95,High,No,No duplicate candidate
2502b83f-52a0-459a-acc2-058856a6025f,LED100012,2023-08-24,2023-08-24,300.0,300.0,0.0,0.0,UPI/3236,UPI PAYMENT/3236,Matched,Exact amount + date + transaction type,95,High,No,No duplicate candidate
ef7cdb44-66aa-4523-bafb-bc36528ffb08,LED100013,2023-08-24,2023-08-24,140.0,140.0,0.0,0.0,UPI/3236,UPI PAYMENT/3236,Matched,Exact amount + date + transaction type,95,High,No,No duplicate candidate
cb0dda74-4491-4005-9038-5d4d2d3d8f69,LED100014,2023-08-24,2023-08-24,400.0,400.0,0.0,0.0,UPI/3236,UPI PAYMENT/3236,Matched,Exact amount + date + transaction type,95,High,No,No duplicate candidate
504ea1a4-880a-4336-be91-722f93d03d76,LED100015,2023-08-24,2023-08-24,750.0,750.0,0.0,0.0,UPI/3236,UPI PAYMENT/3236,Matched,Exact amount + date + transaction type,95,High,No,No duplicate candidate
72b8aab6-5ec1-4204-9c6c-703251f82cae,LED100016,2023-08-24,2023-08-24,80.0,80.0,0.0,0.0,UPI/BHARATPE6,UPI PAYMENT/BHARATPE6,Matched,Exact amount + date + transaction type,95,High,No,No duplicate candidate
ecc76954-7c8f-4fc0-9e51-6fa35a1b4cac,LED100017,2023-08-24,2023-08-24,30.0,30.0,0.0,0.0,UPI/3236,UPI PAYMENT/3236,Matched,Exact amount + date + transaction type,95,High,No,No duplicate candidate
d26c20ba-4ed1-4ea0-81b0-d864d6905ce6,LED100018,2023-08-25,2023-08-25,2480.0,2480.0,0.0,0.0,UPI/3237,UPI PAYMENT/3237,Matched,Exact amount + date + transaction type,95,High,No,No duplicate candidate
4d14d160-484b-4f1d-822a-106f7e4d6cd0,LED100019,2023-08-25,2023-08-25,1450.0,1450.0,0.0,0.0,UPI/32372,UPI PAYMENT/32372,Matched,Exact amount + date + transaction type,95,High,No,No duplicate candidate
2395c8a5-2d7b-45ff-8279-07160dc2b24f,LED100020,2023-08-25,2023-08-25,120.0,120.0,0.0,0.0,UPI/BHARATPE,UPI PAYMENT/BHARATPE,Matched,Exact amount + date + transaction type,95,High,No,No duplicate candidate
60867cfd-705b-44ba-9183-9fd57069d79b,LED100021,2023-08-25,2023-08-25,480.0,480.0,0.0,0.0,UPI/36035,UPI PAYMENT/36035,Matched,Exact amount + date + transaction type,95,High,No,No duplicate candidate
9760f363-bad8-44f4-99cb-8d9c97dccc4c,LED100022,2023-08-25,2023-08-25,1.0,1.0,0.0,0.0,IMPS,IMPS PAYMENT,Potential Match,Amount + type match with description similarity 100%,85,Medium,No,No duplicate candidate
b128ae36-e103-40fb-b402-dda22c0540a0,LED100023,2023-08-25,2023-08-25,1.0,1.0,0.0,0.0,UPI/PAYTM,UPI PAYMENT/PAYTM,Potential Match,Amount + type match with description similarity 100%,85,Medium,No,No duplicate candidate
b224b31a-93e8-4726-9853-e355c677a612,LED100024,2023-08-25,2023-08-25,1.0,1.0,0.0,0.0,UPI/32375,UPI PAYMENT/32375,Matched,Exact amount + date + transaction type,95,High,No,No duplicate candidate
24f677df-0d22-4ee9-a72e-228f9898062b,LED100025,2023-08-25,2023-08-25,21.0,21.0,0.0,0.0,UPI/32378/goog-payment,UPI PAYMENT/32378/GOOG-PAYMENT,Matched,Exact amount + date + transaction type,95,High,No,No duplicate candidate
a25eeba0-6e08-45cb-9eb3-5583b6f9ec58,LED100026,2023-08-25,2023-08-25,1.0,1.0,0.0,0.0,NEFT,NEFT PAYMENT,Matched,Exact reference + amount + date + type,100,High,No,No duplicate candidate
71bdd916-a4ad-4d30-9a0f-796611e2724f,LED100027,2023-08-25,2023-08-25,1000.0,1000.0,0.0,0.0,UPI/3237,UPI PAYMENT/3237,Matched,Exact amount + date + transaction type,95,High,No,No duplicate candidate
f36f9696-82f7-47b1-9290-75cd13d701ac,LED100028,2023-08-25,2023-08-25,30.0,30.0,0.0,0.0,UPI/3603,UPI PAYMENT/3603,Matched,Exact amount + date + transaction type,95,High,No,No duplicate candidate
c2ca6026-dd22-490f-8e8e-6bb1d033ec58,LED100029,2023-08-25,2023-08-25,51.0,51.0,0.0,0.0,IMPS,IMPS PAYMENT,Matched,Exact amount + date + transaction type,95,High,No,No duplicate candidate
dec347ca-1df8-4834-bf12-a7ec81d4faeb,LED100030,2023-08-26,2023-08-26,1.0,1.0,0.0,0.0,UPI/BHARATPE,UPI PAYMENT/BHARATPE,Matched,Exact amount + date + transaction type,95,High,No,No duplicate candidate
676db4e7-86c0-42e5-87f7-991d729ebd66,LED100031,2023-08-26,2023-08-26,500.0,500.0,0.0,0.0,UPI/3238,UPI PAYMENT/3238,Potential Match,Amount + type match with description similarity 100%,85,Medium,No,No duplicate candidate
ce354233-4a2f-499b-86f4-cc9ad4c0ccb7,LED100032,2023-08-26,2023-08-26,500.0,500.0,0.0,0.0,UPI/32382,UPI PAYMENT/32382,Matched,Exact amount + date + transaction type,95,High,No,No duplicate candidate
e47c0f6b-669c-4846-a4e1-a9c1abb74a49,LED100033,2023-08-26,2023-08-26,700.0,700.0,0.0,0.0,UPI/32384,UPI PAYMENT/32384,Matched,Exact amount + date + transaction type,95,High,No,No duplicate candidate
9da292b1-e6ff-4aec-ba17-1e9596be288d,LED100034,2023-08-26,2023-08-26,60.0,60.0,0.0,0.0,UPI/BHARATPE,UPI PAYMENT/BHARATPE,Matched,Exact amount + date + transaction type,95,High,No,No duplicate candidate
622a4877-d66b-4659-95f2-c834bc437044,LED100035,2023-08-26,2023-08-26,20.0,20.0,0.0,0.0,UPI/BHARATPE,UPI PAYMENT/BHARATPE,Matched,Exact amount + date + transaction type,95,High,No,No duplicate candidate
7c0b0fd3-5719-4c8f-be35-9a1eb624c282,LED100036,2023-08-27,2023-08-27,1.0,1.0,0.0,0.0,UPI/32394,UPI PAYMENT/32394,Matched,Exact amount + date + transaction type,95,High,No,No duplicate candidate
016a5f57-2be1-4c57-a806-9076e198a71f,LED100037,2023-08-27,2023-08-27,1499.0,1499.0,0.0,0.0,UPI/3239,UPI PAYMENT/3239,Matched,Exact amount + date + transaction type,95,High,No,No duplicate candidate
345f0d46-25ad-497a-85d7-9047543df60e,LED100038,2023-08-27,2023-08-27,240.0,240.0,0.0,0.0,UPI/32390/,UPI PAYMENT/32390/,Matched,Exact amount + date + transaction type,95,High,No,No duplicate candidate
e1f0ba13-39fa-4fa9-bcb1-47aab5a5e746,LED100039,2023-08-28,2023-08-28,850.0,850.0,0.0,0.0,IMPS,IMPS PAYMENT,Matched,Exact amount + date + transaction type,95,High,No,No duplicate candidate
6de89130-04ff-44c2-8801-88fca93609a9,LED100040,2023-08-28,2023-08-28,10.0,10.0,0.0,0.0,AMZN,AMZN,Matched,Exact amount + date + transaction type,95,High,No,No duplicate candidate
febe3439-44d2-4ab8-a972-cdb1f72e43aa,LED100041,2023-08-29,2023-08-29,1200.0,1200.0,0.0,0.0,UPI/3241,UPI PAYMENT/3241,Matched,Exact amount + date + transaction type,95,High,No,No duplicate candidate
d2987357-92f2-4c9e-99a6-7692e931be22,LED100042,2023-08-29,2023-08-29,600.0,600.0,0.0,0.0,IMPS,IMPS PAYMENT,Matched,Exact amount + date + transaction type,95,High,No,No duplicate candidate
c2aa2280-77b1-4f14-a157-de477ec6b924,,2023-08-29,,100.0,,,,UPI/3241,,Unmatched Bank Transaction,No suitable ledger transaction found,0,Low,No,No duplicate candidate
ad797524-235c-4edb-b939-47647c17558c,LED100044,2023-08-30,2023-08-30,15.0,15.0,0.0,0.0,UPI/JIOINAPPDIRECT/,UPI PAYMENT/JIOINAPPDIRECT/,Matched,Exact amount + date + transaction type,95,High,No,No duplicate candidate
0494c9e3-ee71-4d31-b923-e723a1df44c3,LED100045,2023-08-30,2023-08-30,600.0,600.0,0.0,0.0,IMPS,IMPS PAYMENT,Matched,Exact amount + date + transaction type,95,High,No,No duplicate candidate
3fd5bdaf-a0ec-4108-8f31-b39d54ba740d,LED100046,2023-08-30,2023-08-30,170.0,170.0,0.0,0.0,IMPS,IMPS PAYMENT,Matched,Exact amount + date + transaction type,95,High,No,No duplicate candidate
6ad58ee6-705a-4a71-8e43-c7ed1e88088f,LED100047,2023-08-31,2023-08-31,350.0,350.0,0.0,0.0,NEFT,NEFT PAYMENT,Matched,Exact reference + amount + date + type,100,High,No,No duplicate candidate
c722d3c1-53df-4e6d-bc90-f14dbb97376b,LED100048,2023-08-31,2023-08-31,750.0,750.0,0.0,0.0,IMPS,IMPS PAYMENT,Matched,Exact amount + date + transaction type,95,High,No,No duplicate candidate
c75c6d29-5934-42c3-bbda-dfc773f0100a,LED100049,2023-08-31,2023-08-31,1200.0,1200.0,0.0,0.0,UPI/PAYTMNA,UPI PAYMENT/PAYTMNA,Matched,Exact amount + date + transaction type,95,High,No,No duplicate candidate
794a682b-5b7a-4444-bd6a-5a3db9f9f1a3,LED100050,2023-08-31,2023-08-31,200.0,200.0,0.0,0.0,UPI/3609,UPI PAYMENT/3609,Matched,Exact amount + date + transaction type,95,High,No,No duplicate candidate
7a6487f4-2008-4358-a761-2bd30994ae38,LED100051,2023-08-31,2023-08-31,50.0,50.0,0.0,0.0,UPI/3609,UPI PAYMENT/3609,Matched,Exact amount + date + transaction type,95,High,No,No duplicate candidate
7a9c2faa-5032-42bb-9987-38cf36e1335b,LED100052,2023-09-01,2023-09-01,3500.0,3500.0,0.0,0.0,UPI/32445,UPI PAYMENT/32445,Matched,Exact amount + date + transaction type,95,High,No,No duplicate candidate
5ccc1be2-fbfb-4f60-9a87-17ee0b25c621,LED100053,2023-09-03,2023-09-03,34.0,34.0,0.0,0.0,UPI/3612,UPI PAYMENT/3612,Matched,Exact amount + date + transaction type,95,High,No,No duplicate candidate
8a98421e-6026-4147-a99b-1335649ebb75,LED100054,2023-09-04,2023-09-04,460.0,460.0,0.0,0.0,UPI/32479,UPI PAYMENT/32479,Matched,Exact amount + date + transaction type,95,High,No,No duplicate candidate
b0bfec92-0fee-4c83-aa63-ec56255fa8ca,LED100055,2023-09-04,2023-09-04,200.0,200.0,0.0,0.0,UPI/3613,UPI PAYMENT/3613,Matched,Exact amount + date + transaction type,95,High,No,No duplicate candidate
7aab002f-a9d3-4600-840b-78a381e69fdd,LED100056,2023-09-04,2023-09-04,850.0,850.0,0.0,0.0,IMPS,IMPS PAYMENT,Matched,Exact amount + date + transaction type,95,High,No,No duplicate candidate
e6e88a6e-1bbf-4d10-8efc-7c38d81db891,LED100057,2023-09-05,2023-09-05,200.0,200.0,0.0,0.0,UPI/3248,UPI PAYMENT/3248,Matched,Exact amount + date + transaction type,95,High,No,No duplicate candidate
8efc053e-df71-45cc-a9ce-0cea8d9d166e,LED100058,2023-09-05,2023-09-05,1100.0,1100.0,0.0,0.0,IMPS,IMPS PAYMENT,Matched,Exact amount + date + transaction type,95,High,No,No duplicate candidate
26212eac-72f0-4da8-943d-9e94599b1168,LED100059,2023-09-06,2023-09-06,10.0,10.0,0.0,0.0,UPI/PAYTMPa,UPI PAYMENT/PAYTMPA,Matched,Exact amount + date + transaction type,95,High,No,No duplicate candidate
43423182-430e-4210-bf86-1093bde2c9a4,LED100060,2023-09-06,2023-09-06,15.0,15.0,0.0,0.0,UPI/JIOINAPPDIRECT/,UPI PAYMENT/JIOINAPPDIRECT/,Matched,Exact amount + date + transaction type,95,High,No,No duplicate candidate
e12cba6a-8238-4de8-af95-0afacd47ef30,LED100061,2023-09-08,2023-09-08,220.0,220.0,0.0,0.0,UPI/BHARATPE,UPI PAYMENT/BHARATPE,Potential Match,Amount + type match with description similarity 100%,85,Medium,Yes,Duplicate candidate detected
2d629427-5abd-4cfa-9729-ec2f575c9c3f,LED100062,2023-09-08,2023-09-08,500.0,500.0,0.0,0.0,UPI/BHARATPE,UPI PAYMENT/BHARATPE,Matched,Exact amount + date + transaction type,95,High,No,No duplicate candidate
976f05f5-b0b1-4525-a5bd-c57fd63b6302,LED100063,2023-09-08,2023-09-08,850.0,850.0,0.0,0.0,IMPS,IMPS PAYMENT,Matched,Exact amount + date + transaction type,95,High,No,No duplicate candidate
5792cc25-83fd-4513-a760-9d0e0be64897,LED100064,2023-09-09,2023-09-09,350.0,350.0,0.0,0.0,NEFT,NEFT PAYMENT,Matched,Exact reference + amount + date + type,100,High,No,No duplicate candidate
aa9e7078-1396-4bc4-b021-2801520dd0ae,LED100065,2023-09-09,2023-09-09,1.0,1.0,0.0,0.0,UPI/3252,UPI PAYMENT/3252,Matched,Exact amount + date + transaction type,95,High,No,No duplicate candidate
2256bb31-80eb-40ef-a8b3-b614aeef95ae,LED100066,2023-09-09,2023-09-11,499.0,499.0,0.0,2.0,UPI/3618,UPI PAYMENT/3618,Timing Difference,"Amount + type match, date difference 2 day(s), description similarity 100%",75,Medium,No,No duplicate candidate
9133c24e-a12b-453c-b398-890e035a50b6,LED100067,2023-09-09,2023-09-09,200.0,200.0,0.0,0.0,IMPS,IMPS PAYMENT,Matched,Exact amount + date + transaction type,95,High,No,No duplicate candidate
320083ed-ac9d-445f-95ab-665823b66121,LED100068,2023-09-11,2023-09-11,10.0,10.0,0.0,0.0,UPI/3620,UPI PAYMENT/3620,Matched,Exact amount + date + transaction type,95,High,No,No duplicate candidate
b03f18f8-dbdb-4a9e-9999-f615aaa23a4b,LED100069,2023-09-12,2023-09-12,180.0,180.0,0.0,0.0,NEFT,NEFT PAYMENT,Matched,Exact reference + amount + date + type,100,High,No,No duplicate candidate
31a91be1-0573-4fbe-b399-7ae1d0e177da,LED100070,2023-09-12,2023-09-12,60.0,60.0,0.0,0.0,GAS FILLING STATION,GAS FILLING STATION,Matched,Exact amount + date + transaction type,95,High,No,No duplicate candidate
c60fc4d6-f73d-4855-a843-69156836af12,LED100071,2023-09-12,2023-09-12,10.0,10.0,0.0,0.0,UPI/36211,UPI PAYMENT/36211,Matched,Exact amount + date + transaction type,95,High,No,No duplicate candidate
8d3e0628-618e-499c-8c59-616a95f426d1,LED100072,2023-09-12,2023-09-12,20.0,20.0,0.0,0.0,UPI/PAYTM,UPI PAYMENT/PAYTM,Matched,Exact amount + date + transaction type,95,High,No,No duplicate candidate
eab45d40-7e21-4933-b007-9170e9e35109,LED100073,2023-09-13,2023-09-13,350.0,350.0,0.0,0.0,NEFT,NEFT PAYMENT,Matched,Exact reference + amount + date + type,100,High,No,No duplicate candidate
90d21217-2010-422c-80fc-2806ea02407b,LED100074,2023-09-13,2023-09-13,3000.0,3000.0,0.0,0.0,UPI/36222,UPI PAYMENT/36222,Matched,Exact amount + date + transaction type,95,High,No,No duplicate candidate
75571385-d68d-4bc4-aae6-3a2e4d84d1e5,LED100075,2023-09-13,2023-09-13,400.0,400.0,0.0,0.0,IMPS,IMPS PAYMENT,Matched,Exact amount + date + transaction type,95,High,No,No duplicate candidate
01e0f3d1-366b-4344-bf11-f37c0cae061b,LED100076,2023-09-14,2023-09-15,140.0,140.0,0.0,1.0,UPI/32578,UPI PAYMENT/32578,Timing Difference,"Amount + type match, date difference 1 day(s), description similarity 100%",80,Medium,No,No duplicate candidate
3f7d6337-5760-42e8-9650-82b7e4e6f25b,LED100077,2023-09-14,2023-09-14,120.0,120.0,0.0,0.0,UPI/32571,UPI PAYMENT/32571,Matched,Exact amount + date + transaction type,95,High,No,No duplicate candidate
7fa3f516-0a76-4a58-b66a-6e1297567084,LED100078,2023-09-14,2023-09-14,670.0,670.0,0.0,0.0,IMPS,IMPS PAYMENT,Matched,Exact amount + date + transaction type,95,High,No,No duplicate candidate
9e361023-1600-47b8-929b-fd49f7d7bf22,LED100079,2023-09-14,2023-09-14,5500.0,5500.0,0.0,0.0,IMPS,IMPS PAYMENT,Matched,Exact amount + date + transaction type,95,High,No,No duplicate candidate
c61166ba-7899-4754-b839-36bbcf99df14,LED100080,2023-09-14,2023-09-14,50.0,52.5,2.5,0.0,UPI/32576,UPI PAYMENT/32576,Amount Mismatch,Description similarity 100% but amount differs by ₹2.50,80,Medium,No,No duplicate candidate
9348033e-2c15-48d5-9d47-1e15b83a512a,LED100081,2023-09-15,2023-09-15,580.0,580.0,0.0,0.0,IMPS,IMPS PAYMENT,Matched,Exact amount + date + transaction type,95,High,No,No duplicate candidate
226c7c1a-4046-463e-92ea-6f6c8b600273,LED100082,2023-09-15,2023-09-15,40.0,40.0,0.0,0.0,UPI/32581,UPI PAYMENT/32581,Matched,Exact amount + date + transaction type,95,High,No,No duplicate candidate
f8e21723-b480-4813-a062-12bd1ddf6c9d,LED100083,2023-09-15,2023-09-15,400.0,400.0,0.0,0.0,IMPS,IMPS PAYMENT,Matched,Exact amount + date + transaction type,95,High,No,No duplicate candidate
1b3eda6c-a8f4-485a-8824-76b4eda8bf75,LED100084,2023-09-16,2023-09-16,120.0,120.0,0.0,0.0,UPI/BHARATPE,UPI PAYMENT/BHARATPE,Matched,Exact amount + date + transaction type,95,High,No,No duplicate candidate
6288f745-bfc9-49c9-9144-8f763cbc7303,LED100085,2023-09-16,2023-09-16,110.0,110.0,0.0,0.0,UPI/36250,UPI PAYMENT/36250,Matched,Exact amount + date + transaction type,95,High,No,No duplicate candidate
228d0c69-549c-4b66-bda9-26a88fa16cdb,LED100086,2023-09-17,2023-09-17,50.0,50.0,0.0,0.0,UPI/3626,UPI PAYMENT/3626,Matched,Exact amount + date + transaction type,95,High,No,No duplicate candidate
6cf8961e-f2dc-471d-8c7f-a12d443be002,LED100087,2023-09-17,2023-09-17,19.0,19.0,0.0,0.0,UPI/JIOINAPPDIRECT,UPI PAYMENT/JIOINAPPDIRECT,Matched,Exact amount + date + transaction type,95,High,No,No duplicate candidate
80da729f-1f76-41be-a745-097cac244ef9,LED100088,2023-09-17,2023-09-17,10.0,10.0,0.0,0.0,UPI/PAYTM101,UPI PAYMENT/PAYTM101,Potential Match,Amount + type match with description similarity 100%,85,Medium,Yes,Duplicate candidate detected
ca275aff-4c7c-415b-9f18-962dc7a2df69,LED100089,2023-09-18,2023-09-18,241.0,241.0,0.0,0.0,UPI/JIOINAPPDIRECT,UPI PAYMENT/JIOINAPPDIRECT,Matched,Exact amount + date + transaction type,95,High,No,No duplicate candidate
e6f497b6-446b-4f2b-8163-987ef32aae05,LED100090,2023-09-18,2023-09-18,450.0,450.0,0.0,0.0,IMPS,IMPS PAYMENT,Matched,Exact amount + date + transaction type,95,High,No,No duplicate candidate
156b0720-ad19-4d54-a8da-446c44c447df,LED100091,2023-09-20,2023-09-20,60.0,60.0,0.0,0.0,UPI/36298/,UPI PAYMENT/36298/,Matched,Exact amount + date + transaction type,95,High,No,No duplicate candidate
4ac8f887-a601-4f56-be2b-5cc1ca6c6965,LED100092,2023-09-20,2023-09-20,19.0,19.0,0.0,0.0,UPI/JIOINAPPDIRECT,UPI PAYMENT/JIOINAPPDIRECT,Matched,Exact amount + date + transaction type,95,High,No,No duplicate candidate
de00042e-b507-489e-8862-6efbf98e619c,LED100093,2023-09-20,2023-09-20,50.0,50.0,0.0,0.0,UPI/BHARATPE6,UPI PAYMENT/BHARATPE6,Matched,Exact amount + date + transaction type,95,High,No,No duplicate candidate
8da5dea7-f101-4ad0-b139-414837511c68,LED100094,2023-09-21,2023-09-21,1550.0,1550.0,0.0,0.0,NEFT,NEFT PAYMENT,Matched,Exact reference + amount + date + type,100,High,No,No duplicate candidate
dedecd53-f40c-4124-901b-0b400fc9758f,LED100095,2023-09-21,2023-09-21,3500.0,3500.0,0.0,0.0,UPI/3630,UPI PAYMENT/3630,Matched,Exact amount + date + transaction type,95,High,No,No duplicate candidate
97619cf6-f40f-4c05-9766-48c2a2860ee4,LED100096,2023-09-21,2023-09-21,1.0,1.0,0.0,0.0,UPI/3264,UPI PAYMENT/3264,Matched,Exact amount + date + transaction type,95,High,No,No duplicate candidate
6d0349bd-1c9d-4717-9fe6-db9372baa936,LED100097,2023-09-21,2023-09-21,2500.0,2500.0,0.0,0.0,UPI/3264,UPI PAYMENT/3264,Matched,Exact amount + date + transaction type,95,High,No,No duplicate candidate
b6ff1b3f-979c-4fdd-8f5a-bbb1df4be12d,LED100098,2023-09-22,2023-09-22,50.0,50.0,0.0,0.0,UPI/32655,UPI PAYMENT/32655,Matched,Exact amount + date + transaction type,95,High,No,No duplicate candidate
f51d2d6c-6fd9-4e14-b0e3-b73a0bbcb5cd,LED100099,2023-09-22,2023-09-22,1530.0,1530.0,0.0,0.0,UPI/36311,UPI PAYMENT/36311,Matched,Exact amount + date + transaction type,95,High,No,No duplicate candidate
3df016c3-4a26-4786-94de-8eb634982994,LED100100,2023-09-22,2023-09-22,2940.0,2940.0,0.0,0.0,UPI/32659,UPI PAYMENT/32659,Matched,Exact amount + date + transaction type,95,High,No,No duplicate candidate
5230c540-d846-4481-af4b-259a9b4d26af,LED100101,2023-09-22,2023-09-22,500.0,500.0,0.0,0.0,UPI/32654,UPI PAYMENT/32654,Matched,Exact amount + date + transaction type,95,High,No,No duplicate candidate
ee1b82e0-c0ef-4b0b-8890-2c9a0e5f72e9,LED100102,2023-09-22,2023-09-22,400.0,400.0,0.0,0.0,UPI/BHARATPE,UPI PAYMENT/BHARATPE,Matched,Exact amount + date + transaction type,95,High,No,No duplicate candidate
8eaa3e76-c910-47ef-9378-46e8ef464a35,LED100103,2023-09-22,2023-09-22,140.0,140.0,0.0,0.0,UPI/PAYTM,UPI PAYMENT/PAYTM,Matched,Exact amount + date + transaction type,95,High,No,No duplicate candidate
2e857865-defd-4882-9637-148669d40b3e,LED100104,2023-09-22,2023-09-22,40.0,40.0,0.0,0.0,UPI/36318,UPI PAYMENT/36318,Matched,Exact amount + date + transaction type,95,High,No,No duplicate candidate
3ee3466b-ac57-4f9f-956b-a35f5d55e4b4,LED100105,2023-09-23,2023-09-23,1280.0,1280.0,0.0,0.0,NEFT,NEFT PAYMENT,Matched,Exact reference + amount + date + type,100,High,No,No duplicate candidate
71348f87-281d-4dac-815e-7c749f39106b,LED100106,2023-09-23,2023-09-23,20.0,20.0,0.0,0.0,UPI/GPAY,UPI PAYMENT/GPAY,Matched,Exact amount + date + transaction type,95,High,No,No duplicate candidate
0f13a626-bb42-4663-9043-403951ed5cbb,LED100107,2023-09-23,2023-09-23,40.0,40.0,0.0,0.0,UPI/PAYTM101,UPI PAYMENT/PAYTM101,Matched,Exact amount + date + transaction type,95,High,No,No duplicate candidate
74c43a11-f14e-4c0b-9a12-6ff003603c9d,LED100108,2023-09-23,2023-09-23,17.0,17.0,0.0,0.0,UPI/BHARATPE,UPI PAYMENT/BHARATPE,Matched,Exact amount + date + transaction type,95,High,No,No duplicate candidate
3260756f-954a-47b3-b46f-2c338f7f8b0a,LED100109,2023-09-23,2023-09-23,50.0,50.0,0.0,0.0,UPI/GPAY,UPI PAYMENT/GPAY,Matched,Exact amount + date + transaction type,95,High,No,No duplicate candidate
7d0dd7c6-8a00-4436-9823-009cd57b4d0e,LED100110,2023-09-24,2023-09-24,110.0,110.0,0.0,0.0,UPI/PAYTM101,UPI PAYMENT/PAYTM101,Matched,Exact amount + date + transaction type,95,High,No,No duplicate candidate
802bb8ed-6cbd-4e2e-be90-09aef4da6794,LED100111,2023-09-25,2023-09-25,1100.0,1100.0,0.0,0.0,NEFT,NEFT PAYMENT,Matched,Exact reference + amount + date + type,100,High,No,No duplicate candidate
9125f055-f355-4d8d-9ac6-d9bb065ee25a,LED100112,2023-09-25,2023-09-25,20.0,20.0,0.0,0.0,UPI/3268,UPI PAYMENT/3268,Matched,Exact amount + date + transaction type,95,High,No,No duplicate candidate
90c6e54f-6249-426a-9423-598892687d55,LED100113,2023-09-25,2023-09-25,20.0,20.0,0.0,0.0,UPI/PAYTMep,UPI PAYMENT/PAYTMEP,Matched,Exact amount + date + transaction type,95,High,No,No duplicate candidate
f26df49f-0847-4da1-a06a-1f52e3b4fa9b,LED100114,2023-09-25,2023-09-25,40.0,40.0,0.0,0.0,UPI/36341,UPI PAYMENT/36341,Matched,Exact amount + date + transaction type,95,High,No,No duplicate candidate
8339b673-56e9-4517-aaf7-804da58d7ec4,LED100115,2023-09-26,2023-09-26,1.0,1.0,0.0,0.0,UPI/32691,UPI PAYMENT/32691,Matched,Exact amount + date + transaction type,95,High,No,No duplicate candidate
6834106a-a1db-421a-a030-05b47ec0b49e,LED100116,2023-09-26,2023-09-26,3000.0,3000.0,0.0,0.0,UPI/36352,UPI PAYMENT/36352,Matched,Exact amount + date + transaction type,95,High,No,No duplicate candidate
e4c9bdfc-0a18-4bc2-887b-f5d6449b7884,LED100117,2023-09-26,2023-09-26,1000.0,1000.0,0.0,0.0,UPI/36351,UPI PAYMENT/36351,Matched,Exact amount + date + transaction type,95,High,No,No duplicate candidate
380b58dc-3d3c-45b9-8acd-2b6f6822a954,LED100118,2023-09-26,2023-09-26,400.0,400.0,0.0,0.0,UPI/32695,UPI PAYMENT/32695,Matched,Exact amount + date + transaction type,95,High,No,No duplicate candidate
9209e2ff-aabe-4148-82c9-3cfbb07572a5,LED100119,2023-09-27,2023-09-27,30.0,30.0,0.0,0.0,UPI/PAYTM,UPI PAYMENT/PAYTM,Matched,Exact amount + date + transaction type,95,High,No,No duplicate candidate
c843b30d-cb22-42e1-8c58-05d59e9b6410,LED100120,2023-09-27,2023-09-27,200.0,196.0,-4.0,0.0,UPI/3270,UPI PAYMENT/3270,Amount Mismatch,Description similarity 100% but amount differs by ₹4.00,80,Medium,No,No duplicate candidate
a7d31245-0cc9-446f-875f-efbed9a75bb1,LED100121,2023-09-27,2023-09-27,200.0,200.0,0.0,0.0,UPI/32709,UPI PAYMENT/32709,Potential Match,Amount + type match with description similarity 100%,85,Medium,No,No duplicate candidate
bbf7e57c-5c39-4c78-8faf-7a77a79fbebc,LED100122,2023-09-27,2023-09-27,200.0,200.0,0.0,0.0,UPI/32706,UPI PAYMENT/32706,Matched,Exact amount + date + transaction type,95,High,No,No duplicate candidate
a5f0be0a-122f-4b43-8333-14233b1d8c42,LED100123,2023-09-27,2023-09-27,400.0,400.0,0.0,0.0,NEFT,NEFT PAYMENT,Matched,Exact reference + amount + date + type,100,High,No,No duplicate candidate
756010f4-f8f3-4c81-81b9-62c25e8609e0,LED100124,2023-09-27,2023-09-27,100.0,100.0,0.0,0.0,UPI/36367,UPI PAYMENT/36367,Matched,Exact amount + date + transaction type,95,High,No,No duplicate candidate
b2ba5a7b-b5da-4563-831e-5cf406d85c8c,LED100125,2023-09-28,2023-09-28,1450.0,1450.0,0.0,0.0,NEFT,NEFT PAYMENT,Matched,Exact reference + amount + date + type,100,High,No,No duplicate candidate
4b0f59fa-655b-4e30-9b83-f9514cf9b240,LED100126,2023-09-28,2023-09-28,1280.0,1280.0,0.0,0.0,UPI/32712,UPI PAYMENT/32712,Matched,Exact amount + date + transaction type,95,High,No,No duplicate candidate
3a4ff688-bef4-4aaf-8f45-61d0168ffc75,LED100127,2023-09-28,2023-09-28,10.0,10.0,0.0,0.0,UPI/36370,UPI PAYMENT/36370,Matched,Exact amount + date + transaction type,95,High,No,No duplicate candidate
d8b45c85-45b2-4b13-9879-66a00fa7af65,LED100128,2023-09-29,2023-09-29,600.0,600.0,0.0,0.0,NEFT,NEFT PAYMENT,Matched,Exact reference + amount + date + type,100,High,No,No duplicate candidate
fa919e43-a6a1-4c55-9985-6f8b97d681eb,LED100129,2023-09-29,2023-09-29,500.0,500.0,0.0,0.0,UPI/36381,UPI PAYMENT/36381,Matched,Exact amount + date + transaction type,95,High,No,No duplicate candidate
a100ec2b-95e6-40f8-a021-20b36afe2715,LED100130,2023-09-30,2023-09-30,480.0,480.0,0.0,0.0,NEFT,NEFT PAYMENT,Matched,Exact reference + amount + date + type,100,High,No,No duplicate candidate
c9f6c8e9-e5b1-49e7-8f8b-442ebca30aaf,LED100131,2023-09-30,2023-09-30,150.0,150.0,0.0,0.0,UPI/PAYTM,UPI PAYMENT/PAYTM,Matched,Exact amount + date + transaction type,95,High,No,No duplicate candidate
623990ca-7390-404b-82fa-5f10316863d2,LED100132,2023-09-30,2023-09-30,35.0,35.0,0.0,0.0,UPI/PAYTMap,UPI PAYMENT/PAYTMAP,Matched,Exact amount + date + transaction type,95,High,No,No duplicate candidate
f8c83f63-6b3c-48b7-907e-1c7569881a5a,LED100133,2023-09-30,2023-09-30,130.0,130.0,0.0,0.0,UPI/32738,UPI PAYMENT/32738,Matched,Exact amount + date + transaction type,95,High,No,No duplicate candidate
3e3f3ee0-8eaf-456e-a475-f4aff84fd8a7,LED100134,2023-09-30,2023-09-30,50.0,50.0,0.0,0.0,UPI/BHARATPE,UPI PAYMENT/BHARATPE,Matched,Exact amount + date + transaction type,95,High,No,No duplicate candidate
9b3a0f22-6e89-4356-a5c5-f173fe76ff23,LED100135,2023-09-30,2023-09-30,10.0,10.0,0.0,0.0,AMZN,AMZN,Matched,Exact amount + date + transaction type,95,High,No,No duplicate candidate
248af984-503d-4ca8-bd8f-00ba044859e7,LED100136,2023-10-01,2023-10-01,700.0,700.0,0.0,0.0,NEFT,NEFT PAYMENT,Matched,Exact reference + amount + date + type,100,High,No,No duplicate candidate
ace38436-f415-45f8-bb95-3679ff3e0d43,LED100137,2023-10-01,2023-10-01,4550.0,4550.0,0.0,0.0,IMPS,IMPS PAYMENT,Matched,Exact amount + date + transaction type,95,High,No,No duplicate candidate
f820697b-3dd8-4e9b-88ed-27639dd662c3,LED100138,2023-10-01,2023-10-01,1.0,1.0,0.0,0.0,UPI/36406,UPI PAYMENT/36406,Matched,Exact amount + date + transaction type,95,High,No,No duplicate candidate
ddcc8fa1-81c0-4d4b-8f71-180352bf97aa,LED100139,2023-10-01,2023-10-01,4000.0,4000.0,0.0,0.0,UPI/36408,UPI PAYMENT/36408,Matched,Exact amount + date + transaction type,95,High,No,No duplicate candidate
e3d156cc-dfbf-471b-b50c-75477e85847b,LED100140,2023-10-01,2023-10-01,540.0,540.0,0.0,0.0,UPI/BHARATPE,UPI PAYMENT/BHARATPE,Matched,Exact amount + date + transaction type,95,High,No,No duplicate candidate
edf8c5a8-b2d0-442d-bc16-8d739075ddaf,LED100141,2023-10-01,2023-10-01,50.0,50.0,0.0,0.0,UPI/BHARATPE,UPI PAYMENT/BHARATPE,Matched,Exact amount + date + transaction type,95,High,No,No duplicate candidate
7b4353e3-877e-4ae0-8437-22bb587225b4,LED100142,2023-10-01,2023-10-01,540.0,540.0,0.0,0.0,IMPS,IMPS PAYMENT,Matched,Exact amount + date + transaction type,95,High,No,No duplicate candidate
5f109549-800e-46e7-9455-e0a9b4865360,LED100143,2023-10-02,2023-10-02,370.0,370.0,0.0,0.0,UPI/PAYTM9p,UPI PAYMENT/PAYTM9P,Matched,Exact amount + date + transaction type,95,High,No,No duplicate candidate
31668b32-0d2d-4dea-aa92-6b8c31ee848e,LED100144,2023-10-03,2023-10-03,19.0,19.0,0.0,0.0,UPI/JIOINAPPDIRECT,UPI PAYMENT/JIOINAPPDIRECT,Matched,Exact amount + date + transaction type,95,High,No,No duplicate candidate
3108c01e-39f6-4c2f-a283-86db7439f95c,LED100145,2023-10-03,2023-10-03,600.0,600.0,0.0,0.0,NEFT,NEFT PAYMENT,Matched,Exact reference + amount + date + type,100,High,No,No duplicate candidate
0fce7629-1e60-4e18-a1b7-a8ca75f7f2f4,LED100146,2023-10-03,2023-10-03,10.0,10.0,0.0,0.0,UPI/36421,UPI PAYMENT/36421,Matched,Exact amount + date + transaction type,95,High,No,No duplicate candidate
76615252-dfaf-4102-8f5d-75bc54d8387b,LED100147,2023-10-04,2023-10-04,250.0,250.0,0.0,0.0,NEFT,NEFT PAYMENT,Matched,Exact reference + amount + date + type,100,High,No,No duplicate candidate
51dcb4d5-7bad-400c-8a1b-8e6b8a8f24af,LED100148,2023-10-04,2023-10-04,40.0,40.0,0.0,0.0,UPI/32770,UPI PAYMENT/32770,Matched,Exact amount + date + transaction type,95,High,No,No duplicate candidate
c22fc6ad-c242-4538-91f2-53ca13770c6e,LED100149,2023-10-04,2023-10-04,10.0,10.0,0.0,0.0,UPI/32775,UPI PAYMENT/32775,Matched,Exact amount + date + transaction type,95,High,No,No duplicate candidate
9c02e93a-0999-41cc-95e4-279994bb3364,LED100150,2023-10-04,2023-10-04,30.0,30.0,0.0,0.0,UPI/36435,UPI PAYMENT/36435,Matched,Exact amount + date + transaction type,95,High,No,No duplicate candidate
033d5608-e2b1-4858-b98b-99f3f9cf83d6,LED100222,2023-10-05,2023-10-28,400.0,400.0,0.0,23.0,NEFT,NEFT PAYMENT,Potential Match,Same amount + high description similarity 100% but date differs by 23 days,60,Low,No,No duplicate candidate
8d61b7b8-6b32-47b2-ada2-1636ab6b0f56,LED100152,2023-10-05,2023-10-05,200.0,200.0,0.0,0.0,UPI/32789,UPI PAYMENT/32789,Matched,Exact amount + date + transaction type,95,High,No,No duplicate candidate
6b92418c-590d-42fd-abc0-fb5156683c35,LED100153,2023-10-05,2023-10-05,30.0,30.0,0.0,0.0,UPI/32783,UPI PAYMENT/32783,Matched,Exact amount + date + transaction type,95,High,No,No duplicate candidate
d3bc1598-5ded-4832-a6f9-069e5c28d7ac,LED100154,2023-10-05,2023-10-05,160.0,160.0,0.0,0.0,UPI/32784,UPI PAYMENT/32784,Matched,Exact amount + date + transaction type,95,High,No,No duplicate candidate
8e96f9b1-5fc7-489f-9566-35ac1f240252,LED100155,2023-10-06,2023-10-06,226.0,226.0,0.0,0.0,UPI/32795,UPI PAYMENT/32795,Matched,Exact amount + date + transaction type,95,High,No,No duplicate candidate
177a6ed6-5383-405b-b331-955da39f85c6,LED100156,2023-10-06,2023-10-06,320.0,320.0,0.0,0.0,UPI/BHARATPE,UPI PAYMENT/BHARATPE,Matched,Exact amount + date + transaction type,95,High,No,No duplicate candidate
39cad768-4f42-4879-9fa4-12f7d5f75fea,LED100157,2023-10-06,2023-10-06,10.0,10.0,0.0,0.0,UPI/36454,UPI PAYMENT/36454,Matched,Exact amount + date + transaction type,95,High,No,No duplicate candidate
8af09e5a-a98a-4a0a-9648-64d457d85070,,2023-10-06,,700.0,,,,UPI/3645,,Unmatched Bank Transaction,No suitable ledger transaction found,0,Low,No,No duplicate candidate
979fab68-939e-4b78-8f89-09c0dbb46472,LED100159,2023-10-06,2023-10-06,220.0,220.0,0.0,0.0,UPI/BHARATPE,UPI PAYMENT/BHARATPE,Matched,Exact amount + date + transaction type,95,High,No,No duplicate candidate
e30a976a-ef08-44a4-88c2-9105178a4999,LED100160,2023-10-06,2023-10-06,220.0,220.0,0.0,0.0,UPI/3279,UPI PAYMENT/3279,Matched,Exact amount + date + transaction type,95,High,No,No duplicate candidate
9f694e56-84bb-4322-86d1-048ed5d7b7b0,LED100161,2023-10-06,2023-10-06,30.0,30.0,0.0,0.0,UPI/36458,UPI PAYMENT/36458,Matched,Exact amount + date + transaction type,95,High,No,No duplicate candidate
d59218dd-56a8-4c04-b1b4-ac13349f5d81,LED100162,2023-10-07,2023-10-07,2330.0,2330.0,0.0,0.0,NEFT,NEFT PAYMENT,Matched,Exact reference + amount + date + type,100,High,No,No duplicate candidate
0cc87859-f3c0-4c5c-b51a-bfdd20a1433b,LED100163,2023-10-07,2023-10-07,19.0,19.0,0.0,0.0,UPI/GPAYBILLREACHARGE,UPI PAYMENT/GPAYBILLREACHARGE,Matched,Exact amount + date + transaction type,95,High,No,No duplicate candidate
d8aaf10a-4bd0-4389-812e-1b1588d811a4,LED100164,2023-10-07,2023-10-07,2000.0,2000.0,0.0,0.0,UPI/BHARATPE,UPI PAYMENT/BHARATPE,Matched,Exact amount + date + transaction type,95,High,No,No duplicate candidate
50052b56-dc7d-48e4-a9c6-3875ab1497d0,LED100165,2023-10-07,2023-10-07,20.0,20.0,0.0,0.0,UPI/36462,UPI PAYMENT/36462,Matched,Exact amount + date + transaction type,95,High,No,No duplicate candidate
1bd129a3-31f0-4a9c-b646-532f3decb10a,LED100166,2023-10-07,2023-10-07,330.0,330.0,0.0,0.0,UPI/32802,UPI PAYMENT/32802,Matched,Exact amount + date + transaction type,95,High,No,No duplicate candidate
1ae3ff28-9cdb-461b-921e-5137cbb992b8,LED100167,2023-10-08,2023-10-08,1900.0,1900.0,0.0,0.0,UPI/3647,UPI PAYMENT/3647,Matched,Exact amount + date + transaction type,95,High,No,No duplicate candidate
7c549684-4fc8-4b23-a781-d8f878d8ce29,LED100168,2023-10-08,2023-10-08,100.0,100.0,0.0,0.0,UPI/BHARATPE,UPI PAYMENT/BHARATPE,Matched,Exact amount + date + transaction type,95,High,No,No duplicate candidate
c59fa33b-8458-44ce-be05-d5944e2325c6,LED100169,2023-10-09,2023-10-09,100.0,100.0,0.0,0.0,NEFT,NEFT PAYMENT,Matched,Exact reference + amount + date + type,100,High,No,No duplicate candidate
b7b95690-4180-4dcc-90ae-b34aad750bbc,LED100170,2023-10-09,2023-10-09,2000.0,2000.0,0.0,0.0,UPI/36486,UPI PAYMENT/36486,Matched,Exact amount + date + transaction type,95,High,No,No duplicate candidate
74d0b7b2-cd18-4910-bcff-e515a3c704f5,LED100171,2023-10-09,2023-10-09,50.0,50.0,0.0,0.0,UPI/BHARATPE4,UPI PAYMENT/BHARATPE4,Matched,Exact amount + date + transaction type,95,High,No,No duplicate candidate
bb88f510-b541-44e1-87a4-069ea4c9f816,LED100172,2023-10-09,2023-10-08,100.0,100.0,0.0,-1.0,UPI/3648,UPI PAYMENT/3648,Timing Difference,"Amount + type match, date difference 1 day(s), description similarity 100%",80,Medium,No,No duplicate candidate
601ec0cd-17de-4fe2-906c-9ec67ac87798,LED100173,2023-10-09,2023-10-09,110.0,110.0,0.0,0.0,UPI/BHARATPE,UPI PAYMENT/BHARATPE,Matched,Exact amount + date + transaction type,95,High,No,No duplicate candidate
f24446ac-dee7-4127-987f-14d106066704,LED100174,2023-10-10,2023-10-10,100.0,100.0,0.0,0.0,NEFT,NEFT PAYMENT,Matched,Exact reference + amount + date + type,100,High,No,No duplicate candidate
c96959bd-3737-4608-874d-112b99790eb0,LED100175,2023-10-10,2023-10-10,20.0,20.0,0.0,0.0,UPI/BHARATPE,UPI PAYMENT/BHARATPE,Matched,Exact amount + date + transaction type,95,High,No,No duplicate candidate
d5bdd359-5af3-40e1-a991-3e9346cdd63e,LED100176,2023-10-10,2023-10-10,5.0,5.0,0.0,0.0,UPI/36499,UPI PAYMENT/36499,Matched,Exact amount + date + transaction type,95,High,No,No duplicate candidate
6d174e80-c032-4336-9133-dc7ac9817170,LED100177,2023-10-10,2023-10-10,310.0,310.0,0.0,0.0,UPI/PAYTM,UPI PAYMENT/PAYTM,Matched,Exact amount + date + transaction type,95,High,No,No duplicate candidate
6d30b4ce-41a8-490f-90df-6ecb91f6b32a,LED100178,2023-10-11,2023-10-11,500.0,500.0,0.0,0.0,UPI/32841,UPI PAYMENT/32841,Matched,Exact amount + date + transaction type,95,High,No,No duplicate candidate
8078fdd5-2c46-4cae-8ee1-d51aa7f1e5f8,LED100179,2023-10-11,2023-10-11,250.0,250.0,0.0,0.0,NEFT,NEFT PAYMENT,Matched,Exact reference + amount + date + type,100,High,No,No duplicate candidate
2744f39f-7233-45ba-bcee-cc1da7ba8fe1,LED100180,2023-10-11,2023-10-11,100.0,100.0,0.0,0.0,UPI/3650,UPI PAYMENT/3650,Potential Match,Amount + type match with description similarity 100%,85,Medium,No,No duplicate candidate
65eddd32-8d66-4c4d-a947-2b358232f3cb,LED100181,2023-10-11,2023-10-11,120.0,120.0,0.0,0.0,UPI/PAYTM,UPI PAYMENT/PAYTM,Matched,Exact amount + date + transaction type,95,High,No,No duplicate candidate
cac58514-4078-4a90-84cc-de42811911eb,LED100182,2023-10-11,2023-10-11,100.0,100.0,0.0,0.0,UPI/36509,UPI PAYMENT/36509,Matched,Exact amount + date + transaction type,95,High,No,No duplicate candidate
e1f83744-7362-4c54-89ce-1691eca8ef60,LED100183,2023-10-12,2023-10-12,1000.0,1000.0,0.0,0.0,NEFT,NEFT PAYMENT,Matched,Exact reference + amount + date + type,100,High,No,No duplicate candidate
809ea0c8-6adc-4383-bd99-7dbb099af5da,LED100184,2023-10-12,2023-10-12,200.0,200.0,0.0,0.0,UPI/3285,UPI PAYMENT/3285,Matched,Exact amount + date + transaction type,95,High,No,No duplicate candidate
bce416a1-2b74-4d3f-b4c8-c9ae537fa9a1,LED100185,2023-10-13,2023-10-13,600.0,600.0,0.0,0.0,NEFT,NEFT PAYMENT,Matched,Exact reference + amount + date + type,100,High,No,No duplicate candidate
20393504-68b3-4b3f-9e1f-155fd831cebb,LED100186,2023-10-14,2023-10-14,10.0,10.0,0.0,0.0,UPI/36530,UPI PAYMENT/36530,Potential Match,Amount + type match with description similarity 100%,85,Medium,No,No duplicate candidate
699002e0-2d99-4493-baab-97c17fdf2e75,LED100191,2023-10-14,2023-10-15,1000.0,510.0,-490.0,1.0,UPI/BHARATPE,UPI PAYMENT/BHARATPE,Amount Mismatch,Description similarity 100% but amount differs by ₹490.00,80,Medium,No,No duplicate candidate
558d36f0-3e16-4507-92b7-50e77e0d9a55,LED100188,2023-10-14,2023-10-14,10.0,10.0,0.0,0.0,UPI/PAYTM101,UPI PAYMENT/PAYTM101,Matched,Exact amount + date + transaction type,95,High,No,No duplicate candidate
7c8a8442-bf95-44d2-a3ee-d4e4eb117c1f,LED100189,2023-10-15,2023-10-15,55.0,55.0,0.0,0.0,UPI/32880,UPI PAYMENT/32880,Matched,Exact amount + date + transaction type,95,High,No,No duplicate candidate
4ff90fe0-c39d-4f1a-bda7-487800f1945e,LED100190,2023-10-15,2023-10-15,300.0,300.0,0.0,0.0,UPI/32883,UPI PAYMENT/32883,Matched,Exact amount + date + transaction type,95,High,No,No duplicate candidate
dc0ee0f8-829f-44f6-a5f5-6bd0ac36c81b,LED100893,2023-10-15,2024-05-14,510.0,500.0,-10.0,212.0,UPI/BHARATPE,UPI PAYMENT/BHARATPE,Amount Mismatch,Description similarity 100% but amount differs by ₹10.00,80,Medium,No,No duplicate candidate
9cba4c27-7f9b-4a22-af17-67d5e193766f,LED100192,2023-10-15,2023-10-15,50.0,50.0,0.0,0.0,UPI/PAYTMdp,UPI PAYMENT/PAYTMDP,Matched,Exact amount + date + transaction type,95,High,No,No duplicate candidate
509f6222-7a2b-45a3-b813-e97da77b66fc,LED100193,2023-10-16,2023-10-16,1300.0,1300.0,0.0,0.0,NEFT,NEFT PAYMENT,Matched,Exact reference + amount + date + type,100,High,No,No duplicate candidate
546f9c7a-6f58-40b0-9560-aca41605644d,LED100194,2023-10-16,2023-10-16,1000.0,1000.0,0.0,0.0,UPI/3289,UPI PAYMENT/3289,Matched,Exact amount + date + transaction type,95,High,No,No duplicate candidate
8b021c7e-13a1-4b6c-b757-dc5a3dde97ec,LED100195,2023-10-17,2023-10-17,241.0,241.0,0.0,0.0,UPI/JIOINAPPDIRECT/,UPI PAYMENT/JIOINAPPDIRECT/,Matched,Exact amount + date + transaction type,95,High,No,No duplicate candidate
d398a84c-b552-4023-9d8d-78af1b66d578,LED100196,2023-10-17,2023-10-17,950.0,950.0,0.0,0.0,NEFT,NEFT PAYMENT,Matched,Exact reference + amount + date + type,100,High,No,No duplicate candidate
eb8c18e6-2871-446f-b7ea-dc8120b38fd7,LED100197,2023-10-18,2023-10-18,930.0,930.0,0.0,0.0,NEFT,NEFT PAYMENT,Matched,Exact reference + amount + date + type,100,High,No,No duplicate candidate
9603956b-ea80-4bce-b673-e19476398b45,LED100198,2023-10-19,2023-10-19,25.0,25.0,0.0,0.0,UPI/32925,UPI PAYMENT/32925,Matched,Exact amount + date + transaction type,95,High,No,No duplicate candidate
f5a83366-1dd6-4bd3-8f15-10cf41f7310b,LED100199,2023-10-19,2023-10-19,10.0,10.0,0.0,0.0,UPI/32924,UPI PAYMENT/32924,Matched,Exact amount + date + transaction type,95,High,No,No duplicate candidate
0531c7aa-c1f2-414c-b136-fde68604ed61,LED100200,2023-10-20,2023-10-20,500.0,500.0,0.0,0.0,UPI/32931/,UPI PAYMENT/32931/,Matched,Exact amount + date + transaction type,95,High,No,No duplicate candidate
5c3b7e44-bf67-4d51-85ab-6894e2e9cde7,LED100201,2023-10-20,2023-10-20,40.0,40.0,0.0,0.0,UPI/36597,UPI PAYMENT/36597,Matched,Exact amount + date + transaction type,95,High,No,No duplicate candidate
9aa8a7f5-4019-44be-a141-c712b1b8b334,LED100202,2023-10-21,2023-10-21,830.0,830.0,0.0,0.0,NEFT,NEFT PAYMENT,Matched,Exact reference + amount + date + type,100,High,No,No duplicate candidate
fae0feb2-23d0-43c7-a0a4-f35a4d3b6497,LED100203,2023-10-21,2023-10-21,3300.0,3300.0,0.0,0.0,UPI/GPAY,UPI PAYMENT/GPAY,Matched,Exact amount + date + transaction type,95,High,No,No duplicate candidate
c097d89b-b2cf-4774-8309-4aaf893f1350,LED100204,2023-10-21,2023-10-21,136.0,136.0,0.0,0.0,UPI/36606,UPI PAYMENT/36606,Matched,Exact amount + date + transaction type,95,High,No,No duplicate candidate
359cbf7a-158a-4376-b7d1-bd9d5d529761,LED100205,2023-10-22,2023-10-22,200.0,200.0,0.0,0.0,UPI/36613,UPI PAYMENT/36613,Matched,Exact amount + date + transaction type,95,High,No,No duplicate candidate
d74640f5-bb06-4f9b-b21b-bce32d862fa4,LED100206,2023-10-22,2023-10-22,10.0,10.0,0.0,0.0,UPI/32958,UPI PAYMENT/32958,Matched,Exact amount + date + transaction type,95,High,No,No duplicate candidate
e3dd02e3-2294-4620-8d6c-3c95db04a5e4,LED100207,2023-10-23,2023-10-23,270.0,270.0,0.0,0.0,NEFT,NEFT PAYMENT,Matched,Exact reference + amount + date + type,100,High,No,No duplicate candidate
5a663c28-a8fd-4077-9a65-48f682bb09e8,LED100208,2023-10-23,2023-10-23,20.0,20.0,0.0,0.0,UPI/BHARATPE,UPI PAYMENT/BHARATPE,Matched,Exact amount + date + transaction type,95,High,No,No duplicate candidate
e5cb5574-6f29-4d02-b71a-55f792af3ddb,LED100209,2023-10-23,2023-10-23,100.0,100.0,0.0,0.0,UPI/3296,UPI PAYMENT/3296,Matched,Exact amount + date + transaction type,95,High,No,No duplicate candidate
9c95a744-1b6d-44a6-be6a-3b4afed32e7c,LED100210,2023-10-23,2023-10-23,150.0,150.0,0.0,0.0,UPI/BHARATPE,UPI PAYMENT/BHARATPE,Matched,Exact amount + date + transaction type,95,High,No,No duplicate candidate
49d3f474-c97e-4e36-b384-7014c001d5c7,LED100211,2023-10-24,2023-10-24,250.0,250.0,0.0,0.0,NEFT,NEFT PAYMENT,Matched,Exact reference + amount + date + type,100,High,No,No duplicate candidate
dfc6781b-58ff-4760-8291-04f0024601bd,LED100212,2023-10-24,2023-10-24,43.0,43.0,0.0,0.0,UPI/36636,UPI PAYMENT/36636,Matched,Exact amount + date + transaction type,95,High,No,No duplicate candidate
85b66477-4613-4666-9f2c-ae064034d79f,LED100213,2023-10-24,2023-10-24,100.0,100.0,0.0,0.0,UPI/32971,UPI PAYMENT/32971,Matched,Exact amount + date + transaction type,95,High,No,No duplicate candidate
9cdca0b6-cb0b-4d91-8a61-8170d770ea87,LED100214,2023-10-24,2023-10-24,150.0,150.0,0.0,0.0,UPI/PAYTM,UPI PAYMENT/PAYTM,Matched,Exact amount + date + transaction type,95,High,No,No duplicate candidate
16c81143-37e9-4b8e-9a48-0e39158f0861,LED100215,2023-10-24,2023-10-24,30.0,30.0,0.0,0.0,UPI/BHARATPE,UPI PAYMENT/BHARATPE,Matched,Exact amount + date + transaction type,95,High,No,No duplicate candidate
831c6f85-3e6d-4074-b1e5-4e4fe21b8cd4,LED100568,2023-10-24,2024-02-23,20.0,20.0,0.0,122.0,UPI/BHARATPE,UPI PAYMENT/BHARATPE,Potential Match,Same amount + high description similarity 100% but date differs by 122 days,60,Low,No,No duplicate candidate
edfc5007-2c33-48bd-bdc0-5a6c8bc291c3,LED100217,2023-10-24,2023-10-24,200.0,200.0,0.0,0.0,UPI/32975,UPI PAYMENT/32975,Matched,Exact amount + date + transaction type,95,High,No,No duplicate candidate
a4bc2686-8db0-4dd6-bfc2-25961ac95b73,LED100218,2023-10-25,2023-10-25,1000.0,1000.0,0.0,0.0,NEFT,NEFT PAYMENT,Matched,Exact reference + amount + date + type,100,High,No,No duplicate candidate
ee894c06-f873-4f7b-a2c2-a5dac5c3964f,LED100219,2023-10-25,2023-10-25,60.0,60.0,0.0,0.0,UPI/36640/U,UPI PAYMENT/36640/U,Matched,Exact amount + date + transaction type,95,High,No,No duplicate candidate
8b680f57-f204-4e03-922f-9fd140fff54f,LED100220,2023-10-25,2023-10-25,19.0,19.0,0.0,0.0,UPI/JIOINAPPDIRECT/,UPI PAYMENT/JIOINAPPDIRECT/,Matched,Exact amount + date + transaction type,95,High,No,No duplicate candidate
1c439506-fc8d-45e5-ae81-7d0daab976fd,LED100221,2023-10-26,2023-10-26,10.0,10.0,0.0,0.0,UPI/36655,UPI PAYMENT/36655,Matched,Exact amount + date + transaction type,95,High,No,No duplicate candidate
884e791b-e8bf-45aa-a63a-561667ae14ba,LED100224,2023-10-28,2023-10-28,400.0,400.0,0.0,0.0,NEFT,UPI PAYMENT/PAYTM,Matched,Exact amount + date + transaction type,95,High,No,No duplicate candidate
3bc9eb42-0bb0-4e3a-b035-b49f0a058b82,LED100223,2023-10-28,2023-10-28,239.0,239.0,0.0,0.0,UPI/EURONETGPAY,UPI PAYMENT/EURONETGPAY,Matched,Exact amount + date + transaction type,95,High,No,No duplicate candidate
7169dcf4-e9d8-4d10-910c-f39b4c1f93ae,,2023-10-28,,400.0,,,,UPI/PAYTM,,Unmatched Bank Transaction,No suitable ledger transaction found,0,Low,No,No duplicate candidate
1c3be831-b1a6-4243-b2a7-da4c2fb6f345,LED100225,2023-10-28,2023-10-28,310.0,310.0,0.0,0.0,UPI/PAYTM,UPI PAYMENT/PAYTM,Matched,Exact amount + date + transaction type,95,High,No,No duplicate candidate
8b0ce824-2823-4351-b7a4-5289a71f8458,LED100226,2023-10-28,2023-10-28,215.0,215.0,0.0,0.0,UPI/36671,UPI PAYMENT/36671,Matched,Exact amount + date + transaction type,95,High,No,No duplicate candidate
0f0c4711-5d8c-46be-b8fd-f097ec067ca2,LED100227,2023-10-30,2023-10-30,2.0,2.0,0.0,0.0,NEFT,NEFT PAYMENT,Matched,Exact reference + amount + date + type,100,High,No,No duplicate candidate
8f29ee5f-6d09-4ffe-8b32-65a507519289,LED100228,2023-10-30,2023-10-30,22.0,22.0,0.0,0.0,UPI/33035,UPI PAYMENT/33035,Matched,Exact amount + date + transaction type,95,High,No,No duplicate candidate
f7a0a036-2ce3-4a7c-951d-2b6b9719b849,LED100229,2023-10-30,2023-10-30,200.0,200.0,0.0,0.0,UPI/3303,UPI PAYMENT/3303,Matched,Exact amount + date + transaction type,95,High,No,No duplicate candidate
1f52f45a-34af-4630-af73-0994db93492c,LED100230,2023-10-30,2023-10-30,200.0,200.0,0.0,0.0,UPI/BHARATPE,UPI PAYMENT/BHARATPE,Matched,Exact amount + date + transaction type,95,High,No,No duplicate candidate
bca2495e-7cce-432f-bdda-471b907ec613,LED100231,2023-10-31,2023-10-31,30.0,30.0,0.0,0.0,UPI/BHARATPE,UPI PAYMENT/BHARATPE,Matched,Exact amount + date + transaction type,95,High,No,No duplicate candidate
de44cd2d-0a16-4dbf-807a-b47d70c3c694,LED100232,2023-11-01,2023-11-01,145.0,145.0,0.0,0.0,UPI/36716,UPI PAYMENT/36716,Matched,Exact amount + date + transaction type,95,High,No,No duplicate candidate
6fa60611-61be-4564-a3c8-b47e98c91994,LED100233,2023-11-02,2023-11-02,280.0,280.0,0.0,0.0,NEFT,NEFT PAYMENT,Matched,Exact reference + amount + date + type,100,High,No,No duplicate candidate
db47a064-9201-49ba-97b2-6bf457a6941b,LED100234,2023-11-02,2023-11-02,500.0,500.0,0.0,0.0,UPI/33061,UPI PAYMENT/33061,Matched,Exact amount + date + transaction type,95,High,No,No duplicate candidate
c37b3623-e44d-418f-91bc-8816abd60877,LED100235,2023-11-02,2023-11-02,10.0,10.0,0.0,0.0,UPI/33060,UPI PAYMENT/33060,Matched,Exact amount + date + transaction type,95,High,No,No duplicate candidate
faab3b7e-102d-4fdf-95c3-9fbf354d8fa2,LED100236,2023-11-02,2023-11-02,150.0,150.0,0.0,0.0,UPI/PAYTMwp,UPI PAYMENT/PAYTMWP,Matched,Exact amount + date + transaction type,95,High,No,No duplicate candidate
f67d2304-8bd9-424e-a19a-51f108ce0cb7,LED100237,2023-11-03,2023-11-03,60.0,60.0,0.0,0.0,UPI/PAYTM,UPI PAYMENT/PAYTM,Matched,Exact amount + date + transaction type,95,High,No,No duplicate candidate
848b08b3-d77c-4edf-b994-e3a62b42ae96,LED100238,2023-11-03,2023-11-03,180.0,180.0,0.0,0.0,UPI/33078,UPI PAYMENT/33078,Matched,Exact amount + date + transaction type,95,High,No,No duplicate candidate
21966ea9-f6f5-4f1c-94c3-a4aebb56cdb6,LED100239,2023-11-04,2023-11-04,500.0,500.0,0.0,0.0,UPI/36746,UPI PAYMENT/36746,Matched,Exact amount + date + transaction type,95,High,No,No duplicate candidate
f2402973-d02a-48e8-a071-606321e13384,LED100240,2023-11-04,2023-11-04,19.0,19.0,0.0,0.0,UPI/BILLDESKRECHARGE,UPI PAYMENT/BILLDESKRECHARGE,Matched,Exact amount + date + transaction type,95,High,No,No duplicate candidate
21e97e5d-ea16-4110-a444-37f81fdf8430,LED100241,2023-11-05,2023-11-05,20.0,20.0,0.0,0.0,UPI/33095,UPI PAYMENT/33095,Matched,Exact amount + date + transaction type,95,High,No,No duplicate candidate
c39571d4-4945-4c65-8d20-7bca996636a4,LED100242,2023-11-06,2023-11-06,200.0,200.0,0.0,0.0,UPI/3310,UPI PAYMENT/3310,Matched,Exact amount + date + transaction type,95,High,No,No duplicate candidate
367ea7ac-a367-4b43-9200-1d8f355b175e,LED100243,2023-11-06,2023-11-06,200.0,200.0,0.0,0.0,UPI/36763,UPI PAYMENT/36763,Matched,Exact amount + date + transaction type,95,High,No,No duplicate candidate
6ed93c29-40da-4cef-b3d2-10f05dbfe25b,LED100244,2023-11-06,2023-11-06,105.0,105.0,0.0,0.0,UPI/36761,UPI PAYMENT/36761,Matched,Exact amount + date + transaction type,95,High,No,No duplicate candidate
4f4d0daf-5ad6-49d4-a7a6-1e00c8737e63,LED100245,2023-11-07,2023-11-07,1150.0,1150.0,0.0,0.0,NEFT,NEFT PAYMENT,Matched,Exact reference + amount + date + type,100,High,No,No duplicate candidate
3ef28929-ec15-42e9-b289-6184b2b41521,LED100246,2023-11-07,2023-11-07,51.0,51.0,0.0,0.0,UPI/33115,UPI PAYMENT/33115,Matched,Exact amount + date + transaction type,95,High,No,No duplicate candidate
4ef8759e-641f-4ded-8f4d-b3a7431c7c7b,LED100247,2023-11-07,2023-11-07,500.0,500.0,0.0,0.0,UPI/33113,UPI PAYMENT/33113,Matched,Exact amount + date + transaction type,95,High,No,No duplicate candidate
8a3ccbf2-08d2-48dc-b75d-022493b7426c,LED100248,2023-11-07,2023-11-07,10.0,10.0,0.0,0.0,UPI/36774,UPI PAYMENT/36774,Matched,Exact amount + date + transaction type,95,High,No,No duplicate candidate
9be68c05-3054-4202-95d5-0f9ededc5d16,LED100249,2023-11-07,2023-11-07,50.0,50.0,0.0,0.0,UPI/33112,UPI PAYMENT/33112,Matched,Exact amount + date + transaction type,95,High,No,No duplicate candidate
d4ecd289-3506-4423-a600-10a8c34bfde1,LED100250,2023-11-08,2023-11-08,250.0,250.0,0.0,0.0,NEFT,NEFT PAYMENT,Matched,Exact reference + amount + date + type,100,High,No,No duplicate candidate
d3935b54-131c-4c9d-9d0d-23f60439bb98,LED100251,2023-11-08,2023-11-08,180.0,180.0,0.0,0.0,UPI/3312,UPI PAYMENT/3312,Matched,Exact amount + date + transaction type,95,High,No,No duplicate candidate
633820ea-fcd9-449f-9457-9392cfb54d66,LED100252,2023-10-31,2023-10-31,15.0,15.0,0.0,0.0,518881000,518881000,Matched,Exact amount + date + transaction type,95,High,No,No duplicate candidate
e85c9e1a-eaac-423f-b630-14e357842c98,LED100253,2023-11-08,2023-11-08,50.0,50.0,0.0,0.0,UPI/33128/,UPI PAYMENT/33128/,Matched,Exact amount + date + transaction type,95,High,No,No duplicate candidate
5c8f92f9-7d43-4615-946e-dfbc51236589,LED100254,2023-11-09,2023-11-09,2950.0,2950.0,0.0,0.0,NEFT,NEFT PAYMENT,Matched,Exact reference + amount + date + type,100,High,No,No duplicate candidate
7f58d530-1042-4167-ad0c-705c51e04571,LED100255,2023-11-09,2023-11-09,200.0,200.0,0.0,0.0,UPI/33131,UPI PAYMENT/33131,Matched,Exact amount + date + transaction type,95,High,No,No duplicate candidate
2b308e5b-4d37-4c5e-bab3-a4046bf82c74,LED100256,2023-11-09,2023-11-09,140.0,140.0,0.0,0.0,UPI/33138,UPI PAYMENT/33138,Matched,Exact amount + date + transaction type,95,High,No,No duplicate candidate
bf8ceac8-b9bf-4426-ba5d-6aef34194b89,LED100257,2023-11-10,2023-11-10,10.0,10.0,0.0,0.0,NEFT,NEFT PAYMENT,Matched,Exact reference + amount + date + type,100,High,No,No duplicate candidate
33b2d244-724a-45a2-a3be-5bff19944544,LED100258,2023-11-10,2023-11-10,1250.0,1250.0,0.0,0.0,UPI/PAYTMgp,UPI PAYMENT/PAYTMGP,Matched,Exact amount + date + transaction type,95,High,No,No duplicate candidate
03810f5c-a342-4261-81c1-c6dd5837109d,LED100259,2023-11-10,2023-11-10,50.0,50.0,0.0,0.0,UPI/36801,UPI PAYMENT/36801,Matched,Exact amount + date + transaction type,95,High,No,No duplicate candidate
6c1a5ee0-7414-40a4-9f36-8b6933f0fa83,LED100260,2023-11-11,2023-11-11,3440.0,3440.0,0.0,0.0,NEFT,NEFT PAYMENT,Matched,Exact reference + amount + date + type,100,High,No,No duplicate candidate
a8ef789c-e018-4091-ae3c-1a8dd3059cee,LED100261,2023-11-11,2023-11-11,40.0,40.0,0.0,0.0,UPI/33153,UPI PAYMENT/33153,Matched,Exact amount + date + transaction type,95,High,No,No duplicate candidate
a1c54d9d-c9c1-4c41-b7e4-98f8432b533b,LED100262,2023-11-11,2023-11-11,120.0,120.0,0.0,0.0,UPI/PAYTM,UPI PAYMENT/PAYTM,Matched,Exact amount + date + transaction type,95,High,No,No duplicate candidate
f33055c2-9880-4c3c-b579-bc9dbdba255f,LED100263,2023-11-11,2023-11-11,30.0,30.0,0.0,0.0,UPI/PAYTMdp,UPI PAYMENT/PAYTMDP,Matched,Exact amount + date + transaction type,95,High,No,No duplicate candidate
058be90e-d820-42c5-b220-eb68cb6d91e6,LED100264,2023-11-11,2023-11-11,170.0,170.0,0.0,0.0,UPI/3315,UPI PAYMENT/3315,Matched,Exact amount + date + transaction type,95,High,No,No duplicate candidate
3f84beb9-7021-4782-9647-5ba0284541a3,LED100265,2023-11-11,2023-11-11,330.0,330.0,0.0,0.0,UPI/3681,UPI PAYMENT/3681,Potential Match,Amount + type match with description similarity 100%,85,Medium,Yes,Duplicate candidate detected
edcbfa22-a7c9-45bf-98f3-1b66f9293d78,LED100266,2023-11-12,2023-11-12,4730.0,4730.0,0.0,0.0,NEFT,NEFT PAYMENT,Matched,Exact reference + amount + date + type,100,High,No,No duplicate candidate
8b2832e2-79dc-4eec-ae84-d655ce623ccd,LED100267,2023-11-12,2023-11-12,1660.0,1660.0,0.0,0.0,UPI/33167,UPI PAYMENT/33167,Matched,Exact amount + date + transaction type,95,High,No,No duplicate candidate
330170cb-557c-4c51-a25f-dd1b3b1d6537,LED100268,2023-11-12,2023-11-12,50.0,50.0,0.0,0.0,UPI/33165,UPI PAYMENT/33165,Matched,Exact amount + date + transaction type,95,High,No,No duplicate candidate
2893b10d-01cf-47ef-874a-94b8e5228b5c,LED100269,2023-11-12,2023-11-12,1500.0,1500.0,0.0,0.0,UPI/33167,UPI PAYMENT/33167,Matched,Exact amount + date + transaction type,95,High,No,No duplicate candidate
e2c705f9-beb3-4fb4-8c29-2a79c80e1523,LED100270,2023-11-13,2023-11-13,420.0,420.0,0.0,0.0,UPI/BHARATPE,UPI PAYMENT/BHARATPE,Matched,Exact amount + date + transaction type,95,High,No,No duplicate candidate
508c0536-4c4d-428c-85f9-3a72cf1b941f,LED100271,2023-11-13,2023-11-13,300.0,300.0,0.0,0.0,UPI/PAYTMnp,UPI PAYMENT/PAYTMNP,Matched,Exact amount + date + transaction type,95,High,No,No duplicate candidate
2dbc636c-ac81-4322-b587-ef23f2665eee,LED100272,2023-11-13,2023-11-13,500.0,500.0,0.0,0.0,UPI/PAYTMnp,UPI PAYMENT/PAYTMNP,Matched,Exact amount + date + transaction type,95,High,No,No duplicate candidate
de7e8802-ba29-422f-b0c5-db358c58cac4,LED100273,2023-11-14,2023-11-14,239.0,239.0,0.0,0.0,UPI/EURONETGPAY,UPI PAYMENT/EURONETGPAY,Matched,Exact amount + date + transaction type,95,High,No,No duplicate candidate
2f4a0006-8083-40fe-aad2-09fe6306597a,LED100274,2023-11-14,2023-11-14,1.0,1.0,0.0,0.0,UPI/33183,UPI PAYMENT/33183,Potential Match,Amount + type match with description similarity 100%,85,Medium,No,No duplicate candidate
d6f48b90-8c0a-479c-86ab-566a322b65c1,LED100275,2023-11-14,2023-11-14,1.0,1.0,0.0,0.0,UPI/33187P,UPI PAYMENT/33187P,Matched,Exact amount + date + transaction type,95,High,No,No duplicate candidate
0f82247c-fd15-4d2f-a6c5-cdcb72196f04,LED100276,2023-11-14,2023-11-14,37999.0,37999.0,0.0,0.0,UPI/33181,UPI PAYMENT/33181,Matched,Exact amount + date + transaction type,95,High,No,No duplicate candidate
ed150d32-b72f-41de-8175-54316abd8bc8,LED100277,2023-11-14,2023-11-14,1.0,1.0,0.0,0.0,UPI/PAYTMUP,UPI PAYMENT/PAYTMUP,Matched,Exact amount + date + transaction type,95,High,No,No duplicate candidate
6d29d619-312a-4bdc-9371-636828f19d5f,LED100278,2023-11-14,2023-11-14,16500.0,16500.0,0.0,0.0,UPI/PAYTMUP,UPI PAYMENT/PAYTMUP,Matched,Exact amount + date + transaction type,95,High,No,No duplicate candidate
afd49d96-1e4c-4fe9-9032-b46d7642c1bf,LED100279,2023-11-14,2023-11-14,2000.0,2000.0,0.0,0.0,UPI/33187,UPI PAYMENT/33187,Matched,Exact amount + date + transaction type,95,High,No,No duplicate candidate
6b25f87d-9dd5-485a-8edb-fe376d57e6d8,LED100280,2023-11-14,2023-11-14,340.0,340.0,0.0,0.0,UPI/PAYTM,UPI PAYMENT/PAYTM,Matched,Exact amount + date + transaction type,95,High,No,No duplicate candidate
0030a0d2-6a89-4426-8a0d-49e66a45c790,LED100281,2023-11-14,2023-11-14,80.0,80.0,0.0,0.0,UPI/33182,UPI PAYMENT/33182,Matched,Exact amount + date + transaction type,95,High,No,No duplicate candidate
4a9f3653-0a32-446f-9f4d-1e83cc6fbb2f,LED100282,2023-11-15,2023-11-15,2000.0,2000.0,0.0,0.0,UPI/3685/P,UPI PAYMENT/3685/P,Potential Match,Amount + type match with description similarity 100%,85,Medium,No,No duplicate candidate
b24e9c76-675a-4eb5-a092-da3db90ee063,LED100283,2023-11-15,2023-11-15,2000.0,2000.0,0.0,0.0,UPI/REVERSAL,UPI PAYMENT/REVERSAL,Matched,Exact amount + date + transaction type,95,High,No,No duplicate candidate
e8c02bab-2c7c-4299-bfa2-46ca27ac4a9c,LED100284,2023-11-15,2023-11-15,2000.0,2000.0,0.0,0.0,UPI/36856/,UPI PAYMENT/36856/,Matched,Exact amount + date + transaction type,95,High,No,No duplicate candidate
b30b1251-a428-4d2c-9764-cedbe09ab33a,LED100285,2023-11-15,2023-11-15,1.0,1.0,0.0,0.0,UPI/36857,UPI PAYMENT/36857,Matched,Exact amount + date + transaction type,95,High,No,No duplicate candidate
3d2ba381-c2df-42d5-b507-4bcc2bf44905,LED100286,2023-11-15,2023-11-15,10000.0,10000.0,0.0,0.0,UPI/36858,UPI PAYMENT/36858,Matched,Exact amount + date + transaction type,95,High,No,No duplicate candidate
887f429e-9db1-49e1-8707-4a5f39882b85,LED100287,2023-11-15,2023-11-15,500.0,500.0,0.0,0.0,UPI/33194,UPI PAYMENT/33194,Matched,Exact amount + date + transaction type,95,High,No,No duplicate candidate
470bc77a-380a-481f-abda-9434b0dbe745,LED100288,2023-11-15,2023-11-15,10.0,10.0,0.0,0.0,UPI/36853,UPI PAYMENT/36853,Matched,Exact amount + date + transaction type,95,High,No,No duplicate candidate
3b63ef24-de3c-49db-a7b4-c3eb758795b7,LED100289,2023-11-16,2023-11-16,1320.0,1320.0,0.0,0.0,NEFT,NEFT PAYMENT,Matched,Exact reference + amount + date + type,100,High,No,No duplicate candidate
bc58e33b-28f7-43fb-ab50-0dfddf2bf456,LED100290,2023-11-16,2023-11-16,400.0,400.0,0.0,0.0,,,Matched,Exact amount + date + transaction type,95,High,No,No duplicate candidate
30cd1f8b-6261-43db-b452-515447228351,LED100291,2023-11-16,2023-11-16,1000.0,1000.0,0.0,0.0,UPI/33200,UPI PAYMENT/33200,Matched,Exact amount + date + transaction type,95,High,No,No duplicate candidate
68f475c3-2160-4a3f-b897-06632242aa0c,LED100292,2023-11-16,2023-11-16,45000.0,45000.0,0.0,0.0,BY CASH,BY CASH TRANSACTION,Matched,Exact amount + date + transaction type,95,High,No,No duplicate candidate
f7c87c2d-5431-46df-89b7-25ce913627cc,LED100293,2023-11-17,2023-11-17,270.0,270.0,0.0,0.0,NEFT,NEFT PAYMENT,Matched,Exact reference + amount + date + type,100,High,No,No duplicate candidate
1f3bd603-8abe-4e04-9c9b-1361e37f52ad,LED100294,2023-11-17,2023-11-17,50.0,50.0,0.0,0.0,UPI/PAYTMwp,UPI PAYMENT/PAYTMWP,Matched,Exact amount + date + transaction type,95,High,No,No duplicate candidate
7d42455e-56a4-4198-8945-86451a4b337e,LED100295,2023-11-17,2023-11-17,2000.0,2000.0,0.0,0.0,UPI/36879,UPI PAYMENT/36879,Matched,Exact amount + date + transaction type,95,High,No,No duplicate candidate
a90254ac-1868-4bca-ac10-61964ac95367,LED100296,2023-11-17,2023-11-17,21000.0,21000.0,0.0,0.0,UPI/FASHIONEAZY,UPI PAYMENT/FASHIONEAZY,Matched,Exact amount + date + transaction type,95,High,No,No duplicate candidate
9e5ed584-6d6c-411a-9554-d1bb99972aa1,LED100297,2023-11-17,2023-11-17,5200.0,5200.0,0.0,0.0,UPI/36871,UPI PAYMENT/36871,Matched,Exact amount + date + transaction type,95,High,No,No duplicate candidate
d1af2bf6-4719-48f1-b8f1-c8bfe9352db6,LED100298,2023-11-18,2023-11-18,130.0,130.0,0.0,0.0,UPI/PAYTMwp,UPI PAYMENT/PAYTMWP,Matched,Exact amount + date + transaction type,95,High,No,No duplicate candidate
632b5bf8-f914-4f72-aa64-bb969d0fe81f,LED100299,2023-11-18,2023-11-18,300.0,300.0,0.0,0.0,UPI/36881,UPI PAYMENT/36881,Matched,Exact amount + date + transaction type,95,High,No,No duplicate candidate
f7df2e6a-503d-4549-874c-48105ad17f2f,LED100300,2023-11-19,2023-11-19,600.0,600.0,0.0,0.0,NEFT,NEFT PAYMENT,Matched,Exact reference + amount + date + type,100,High,No,No duplicate candidate
8b12d93f-d4f5-44c5-af6a-0fe30065dfe0,LED100301,2023-11-19,2023-11-19,1.0,1.0,0.0,0.0,UPI/PAYTMUP,UPI PAYMENT/PAYTMUP,Matched,Exact amount + date + transaction type,95,High,No,No duplicate candidate
505c9f34-fa46-4e80-8a63-ac7028b4d457,LED100302,2023-11-19,2023-11-19,499.0,499.0,0.0,0.0,UPI/PAYTMNA,UPI PAYMENT/PAYTMNA,Matched,Exact amount + date + transaction type,95,High,No,No duplicate candidate
00d2ee8e-c73f-4576-857a-8b86116fe288,LED100303,2023-11-19,2023-11-19,20.0,20.0,0.0,0.0,UPI/33234,UPI PAYMENT/33234,Matched,Exact amount + date + transaction type,95,High,No,No duplicate candidate
9eeac9a2-6f46-4520-a72d-26dbca54809e,LED100304,2023-11-20,2023-11-20,1700.0,1700.0,0.0,0.0,NEFT,NEFT PAYMENT,Matched,Exact reference + amount + date + type,100,High,No,No duplicate candidate
d949c756-f0da-47d8-886b-4a266349697a,LED100305,2023-11-20,2023-11-20,200.0,200.0,0.0,0.0,UPI/33249,UPI PAYMENT/33249,Matched,Exact amount + date + transaction type,95,High,No,No duplicate candidate
51274ee8-3f86-4bc9-a947-b05ad81f259c,LED100306,2023-11-20,2023-11-20,45.0,45.0,0.0,0.0,UPI/GPAY,UPI PAYMENT/GPAY,Matched,Exact amount + date + transaction type,95,High,No,No duplicate candidate
7e3d56df-580b-4b13-a0f4-b16c6e499532,LED100307,2023-11-21,2023-11-21,2200.0,2200.0,0.0,0.0,NEFT,NEFT PAYMENT,Matched,Exact reference + amount + date + type,100,High,No,No duplicate candidate
88ea01a6-5933-4b8c-a0ed-ce17118cbeb0,LED100308,2023-11-22,2023-11-22,1250.0,1250.0,0.0,0.0,NEFT,NEFT PAYMENT,Matched,Exact reference + amount + date + type,100,High,No,No duplicate candidate
4346b532-d4f4-4de4-aa8d-b39c03387390,LED100309,2023-11-22,2023-11-22,200.0,200.0,0.0,0.0,UPI/36921,UPI PAYMENT/36921,Matched,Exact amount + date + transaction type,95,High,No,No duplicate candidate
2cd53cf9-5848-4a2d-8bd7-30cc9846c0ee,LED100310,2023-11-22,2023-11-22,290.0,290.0,0.0,0.0,UPI/33267,UPI PAYMENT/33267,Matched,Exact amount + date + transaction type,95,High,No,No duplicate candidate
ac95c4fc-71ec-44e2-bf53-30a6c5e723ad,LED100311,2023-11-23,2023-11-23,350.0,350.0,0.0,0.0,NEFT,NEFT PAYMENT,Matched,Exact reference + amount + date + type,100,High,No,No duplicate candidate
5ff491fc-1e7f-48fd-a44f-32f9d5053b9f,LED100312,2023-11-23,2023-11-23,100.0,100.0,0.0,0.0,UPI/33279,UPI PAYMENT/33279,Potential Match,Amount + type match with description similarity 100%,85,Medium,No,No duplicate candidate
ad942ea9-d12b-48d0-9a0c-7c043724c06e,LED100313,2023-11-23,2023-11-23,100.0,100.0,0.0,0.0,UPI/36936,UPI PAYMENT/36936,Matched,Exact amount + date + transaction type,95,High,No,No duplicate candidate
343b62a0-8530-46dd-b4c2-7f4d87bff9fd,LED100314,2023-11-24,2023-11-24,1600.0,1600.0,0.0,0.0,NEFT,NEFT PAYMENT,Matched,Exact reference + amount + date + type,100,High,No,No duplicate candidate
cd342f20-d121-492e-a2ed-aecd75a71ea1,LED100315,2023-11-24,2023-11-24,10.0,10.0,0.0,0.0,UPI/36947,UPI PAYMENT/36947,Matched,Exact amount + date + transaction type,95,High,No,No duplicate candidate
ae0dd897-8e9e-43cf-9922-2f83f71defb0,LED100316,2023-11-24,2023-11-24,201.0,201.0,0.0,0.0,UPI/JIOINAPPDIRECT/,UPI PAYMENT/JIOINAPPDIRECT/,Matched,Exact amount + date + transaction type,95,High,No,No duplicate candidate
7434e1b8-a31a-4daf-a3f0-3d5bbd85a091,LED100317,2023-11-24,2023-11-24,60.0,60.0,0.0,0.0,UPI/33287,UPI PAYMENT/33287,Matched,Exact amount + date + transaction type,95,High,No,No duplicate candidate
64359bb5-001f-4d75-bf3f-5a0f7a83721d,LED100318,2023-11-25,2023-11-25,2200.0,2200.0,0.0,0.0,NEFT,NEFT PAYMENT,Matched,Exact reference + amount + date + type,100,High,No,No duplicate candidate
d7a24290-3f7c-4a0f-bb10-59a35cadf7a7,LED100319,2023-11-25,2023-11-25,241.0,241.0,0.0,0.0,UPI/AIRTELPREDIRECT,UPI PAYMENT/AIRTELPREDIRECT,Matched,Exact amount + date + transaction type,95,High,No,No duplicate candidate
36d89541-efdd-4969-8c7d-54fd6cbe178a,LED100320,2023-11-25,2023-11-27,200.0,200.0,0.0,2.0,UPI/33293,UPI PAYMENT/33293,Timing Difference,"Amount + type match, date difference 2 day(s), description similarity 100%",75,Medium,No,No duplicate candidate
1812fb87-0dd6-4172-9978-79aecbd5185e,LED100321,2023-11-26,2023-11-26,1070.0,1070.0,0.0,0.0,NEFT,NEFT PAYMENT,Matched,Exact reference + amount + date + type,100,High,No,No duplicate candidate
9c98e1bf-3fa4-4993-aec1-1b4a4e1ca220,LED100322,2023-11-26,2023-11-26,1.0,1.0,0.0,0.0,UPI/33308,UPI PAYMENT/33308,Matched,Exact amount + date + transaction type,95,High,No,No duplicate candidate
75635fc2-67a3-4539-8e05-ee1a20c78efa,LED100323,2023-11-26,2023-11-26,5000.0,5000.0,0.0,0.0,UPI/36963,UPI PAYMENT/36963,Matched,Exact amount + date + transaction type,95,High,No,No duplicate candidate
5fc5f6a6-d30c-4463-8f06-837284784066,LED100324,2023-11-27,2023-11-27,950.0,950.0,0.0,0.0,NEFT,NEFT PAYMENT,Matched,Exact reference + amount + date + type,100,High,No,No duplicate candidate
4e2ffce6-1f63-47fd-a074-7fff8772141a,LED100325,2023-11-27,2023-11-27,120.0,120.0,0.0,0.0,UPI/36978,UPI PAYMENT/36978,Matched,Exact amount + date + transaction type,95,High,No,No duplicate candidate
c166807b-bd8f-413c-8b0c-aa899e3a545d,LED100326,2023-11-27,2023-11-27,19.0,19.0,0.0,0.0,UPI/JIOINAPPDIRECT/,UPI PAYMENT/JIOINAPPDIRECT/,Matched,Exact amount + date + transaction type,95,High,No,No duplicate candidate
c1d1e376-af63-471a-abe7-4f035facf30d,LED100327,2023-11-28,2023-11-28,800.0,800.0,0.0,0.0,NEFT,NEFT PAYMENT,Matched,Exact reference + amount + date + type,100,High,No,No duplicate candidate
275017b6-a00e-486f-a7f3-e0fb19e98644,LED100328,2023-11-28,2023-11-28,100.0,100.0,0.0,0.0,UPI/3698,UPI PAYMENT/3698,Matched,Exact amount + date + transaction type,95,High,No,No duplicate candidate
c6e2ea68-9079-40f8-8b4e-a7d294b69741,LED100329,2023-11-28,2023-11-28,150.0,150.0,0.0,0.0,UPI/36989,UPI PAYMENT/36989,Matched,Exact amount + date + transaction type,95,High,No,No duplicate candidate
115e3d52-56c4-4f3b-9f87-6d8bfc0370e3,LED100330,2023-11-28,2023-11-28,19.0,19.0,0.0,0.0,UPI/EURONETGPAY,UPI PAYMENT/EURONETGPAY,Matched,Exact amount + date + transaction type,95,High,No,No duplicate candidate
5dcb09f6-be85-4846-8914-637047408ee6,LED100331,2023-11-29,2023-11-29,151.0,151.0,0.0,0.0,NEFT,NEFT PAYMENT,Matched,Exact reference + amount + date + type,100,High,No,No duplicate candidate
60c58e3b-a75f-4961-b0ee-96cbaa0ec2f8,LED100332,2023-11-29,2023-11-29,40.0,40.0,0.0,0.0,UPI/PAYTM,UPI PAYMENT/PAYTM,Matched,Exact amount + date + transaction type,95,High,No,No duplicate candidate
dfbb98e2-96b0-4992-aed0-acc3c73cd167,LED100333,2023-11-29,2023-11-29,19000.0,19000.0,0.0,0.0,UPI/33333,UPI PAYMENT/33333,Matched,Exact amount + date + transaction type,95,High,No,No duplicate candidate
fa3a4eef-62d7-4983-bec0-de57682a2351,LED100334,2023-11-29,2023-11-29,12700.0,12700.0,0.0,0.0,UPI/36992,UPI PAYMENT/36992,Matched,Exact amount + date + transaction type,95,High,No,No duplicate candidate
d0f14f9d-9547-4627-bb53-fa14e241b4f5,LED100335,2023-11-29,2023-11-29,100.0,100.0,0.0,0.0,UPI/33331,UPI PAYMENT/33331,Matched,Exact amount + date + transaction type,95,High,No,No duplicate candidate
6c302bab-ff0d-4507-ac15-bf2df72368f3,LED100336,2023-11-29,2023-11-29,1.0,1.0,0.0,0.0,UPI/36990,UPI PAYMENT/36990,Potential Match,Amount + type match with description similarity 100%,85,Medium,No,No duplicate candidate
95e029ef-d7fb-452e-bfd9-7a537166c523,LED100337,2023-11-29,2023-11-29,1.0,1.0,0.0,0.0,UPI/3699,UPI PAYMENT/3699,Matched,Exact amount + date + transaction type,95,High,No,No duplicate candidate
6743eb41-36cc-4ab6-ac49-2c1812d28960,LED100338,2023-11-29,2023-11-29,2000.0,2000.0,0.0,0.0,UPI/3699,UPI PAYMENT/3699,Matched,Exact amount + date + transaction type,95,High,No,No duplicate candidate
aad12703-8c25-4ce0-b63a-2a2bf2523f35,LED100339,2023-11-29,2023-11-29,90.0,90.0,0.0,0.0,UPI/PAYTMfp,UPI PAYMENT/PAYTMFP,Matched,Exact amount + date + transaction type,95,High,No,No duplicate candidate
3ff4cfb5-eec0-42e2-b00b-f2fb7d63416f,LED100472,2023-12-01,2024-01-16,1500.0,1500.0,0.0,46.0,NEFT,NEFT PAYMENT,Potential Match,Same amount + high description similarity 100% but date differs by 46 days,60,Low,No,No duplicate candidate
bd4a809c-2513-455a-8eae-115c1ecb11de,LED100341,2023-12-01,2023-12-01,40.0,40.0,0.0,0.0,UPI/33357,UPI PAYMENT/33357,Matched,Exact amount + date + transaction type,95,High,No,No duplicate candidate
3de3b4c1-b1c2-49af-9a0a-6ba45e489cb5,LED100342,2023-12-01,2023-12-01,199.0,199.0,0.0,0.0,UPI/BILLDESKRECHARGE,UPI PAYMENT/BILLDESKRECHARGE,Matched,Exact amount + date + transaction type,95,High,No,No duplicate candidate
014c4796-9ad0-473d-83bb-357fcea8e152,LED100343,2023-12-01,2023-12-01,250.0,250.0,0.0,0.0,UPI/33354,UPI PAYMENT/33354,Matched,Exact amount + date + transaction type,95,High,No,No duplicate candidate
8a2f5e55-dfdd-427f-8870-0150f68cc498,LED100344,2023-12-02,2023-12-02,600.0,600.0,0.0,0.0,NEFT,NEFT PAYMENT,Matched,Exact reference + amount + date + type,100,High,No,No duplicate candidate
53009bee-6c73-4d5d-958f-b3258f552391,LED100345,2023-12-02,2023-12-02,500.0,500.0,0.0,0.0,UPI/3702,UPI PAYMENT/3702,Matched,Exact amount + date + transaction type,95,High,No,No duplicate candidate
b6c5da26-8ed8-49c5-ba4a-bf31127ce418,LED100346,2023-12-02,2023-12-02,40.0,40.0,0.0,0.0,UPI/33369,UPI PAYMENT/33369,Matched,Exact amount + date + transaction type,95,High,No,No duplicate candidate
67290c96-fe8b-44b2-9ab3-4c4b3b046cb7,LED100347,2023-12-03,2023-12-03,1450.0,1450.0,0.0,0.0,NEFT,NEFT PAYMENT,Matched,Exact reference + amount + date + type,100,High,No,No duplicate candidate
942d6886-8012-4678-93a2-b100cbd039f5,,2023-12-03,,1000.0,,,,UPI/3703,,Unmatched Bank Transaction,No suitable ledger transaction found,0,Low,No,No duplicate candidate
048a160c-23ad-481e-a0ff-578c6fa5691a,LED100349,2023-12-04,2023-12-04,900.0,900.0,0.0,0.0,NEFT,NEFT PAYMENT,Matched,Exact reference + amount + date + type,100,High,No,No duplicate candidate
7e563d6a-9bd2-4e92-98d6-d1d5198fcd77,LED100350,2023-12-04,2023-12-04,239.0,239.0,0.0,0.0,UPI/BILLDESKRECHARGE,UPI PAYMENT/BILLDESKRECHARGE,Matched,Exact amount + date + transaction type,95,High,No,No duplicate candidate
9cffe60a-004d-4301-be5d-65fec77679d4,LED100351,2023-12-04,2023-12-04,1550.0,1550.0,0.0,0.0,UPI/37044,UPI PAYMENT/37044,Matched,Exact amount + date + transaction type,95,High,No,No duplicate candidate
235cd63f-42dc-4c6c-937d-5edceea0515a,LED100352,2023-12-05,2023-12-05,7560.0,7560.0,0.0,0.0,NEFT,NEFT PAYMENT,Matched,Exact reference + amount + date + type,100,High,No,No duplicate candidate
fbcbe993-694a-41b5-af91-b8849e09696d,LED100353,2023-12-05,2023-12-05,60.0,61.2,1.2,0.0,UPI/PAYTM,UPI PAYMENT/PAYTM,Amount Mismatch,Description similarity 100% but amount differs by ₹1.20,80,Medium,No,No duplicate candidate
069c0e2e-c49f-4381-b345-9fa78ad7005f,LED100354,2023-12-05,2023-12-05,13000.0,13000.0,0.0,0.0,UPI/BHARATPE,UPI PAYMENT/BHARATPE,Matched,Exact amount + date + transaction type,95,High,No,No duplicate candidate
9407b42d-53e7-482b-a58e-bace37332a4a,LED100355,2023-12-05,2023-12-05,200.0,200.0,0.0,0.0,UPI/33395,UPI PAYMENT/33395,Matched,Exact amount + date + transaction type,95,High,No,No duplicate candidate
8c80c555-956d-49d3-99f6-b69bf42fa411,LED100356,2023-12-06,2023-12-06,138.0,138.0,0.0,0.0,UPI/37063,UPI PAYMENT/37063,Matched,Exact amount + date + transaction type,95,High,No,No duplicate candidate
4840038d-9187-4690-9906-5e43c57e89e3,LED100357,2023-12-07,2023-12-07,150.0,150.0,0.0,0.0,UPI/3707,UPI PAYMENT/3707,Matched,Exact amount + date + transaction type,95,High,No,No duplicate candidate
6d952ab3-15ac-4eb6-8b62-a0359ab885b6,LED100358,2023-12-07,2023-12-07,18.0,18.0,0.0,0.0,UPI/33416,UPI PAYMENT/33416,Matched,Exact amount + date + transaction type,95,High,No,No duplicate candidate
c1bafebb-16c3-4b5f-a04f-84120657b604,LED100359,2023-12-07,2023-12-08,70.0,70.0,0.0,1.0,UPI/37071,UPI PAYMENT/37071,Timing Difference,"Amount + type match, date difference 1 day(s), description similarity 100%",80,Medium,No,No duplicate candidate
f440e241-295e-4d32-a083-38ba7ef51113,LED100360,2023-12-08,2023-12-08,1630.0,1630.0,0.0,0.0,NEFT,NEFT PAYMENT,Matched,Exact reference + amount + date + type,100,High,No,No duplicate candidate
a4235b82-f486-4a3e-b916-06be83f5f799,LED100361,2023-12-08,2023-12-08,40.0,40.0,0.0,0.0,UPI/GPAY,UPI PAYMENT/GPAY,Potential Match,Amount + type match with description similarity 100%,85,Medium,No,No duplicate candidate
2e3bed8e-65ec-4ea4-99ad-01a8874875d5,LED100362,2023-12-08,2023-12-08,35.0,35.0,0.0,0.0,UPI/PAYTMnp,UPI PAYMENT/PAYTMNP,Matched,Exact amount + date + transaction type,95,High,No,No duplicate candidate
3640935a-3ece-4d18-8870-c57f78152f20,LED100363,2023-12-09,2023-12-09,210.0,210.0,0.0,0.0,NEFT,NEFT PAYMENT,Matched,Exact reference + amount + date + type,100,High,No,No duplicate candidate
8ec29c92-1ba8-46a2-8d4f-a366ba1af469,LED100364,2023-12-09,2023-12-09,120.0,120.0,0.0,0.0,UPI/37090,UPI PAYMENT/37090,Matched,Exact amount + date + transaction type,95,High,No,No duplicate candidate
17e18e42-31d4-486a-8b20-992584eecf4f,LED100365,2023-12-09,2023-12-08,40.0,40.0,0.0,-1.0,UPI/33430,UPI PAYMENT/33430,Timing Difference,"Amount + type match, date difference 1 day(s), description similarity 100%",80,Medium,No,No duplicate candidate
dc1772d9-fcab-47f0-8577-4dfafb04b996,LED100366,2023-12-10,2023-12-10,450.0,450.0,0.0,0.0,NEFT,NEFT PAYMENT,Matched,Exact reference + amount + date + type,100,High,No,No duplicate candidate
8cd2ad3f-fa1b-4f03-8fc2-a4f280b5dc67,LED100367,2023-12-10,2023-12-10,10.0,10.0,0.0,0.0,UPI/3710,UPI PAYMENT/3710,Matched,Exact amount + date + transaction type,95,High,No,No duplicate candidate
acc4f7ef-860b-4467-a566-94afb81e865f,LED100368,2023-12-10,2023-12-10,5.0,5.0,0.0,0.0,UPI/37101-,UPI PAYMENT/37101-,Matched,Exact amount + date + transaction type,95,High,No,No duplicate candidate
8a6d2118-2ffb-4bf2-a909-bb18224dc396,LED100369,2023-12-11,2023-12-11,2300.0,2300.0,0.0,0.0,NEFT,NEFT PAYMENT,Matched,Exact reference + amount + date + type,100,High,No,No duplicate candidate
1525ce13-ba65-4d9c-9b70-512ff424ee7a,LED100370,2023-12-11,2023-12-11,30.0,30.0,0.0,0.0,UPI/33458,UPI PAYMENT/33458,Matched,Exact amount + date + transaction type,95,High,No,No duplicate candidate
824eedf2-cdec-4fa4-a64e-2571db8c400b,LED100371,2023-12-12,2023-12-12,400.0,400.0,0.0,0.0,NEFT,NEFT PAYMENT,Matched,Exact reference + amount + date + type,100,High,No,No duplicate candidate
8808c52c-487f-4c1a-a174-030cebd5dd51,LED100372,2023-12-12,2023-12-12,239.0,239.0,0.0,0.0,UPI/BILLDESKRECHARGE,UPI PAYMENT/BILLDESKRECHARGE,Matched,Exact amount + date + transaction type,95,High,No,No duplicate candidate
89d35324-ffed-4553-ae23-fe785440b61c,LED100373,2023-12-13,2023-12-13,2150.0,2150.0,0.0,0.0,NEFT,NEFT PAYMENT,Matched,Exact reference + amount + date + type,100,High,No,No duplicate candidate
a59ffb85-69d7-4c1d-b194-32d1c1d21160,LED100374,2023-12-13,2023-12-13,55.0,55.0,0.0,0.0,UPI/37133,UPI PAYMENT/37133,Matched,Exact amount + date + transaction type,95,High,No,No duplicate candidate
e5f9a203-43cf-45d0-9ee7-13b83ebc7c5a,LED100375,2023-12-13,2023-12-13,300.0,300.0,0.0,0.0,UPI/BHARATPE,UPI PAYMENT/BHARATPE,Matched,Exact amount + date + transaction type,95,High,No,No duplicate candidate
66ac8fe7-7c35-4ff3-afb1-42b4417e335c,LED100376,2023-12-13,2023-12-13,195.0,195.0,0.0,0.0,UPI/37136,UPI PAYMENT/37136,Matched,Exact amount + date + transaction type,95,High,No,No duplicate candidate
50944c66-968b-4497-83e0-e6851e0cc277,LED100377,2023-12-14,2023-12-14,550.0,550.0,0.0,0.0,NEFT,NEFT PAYMENT,Matched,Exact reference + amount + date + type,100,High,No,No duplicate candidate
eb6c2f3d-fda7-4f6e-b1b5-1da1e8c31e0c,LED100378,2023-12-14,2023-12-14,10.0,10.0,0.0,0.0,UPI/33481,UPI PAYMENT/33481,Matched,Exact amount + date + transaction type,95,High,No,No duplicate candidate
d2487a4d-ff70-479d-b733-e05dcc85e312,LED100379,2023-12-14,2023-12-14,2000.0,2000.0,0.0,0.0,UPI/37144,UPI PAYMENT/37144,Matched,Exact amount + date + transaction type,95,High,No,No duplicate candidate
da2103a4-9c9e-4c6a-85a1-52c3b4183238,LED100380,2023-12-15,2023-12-15,30.0,30.0,0.0,0.0,UPI/37157,UPI PAYMENT/37157,Matched,Exact amount + date + transaction type,95,High,No,No duplicate candidate
17ad766b-af37-40c5-b682-d7dcf5c477f0,LED100381,2023-12-16,2023-12-16,700.0,700.0,0.0,0.0,NEFT,NEFT PAYMENT,Matched,Exact reference + amount + date + type,100,High,No,No duplicate candidate
8bc13a32-b96d-48cc-b3f4-44347d2bfa51,LED100382,2023-12-16,2023-12-16,30.0,30.0,0.0,0.0,UPI/GPAY,UPI PAYMENT/GPAY,Matched,Exact amount + date + transaction type,95,High,No,No duplicate candidate
61394046-351b-4ec4-a76c-d22a1ce7a56e,LED100383,2023-12-16,2023-12-16,500.0,500.0,0.0,0.0,UPI/33502,UPI PAYMENT/33502,Matched,Exact amount + date + transaction type,95,High,No,No duplicate candidate
1cb1dd5c-9dcd-42b2-b64d-e346ef69d09d,LED100384,2023-12-17,2023-12-17,1100.0,1100.0,0.0,0.0,NEFT,NEFT PAYMENT,Matched,Exact reference + amount + date + type,100,High,No,No duplicate candidate
1bd57b7d-e4d7-4c38-ba41-4217b0e19660,LED100385,2023-12-17,2023-12-17,500.0,500.0,0.0,0.0,UPI/33518,UPI PAYMENT/33518,Matched,Exact amount + date + transaction type,95,High,No,No duplicate candidate
0012eaa8-368a-4e35-b3c0-a95b33e8cd96,LED100386,2023-12-17,2023-12-17,120.0,120.0,0.0,0.0,UPI/37176,UPI PAYMENT/37176,Matched,Exact amount + date + transaction type,95,High,No,No duplicate candidate
d435bb20-9bd2-414a-bf2c-5e4f55769f08,LED100387,2023-12-17,2023-12-17,20.0,20.0,0.0,0.0,UPI/33519,UPI PAYMENT/33519,Matched,Exact amount + date + transaction type,95,High,No,No duplicate candidate
738ed782-9779-4e4d-a0ff-018c97d91632,LED100388,2023-12-17,2023-12-17,30.0,30.0,0.0,0.0,UPI/3717,UPI PAYMENT/3717,Matched,Exact amount + date + transaction type,95,High,No,No duplicate candidate
2fac0273-e8a0-4ede-ba72-406f9b86361e,LED100389,2023-12-18,2023-12-18,1150.0,1150.0,0.0,0.0,NEFT,NEFT PAYMENT,Matched,Exact reference + amount + date + type,100,High,No,No duplicate candidate
74391594-4b0a-4e9d-8349-9bb8270850f0,LED100390,2023-12-18,2023-12-18,1300.0,1300.0,0.0,0.0,UPI/37185/,UPI PAYMENT/37185/,Matched,Exact amount + date + transaction type,95,High,No,No duplicate candidate
4d7c974b-2ebd-40b9-ab59-6fe7d3209753,LED100391,2023-12-18,2023-12-18,1820.0,1820.0,0.0,0.0,IMPS,IMPS PAYMENT,Matched,Exact amount + date + transaction type,95,High,No,No duplicate candidate
8b6884ea-2f8e-42e1-ab66-0145777135bb,LED100392,2023-12-19,2023-12-19,40.0,40.0,0.0,0.0,UPI/PAYTMgp,UPI PAYMENT/PAYTMGP,Matched,Exact amount + date + transaction type,95,High,No,No duplicate candidate
cab97d3e-5468-4e30-bbfd-3067cfb83384,LED100393,2023-12-19,2023-12-19,500.0,500.0,0.0,0.0,UPI/33535,UPI PAYMENT/33535,Matched,Exact amount + date + transaction type,95,High,No,No duplicate candidate
6c999f83-d09c-4d71-864f-64c31fde893a,LED100394,2023-12-19,2023-12-19,25.0,25.0,0.0,0.0,UPI/PAYTMvp,UPI PAYMENT/PAYTMVP,Matched,Exact amount + date + transaction type,95,High,No,No duplicate candidate
fa0a0894-4dbe-46d1-b601-aedc49fd803a,LED100395,2023-12-20,2023-12-20,1100.0,1100.0,0.0,0.0,NEFT,NEFT PAYMENT,Matched,Exact reference + amount + date + type,100,High,No,No duplicate candidate
27da12ab-450e-4b8c-b7e2-34e090da6f25,LED100396,2023-12-20,2023-12-20,900.0,900.0,0.0,0.0,UPI/37208,UPI PAYMENT/37208,Matched,Exact amount + date + transaction type,95,High,No,No duplicate candidate
e24aee89-6149-4ac9-89eb-76eb8503c08d,LED100397,2023-12-21,2023-12-21,1175.51,1175.51,0.0,0.0,NEFT,NEFT PAYMENT,Matched,Exact reference + amount + date + type,100,High,No,No duplicate candidate
d06f3238-931b-4299-87a6-0fed0b5c1ce1,LED100398,2023-12-21,2023-12-21,300.0,300.0,0.0,0.0,,,Matched,Exact amount + date + transaction type,95,High,No,No duplicate candidate
1dca6210-82bd-4786-888d-eab1f5510d35,LED100399,2023-12-21,2023-12-21,500.0,490.0,-10.0,0.0,UPI/37210,UPI PAYMENT/37210,Amount Mismatch,Description similarity 100% but amount differs by ₹10.00,80,Medium,No,No duplicate candidate
a4ed9eb6-61da-4cf5-ae2b-c82f01d92ae5,LED100400,2023-12-22,2023-12-22,2440.0,2440.0,0.0,0.0,NEFT,NEFT PAYMENT,Matched,Exact reference + amount + date + type,100,High,No,No duplicate candidate
ad3456cf-708e-42c3-a4ab-0e1b010b78ba,LED100401,2023-12-22,2023-12-22,30.0,30.0,0.0,0.0,UPI/37227,UPI PAYMENT/37227,Matched,Exact amount + date + transaction type,95,High,No,No duplicate candidate
f8d5c5ec-f06b-4077-ab4a-d9654f079fdd,LED100402,2023-12-22,2023-12-22,25.0,25.0,0.0,0.0,UPI/37226,UPI PAYMENT/37226,Matched,Exact amount + date + transaction type,95,High,No,No duplicate candidate
bb67ffaf-673e-4001-88a8-3fe5525e8547,LED100403,2023-12-23,2023-12-23,2730.0,2730.0,0.0,0.0,NEFT,NEFT PAYMENT,Matched,Exact amount + date + transaction type,95,High,No,No duplicate candidate
78842830-5518-49e4-98d7-1d18237b8900,LED100404,2023-12-23,2023-12-24,240.9,240.9,0.0,1.0,UPI/EURONETGPAY,UPI PAYMENT/EURONETGPAY,Timing Difference,"Amount + type match, date difference 1 day(s), description similarity 100%",80,Medium,No,No duplicate candidate
1379293d-e6de-490d-a4c8-c8ccbc222f55,LED100405,2023-12-23,2023-12-23,15.0,15.0,0.0,0.0,UPI/GPAYBILLREACHARGE,UPI PAYMENT/GPAYBILLREACHARGE,Matched,Exact amount + date + transaction type,95,High,No,No duplicate candidate
c4c402ee-91b0-4c1b-b343-cd5d4b6ad4b4,LED100406,2023-12-24,2023-12-24,800.0,800.0,0.0,0.0,NEFT,NEFT PAYMENT,Matched,Exact reference + amount + date + type,100,High,No,No duplicate candidate
11492697-fa31-47ab-a78d-cc61497d4aa5,LED100407,2023-12-24,2023-12-24,55.0,55.0,0.0,0.0,UPI/37249,UPI PAYMENT/37249,Matched,Exact amount + date + transaction type,95,High,No,No duplicate candidate
66741393-18f7-4753-9623-6b0e092077eb,LED100408,2023-12-24,2023-12-24,3000.0,3000.0,0.0,0.0,UPI/33584,UPI PAYMENT/33584,Matched,Exact amount + date + transaction type,95,High,No,No duplicate candidate
5028b245-0d4b-4efc-afb5-167c28362579,LED100409,2023-12-24,2023-12-24,500.0,500.0,0.0,0.0,UPI/33586,UPI PAYMENT/33586,Potential Match,Amount + type match with description similarity 100%,85,Medium,No,No duplicate candidate
852f4b65-53cf-40b6-96c7-d6fd5175cbae,LED100410,2023-12-24,2023-12-24,500.0,500.0,0.0,0.0,UPI/37240,UPI PAYMENT/37240,Matched,Exact amount + date + transaction type,95,High,No,No duplicate candidate
4fbf0fac-deec-4188-a05b-35cbf08cef1a,LED100411,2023-12-24,2023-12-24,100.0,100.0,0.0,0.0,UPI/BHARATPE6,UPI PAYMENT/BHARATPE6,Matched,Exact amount + date + transaction type,95,High,No,No duplicate candidate
a95a11cb-13da-4251-87ba-0e756e454568,LED100412,2023-12-25,2023-12-25,1000.0,1000.0,0.0,0.0,UPI/37256,UPI PAYMENT/37256,Matched,Exact amount + date + transaction type,95,High,No,No duplicate candidate
0023242d-1db9-4e07-8220-f9641e53f407,LED100413,2023-12-25,2023-12-25,700.0,700.0,0.0,0.0,UPI/33597,UPI PAYMENT/33597,Matched,Exact amount + date + transaction type,95,High,No,No duplicate candidate
5b80c7f9-951b-438f-952c-47221d453adb,LED100414,2023-12-25,2023-12-25,1.0,1.0,0.0,0.0,UPI/33592/goog-payment,UPI PAYMENT/33592/GOOG-PAYMENT,Matched,Exact amount + date + transaction type,95,High,No,No duplicate candidate
9ccad65c-9862-4d10-9f9b-7d23080cb7b1,LED100415,2023-12-25,2023-12-25,2400.0,2400.0,0.0,0.0,UPI/33594,UPI PAYMENT/33594,Matched,Exact amount + date + transaction type,95,High,No,No duplicate candidate
180cf57a-a5c1-499f-b244-c1a7f947fd02,LED100416,2023-12-25,2023-12-25,2520.0,2520.0,0.0,0.0,UPI/37252,UPI PAYMENT/37252,Matched,Exact amount + date + transaction type,95,High,No,No duplicate candidate
88dc08eb-4d59-49dd-b0aa-e78d9add4e2c,LED100417,2023-12-26,2023-12-26,850.0,850.0,0.0,0.0,NEFT,NEFT PAYMENT,Matched,Exact reference + amount + date + type,100,High,No,No duplicate candidate
1e037adf-c2e8-49c6-a9f7-2b73bbdc34cc,LED100418,2023-12-27,2023-12-27,200.0,200.0,0.0,0.0,NEFT,NEFT PAYMENT,Matched,Exact reference + amount + date + type,100,High,No,No duplicate candidate
639e951c-916f-4215-953c-97d751ce6ed8,LED100419,2023-12-27,2023-12-27,240.9,240.9,0.0,0.0,UPI/EURONETGPAY,UPI PAYMENT/EURONETGPAY,Matched,Exact amount + date + transaction type,95,High,No,No duplicate candidate
24c9cfcd-9ea9-411f-85df-98faebff3b25,LED100420,2023-12-27,2023-12-27,5000.0,5000.0,0.0,0.0,UPI/33610,UPI PAYMENT/33610,Matched,Exact amount + date + transaction type,95,High,No,No duplicate candidate
9a3605e0-3524-4ec7-83da-85fb7675ebb9,LED100421,2023-12-27,2023-12-27,500.0,500.0,0.0,0.0,UPI/37273,UPI PAYMENT/37273,Matched,Exact amount + date + transaction type,95,High,No,No duplicate candidate
193526b9-3727-4792-94a4-db19dd9f5ea7,LED100422,2023-12-27,2023-12-27,500.0,475.0,-25.0,0.0,UPI/33613,UPI PAYMENT/33613,Amount Mismatch,Description similarity 100% but amount differs by ₹25.00,80,Medium,No,No duplicate candidate
7f1d2a75-1a8b-436a-be96-06bb383a7153,LED100423,2023-12-27,2023-12-27,15.0,15.0,0.0,0.0,UPI/3727,UPI PAYMENT/3727,Matched,Exact amount + date + transaction type,95,High,No,No duplicate candidate
862ad5d8-cf18-4308-a3e6-4c7bc06c34df,LED100424,2023-12-28,2023-12-28,228.0,228.0,0.0,0.0,NEFT,NEFT PAYMENT,Matched,Exact reference + amount + date + type,100,High,No,No duplicate candidate
6bc28a65-1437-4c07-aa79-c9b563bc5265,LED100425,2023-12-28,2023-12-28,20.0,20.0,0.0,0.0,UPI/3728,UPI PAYMENT/3728,Matched,Exact amount + date + transaction type,95,High,No,No duplicate candidate
62254c56-0884-4f06-bf06-2bc1264348b3,LED100426,2023-12-29,2023-12-29,550.0,550.0,0.0,0.0,NEFT,NEFT PAYMENT,Matched,Exact reference + amount + date + type,100,High,No,No duplicate candidate
237a72cd-64e9-4ae3-92a1-c7eba58fa216,,2023-12-29,,10.0,,,,UPI/3729,,Unmatched Bank Transaction,No suitable ledger transaction found,0,Low,No,No duplicate candidate
62202a0c-8ad2-4b14-ac71-f60b6d75f61e,LED100428,2023-12-30,2023-12-30,500.0,500.0,0.0,0.0,UPI/33647,UPI PAYMENT/33647,Matched,Exact amount + date + transaction type,95,High,No,No duplicate candidate
4137df5c-c8b0-4f8c-b0ff-a0618ab05e36,LED100429,2023-12-30,2023-12-30,78.0,79.56,1.56,0.0,UPI/3730,UPI PAYMENT/3730,Amount Mismatch,Description similarity 100% but amount differs by ₹1.56,80,Medium,No,No duplicate candidate
aa0dcff2-c956-46a6-96ce-efbdf01d5d9b,LED100430,2023-12-31,2023-12-31,1059.0,1059.0,0.0,0.0,NEFT,NEFT PAYMENT,Matched,Exact reference + amount + date + type,100,High,No,No duplicate candidate
55476aac-ad49-4aaf-84b8-95c06cfe2b22,LED100431,2023-12-31,2023-12-31,700.0,700.0,0.0,0.0,UPI/3731,UPI PAYMENT/3731,Matched,Exact amount + date + transaction type,95,High,No,No duplicate candidate
e5c67e48-2712-413e-a53d-6dd9996e11ae,LED100432,2024-01-01,2024-01-01,250.0,250.0,0.0,0.0,NEFT,NEFT PAYMENT,Matched,Exact reference + amount + date + type,100,High,No,No duplicate candidate
b20c5a06-a9ec-4f85-b905-f5f595851a46,LED100433,2024-01-01,2024-01-01,5000.0,5000.0,0.0,0.0,UPI/4367,UPI PAYMENT/4367,Matched,Exact amount + date + transaction type,95,High,No,No duplicate candidate
2996bcc7-9f66-4df3-8e7c-09a8fa75163a,LED100434,2024-01-01,2024-01-01,900.0,900.0,0.0,0.0,IMPS,IMPS PAYMENT,Matched,Exact amount + date + transaction type,95,High,No,No duplicate candidate
45bd7eda-edf6-4d6a-abef-ca41658bb597,LED100435,2024-01-01,2024-01-01,1720.0,1720.0,0.0,0.0,UPI/43677,UPI PAYMENT/43677,Matched,Exact amount + date + transaction type,95,High,No,No duplicate candidate
198742d6-1048-43de-aa4e-41cc27c472e0,LED100436,2024-01-01,2024-01-01,120.0,120.0,0.0,0.0,UPI/40013/,UPI PAYMENT/40013/,Matched,Exact amount + date + transaction type,95,High,No,No duplicate candidate
c15cb3cc-f7f3-4876-a2d1-55bbdea480f0,LED100437,2024-01-01,2024-01-01,3375.0,3375.0,0.0,0.0,UPI/43672,UPI PAYMENT/43672,Matched,Exact amount + date + transaction type,95,High,No,No duplicate candidate
cf816ca2-9fc0-4e43-b8ce-6e8a8f22211c,LED100438,2024-01-02,2024-01-02,500.0,500.0,0.0,0.0,UPI/43681,UPI PAYMENT/43681,Matched,Exact amount + date + transaction type,95,High,No,No duplicate candidate
8ee308dd-abf8-4647-a620-446e808ed0ef,LED100439,2024-01-02,2024-01-02,60.0,60.0,0.0,0.0,UPI/43683,UPI PAYMENT/43683,Matched,Exact amount + date + transaction type,95,High,No,No duplicate candidate
451c2fc7-caaa-43e6-a9d9-f1fef5f04fd5,LED100440,2024-01-02,2024-01-02,250.0,250.0,0.0,0.0,UPI/43685,UPI PAYMENT/43685,Matched,Exact amount + date + transaction type,95,High,No,No duplicate candidate
5d37f0e9-2445-4da1-8f90-9db6918dffb7,LED100441,2024-01-03,2024-01-03,70.0,70.0,0.0,0.0,NEFT,NEFT PAYMENT,Matched,Exact reference + amount + date + type,100,High,No,No duplicate candidate
5f4d9d8c-ad15-4521-a4ef-78ce8a7bc41f,LED100442,2024-01-03,2024-01-03,20.0,20.0,0.0,0.0,UPI/43699,UPI PAYMENT/43699,Matched,Exact amount + date + transaction type,95,High,No,No duplicate candidate
1862c07d-6102-47a5-8cfe-9be7d7ac500f,LED100443,2024-01-04,2024-01-04,600.0,600.0,0.0,0.0,NEFT,NEFT PAYMENT,Matched,Exact reference + amount + date + type,100,High,No,No duplicate candidate
f7cdffdc-88ab-4e12-a0cd-fc8afb8cedcf,LED100444,2024-01-04,2024-01-04,1500.0,1500.0,0.0,0.0,UPI/BHARATPE,UPI PAYMENT/BHARATPE,Matched,Exact amount + date + transaction type,95,High,No,No duplicate candidate
ab016bb8-dfba-4171-8adf-2e4737c99d8b,LED100445,2024-01-04,2024-01-04,241.0,241.0,0.0,0.0,UPI/JIOINAPPDIRECT/,UPI PAYMENT/JIOINAPPDIRECT/,Matched,Exact amount + date + transaction type,95,High,No,No duplicate candidate
1115107b-8f3c-4048-a6bf-cd73d8ca2315,LED100446,2024-01-06,2024-01-06,550.0,550.0,0.0,0.0,NEFT,NEFT PAYMENT,Matched,Exact reference + amount + date + type,100,High,No,No duplicate candidate
4d94c4b0-086b-4f5c-a7c7-fd861ef2a2f6,LED100447,2024-01-06,2024-01-06,1500.0,1500.0,0.0,0.0,UPI/PAYTMUP,UPI PAYMENT/PAYTMUP,Matched,Exact amount + date + transaction type,95,High,No,No duplicate candidate
ce4a5a75-f6f6-469f-a474-6af88d46068a,LED100448,2024-01-08,2024-01-08,2100.0,2100.0,0.0,0.0,NEFT,NEFT PAYMENT,Matched,Exact reference + amount + date + type,100,High,No,No duplicate candidate
f8d997e5-7366-4a8f-bdd2-db5f3255c418,LED100449,2024-01-08,2024-01-08,500.0,500.0,0.0,0.0,UPI/43747/,UPI PAYMENT/43747/,Potential Match,Amount + type match with description similarity 100%,85,Medium,No,No duplicate candidate
714a7169-2cb5-4d1b-b862-26ee6df6534f,LED100450,2024-01-08,2024-01-08,500.0,500.0,0.0,0.0,UPI/40084/,UPI PAYMENT/40084/,Matched,Exact amount + date + transaction type,95,High,No,No duplicate candidate
ea3b8828-50eb-4c18-826d-badcc15f5f44,LED100451,2024-01-08,2024-01-08,200.0,200.0,0.0,0.0,UPI/40086/,UPI PAYMENT/40086/,Matched,Exact amount + date + transaction type,95,High,No,No duplicate candidate
04a2fd59-6e28-4bea-841b-eb19416faace,LED100452,2024-01-09,2024-01-09,240.9,240.9,0.0,0.0,UPI/EURONETGPAY,UPI PAYMENT/EURONETGPAY,Matched,Exact amount + date + transaction type,95,High,No,No duplicate candidate
0bf5340d-2711-4f50-971d-0f218701732f,LED100453,2024-01-09,2024-01-09,15.0,15.0,0.0,0.0,UPI/GPAYBILLREACHARGE,UPI PAYMENT/GPAYBILLREACHARGE,Matched,Exact amount + date + transaction type,95,High,No,No duplicate candidate
02fb796f-83a5-4935-bd8a-94a2d5545f0c,LED100454,2024-01-09,2024-01-09,300.0,300.0,0.0,0.0,UPI/GPAY,UPI PAYMENT/GPAY,Matched,Exact amount + date + transaction type,95,High,No,No duplicate candidate
264fc9ff-d326-4ff3-b453-23596ce53c7a,LED100455,2024-01-10,2024-01-10,790.0,790.0,0.0,0.0,NEFT,NEFT PAYMENT,Matched,Exact reference + amount + date + type,100,High,No,No duplicate candidate
fefda690-3a17-4220-83c2-9efa5f59b365,LED100456,2024-01-10,2024-01-10,500.0,500.0,0.0,0.0,UPI/40101,UPI PAYMENT/40101,Matched,Exact amount + date + transaction type,95,High,No,No duplicate candidate
70b8c222-792d-4db2-a7b4-f1922e0ac67b,LED100457,2024-01-10,2024-01-10,140.0,140.0,0.0,0.0,UPI/40108,UPI PAYMENT/40108,Matched,Exact amount + date + transaction type,95,High,No,No duplicate candidate
acf395c0-4bf7-4767-8821-e0a099972b69,LED100458,2024-01-10,2024-01-10,1.0,1.0,0.0,0.0,UPI/4376,UPI PAYMENT/4376,Matched,Exact amount + date + transaction type,95,High,No,No duplicate candidate
ed0cd356-1ae5-43f4-8178-c22ff9fe61ed,LED100459,2024-01-10,2024-01-10,1999.0,1999.0,0.0,0.0,UPI/4376,UPI PAYMENT/4376,Matched,Exact amount + date + transaction type,95,High,No,No duplicate candidate
a9ff7b75-7cac-4d51-9e3b-2d78c9af1965,LED100460,2024-01-11,2024-01-11,1000.0,1000.0,0.0,0.0,UPI/43775,UPI PAYMENT/43775,Matched,Exact amount + date + transaction type,95,High,No,No duplicate candidate
62c9d5e2-428e-4a79-bd11-92d8f07db62c,LED100461,2024-01-12,2024-01-12,470.0,470.0,0.0,0.0,NEFT,NEFT PAYMENT,Matched,Exact reference + amount + date + type,100,High,No,No duplicate candidate
c7cbcd85-01cf-4dc9-b995-fccb5906ff33,LED100462,2024-01-12,2024-01-12,110.0,110.0,0.0,0.0,UPI/43787,UPI PAYMENT/43787,Matched,Exact amount + date + transaction type,95,High,No,No duplicate candidate
e96afe40-f953-486a-8a3b-e031a1901448,LED100463,2024-01-12,2024-01-12,690.0,724.5,34.5,0.0,IMPS,IMPS PAYMENT,Amount Mismatch,Description similarity 100% but amount differs by ₹34.50,80,Medium,No,No duplicate candidate
3fe91676-7889-4829-a932-6d8b2755cb08,LED100464,2024-01-12,2024-01-12,220.0,220.0,0.0,0.0,UPI/40123,UPI PAYMENT/40123,Matched,Exact amount + date + transaction type,95,High,No,No duplicate candidate
4e5f8715-5a80-43d6-bf83-56a26a12d55d,LED100465,2024-01-13,2024-01-13,500.0,500.0,0.0,0.0,UPI/43791,UPI PAYMENT/43791,Matched,Exact amount + date + transaction type,95,High,No,No duplicate candidate
7e3b7c17-647b-45b7-8baf-79d338c2a6fd,LED100466,2024-01-13,2024-01-13,350.0,350.0,0.0,0.0,UPI/PAYTM,UPI PAYMENT/PAYTM,Matched,Exact amount + date + transaction type,95,High,No,No duplicate candidate
c1795188-ceec-4f70-a41f-b54e5ca02f5d,LED100467,2024-01-13,2024-01-13,100.0,100.0,0.0,0.0,UPI/40135,UPI PAYMENT/40135,Matched,Exact amount + date + transaction type,95,High,No,No duplicate candidate
2d13afe7-357d-425c-a331-09ce27110425,LED100468,2024-01-14,2024-01-14,290.0,290.0,0.0,0.0,NEFT,NEFT PAYMENT,Matched,Exact reference + amount + date + type,100,High,No,No duplicate candidate
f5e5f32a-7d3e-427d-a391-3c8ede50d9c5,LED100497,2024-01-14,2024-01-28,15.0,15.0,0.0,14.0,UPI/BILLDESKRECHARGE,UPI PAYMENT/BILLDESKRECHARGE,Potential Match,Same amount + high description similarity 100% but date differs by 14 days,60,Low,No,No duplicate candidate
21b1114b-b2dd-46c5-b71d-7b261bc4fb63,LED100470,2024-01-15,2024-01-15,110.0,110.0,0.0,0.0,UPI/43817,UPI PAYMENT/43817,Matched,Exact amount + date + transaction type,95,High,No,No duplicate candidate
d070801c-7401-4b6f-bc6f-33a8e5a840f1,LED100471,2024-01-15,2024-01-15,80.0,80.0,0.0,0.0,UPI/43811,UPI PAYMENT/43811,Matched,Exact amount + date + transaction type,95,High,No,No duplicate candidate
1b937e4f-f0f1-41d8-9dad-ec57557ffef6,LED100769,2024-01-16,2024-04-20,1500.0,1450.0,-50.0,95.0,NEFT,NEFT PAYMENT,Amount Mismatch,Description similarity 100% but amount differs by ₹50.00,80,Medium,No,No duplicate candidate
55b413a1-929e-418d-b353-f3867142573c,LED100473,2024-01-16,2024-01-16,10.0,10.0,0.0,0.0,UPI/43824,UPI PAYMENT/43824,Matched,Exact amount + date + transaction type,95,High,No,No duplicate candidate
a1143671-1045-46d8-8f37-fe367402e90e,LED100474,2024-01-16,2024-01-16,150.0,150.0,0.0,0.0,UPI/40168/,UPI PAYMENT/40168/,Matched,Exact amount + date + transaction type,95,High,No,No duplicate candidate
0da5a399-c646-4b72-aa52-8d009ca1a91c,LED100475,2024-01-17,2024-01-17,10.0,10.0,0.0,0.0,UPI/GPAY,UPI PAYMENT/GPAY,Potential Match,Amount + type match with description similarity 100%,85,Medium,No,No duplicate candidate
45778d12-35b5-412d-b6e4-ef3882626971,LED100476,2024-01-17,2024-01-17,10.0,10.0,0.0,0.0,UPI/4383,UPI PAYMENT/4383,Matched,Exact amount + date + transaction type,95,High,No,No duplicate candidate
2e32ecbb-f985-43d6-8993-a41220da1f0a,LED100477,2024-01-18,2024-01-18,300.0,300.0,0.0,0.0,UPI/43846,UPI PAYMENT/43846,Matched,Exact amount + date + transaction type,95,High,No,No duplicate candidate
7fa370c4-156e-413a-a692-e597f5ce0483,LED100478,2024-01-18,2024-01-18,15.0,15.0,0.0,0.0,Gpay BILL Payment,GPAY BILL PAYMENT,Matched,Exact amount + date + transaction type,95,High,No,No duplicate candidate
e785ff49-b468-4823-a5ef-e441e86f9b6f,LED100479,2024-01-19,2024-01-19,240.9,240.9,0.0,0.0,UPI/EURONETGPAY,UPI PAYMENT/EURONETGPAY,Potential Match,Amount + type match with description similarity 100%,85,Medium,Yes,Duplicate candidate detected
a52446ee-379a-4d3f-9ea2-b77924d94cb1,LED100480,2024-01-19,2024-01-19,500.0,500.0,0.0,0.0,UPI/43857/,UPI PAYMENT/43857/,Matched,Exact amount + date + transaction type,95,High,No,No duplicate candidate
4a553536-d496-4f81-9e10-ee18ecbc34dc,LED100481,2024-01-19,2024-01-19,155.0,155.0,0.0,0.0,UPI/43856/,UPI PAYMENT/43856/,Matched,Exact amount + date + transaction type,95,High,No,No duplicate candidate
3643d209-2c06-4e4c-870f-ba26700256c7,LED100482,2024-01-20,2024-01-20,90.0,90.0,0.0,0.0,NEFT,NEFT PAYMENT,Matched,Exact reference + amount + date + type,100,High,No,No duplicate candidate
8481b283-de2a-4f1d-aa70-ec139e19ddfb,LED100535,2024-01-21,2024-02-12,580.0,590.0,10.0,22.0,NEFT,NEFT PAYMENT,Amount Mismatch,Description similarity 100% but amount differs by ₹10.00,80,Medium,No,No duplicate candidate
6387b594-6998-47c4-bc67-75f6d22c97c2,LED100484,2024-01-21,2024-01-21,300.0,300.0,0.0,0.0,UPI/43876,UPI PAYMENT/43876,Matched,Exact amount + date + transaction type,95,High,No,No duplicate candidate
61dc4e95-c640-4fb5-8497-5b76fc6ef8cc,LED100485,2024-01-21,2024-01-21,50.0,50.0,0.0,0.0,UPI/PAYTM,UPI PAYMENT/PAYTM,Matched,Exact amount + date + transaction type,95,High,No,No duplicate candidate
24da6ab1-cf94-447f-862f-04a7da71e23e,LED100486,2024-01-22,2024-01-22,10.0,10.0,0.0,0.0,UPI/40220/UP,UPI PAYMENT/40220/UP,Matched,Exact amount + date + transaction type,95,High,No,No duplicate candidate
2a1f7267-bfc4-418b-b545-639119d674e8,LED100487,2024-01-24,2024-01-24,350.0,350.0,0.0,0.0,NEFT,NEFT PAYMENT,Matched,Exact reference + amount + date + type,100,High,No,No duplicate candidate
c86f88f3-0dda-4247-a903-f66640ce38ec,LED100488,2024-01-24,2024-01-24,240.9,240.9,0.0,0.0,Gpay BILL Payment,GPAY BILL PAYMENT,Matched,Exact amount + date + transaction type,95,High,No,No duplicate candidate
0746569b-5e27-437f-84aa-9f06e4286be7,LED100489,2024-01-24,2024-01-24,500.0,500.0,0.0,0.0,UPI/40246,UPI PAYMENT/40246,Matched,Exact amount + date + transaction type,95,High,No,No duplicate candidate
eef93922-2306-4b7d-93d5-c95986a33666,LED100490,2024-01-26,2024-01-26,300.0,300.0,0.0,0.0,NEFT,NEFT PAYMENT,Matched,Exact reference + amount + date + type,100,High,No,No duplicate candidate
1341bb31-78dc-4d05-88a7-a971235de080,LED100491,2024-01-26,2024-01-26,260.0,260.0,0.0,0.0,UPI/43923-,UPI PAYMENT/43923-,Matched,Exact amount + date + transaction type,95,High,No,No duplicate candidate
f489760e-afcc-45d5-9a73-9ce9d7c52f5f,LED100492,2024-01-27,2024-01-27,550.0,550.0,0.0,0.0,NEFT,NEFT PAYMENT,Matched,Exact reference + amount + date + type,100,High,No,No duplicate candidate
46c5404b-1418-423a-bd01-e4e4310461c5,LED100493,2024-01-27,2024-01-27,120.0,120.0,0.0,0.0,UPI/43933,UPI PAYMENT/43933,Matched,Exact amount + date + transaction type,95,High,No,No duplicate candidate
6a348480-54f6-4ee7-87bc-86a7312a5709,LED100494,2024-01-27,2024-01-27,500.0,500.0,0.0,0.0,UPI/40278,UPI PAYMENT/40278,Matched,Exact amount + date + transaction type,95,High,No,No duplicate candidate
c76f9685-7f8e-4bba-8477-1253137a3ef5,LED100495,2024-01-27,2024-01-27,35.0,35.0,0.0,0.0,UPI/40279,UPI PAYMENT/40279,Matched,Exact amount + date + transaction type,95,High,No,No duplicate candidate
1f8b3234-a7be-47e7-bfe6-b369a62c4a18,LED100496,2024-01-28,2024-01-28,1720.0,1720.0,0.0,0.0,NEFT,NEFT PAYMENT,Matched,Exact reference + amount + date + type,100,High,No,No duplicate candidate
31452e9f-03fd-4d51-aa53-e51ef763c2eb,LED100469,2024-01-28,2024-01-14,15.0,15.3,0.3,-14.0,UPI/BILLDESKRECHARGE,UPI PAYMENT/BILLDESKRECHARGE,Amount Mismatch,Description similarity 100% but amount differs by ₹0.30,80,Medium,No,No duplicate candidate
debc511b-ad48-4d6a-a7d6-07232fd917fe,LED100498,2024-01-28,2024-01-28,800.0,800.0,0.0,0.0,UPI/43941,UPI PAYMENT/43941,Matched,Exact amount + date + transaction type,95,High,No,No duplicate candidate
118471d8-da4d-4b27-bfea-94539b969998,LED100499,2024-01-28,2024-01-28,50.0,50.0,0.0,0.0,UPI/BHARATPE6,UPI PAYMENT/BHARATPE6,Matched,Exact amount + date + transaction type,95,High,No,No duplicate candidate
5bb081ab-1a92-4b2e-a6f4-2c9cc7580ce1,LED100500,2024-01-29,2024-01-29,1850.0,1850.0,0.0,0.0,NEFT,NEFT PAYMENT,Matched,Exact reference + amount + date + type,100,High,No,No duplicate candidate
9b39127d-c6b9-48df-a402-0e584deb0560,LED100501,2024-01-29,2024-01-29,100.0,100.0,0.0,0.0,UPI/40295/,UPI PAYMENT/40295/,Matched,Exact amount + date + transaction type,95,High,No,No duplicate candidate
d41d0c9b-b7a9-47d0-a10f-b26c69a5dbc1,LED100502,2024-01-30,2024-01-30,800.0,800.0,0.0,0.0,NEFT,NEFT PAYMENT,Matched,Exact reference + amount + date + type,100,High,No,No duplicate candidate
349f18e4-cd8c-48f3-b550-f2121e8aba84,LED100503,2024-01-30,2024-01-30,80.0,80.0,0.0,0.0,UPI/40300/,UPI PAYMENT/40300/,Matched,Exact amount + date + transaction type,95,High,No,No duplicate candidate
3de88f18-de2e-4291-91ff-e7074f11180e,LED100504,2024-01-30,2024-01-30,7.0,7.0,0.0,0.0,UPI/BHARATPE,UPI PAYMENT/BHARATPE,Matched,Exact amount + date + transaction type,95,High,No,No duplicate candidate
f0b28162-2bce-4103-b00d-aa1b80fd80c3,LED100505,2024-01-30,2024-01-30,500.0,500.0,0.0,0.0,UPI/40308,UPI PAYMENT/40308,Matched,Exact amount + date + transaction type,95,High,No,No duplicate candidate
f158a569-b980-4e45-a944-31b42a31d557,LED100506,2024-01-31,2024-01-31,207.0,207.0,0.0,0.0,NEFT,NEFT PAYMENT,Matched,Exact reference + amount + date + type,100,High,No,No duplicate candidate
73617a32-1890-46c5-bb78-b8a858d966fd,LED100507,2024-01-31,2024-01-31,5000.0,5000.0,0.0,0.0,UPI/43972,UPI PAYMENT/43972,Matched,Exact amount + date + transaction type,95,High,No,No duplicate candidate
7c8fce48-1a00-461b-b6e3-af37130eee0c,LED100508,2024-01-31,2024-01-31,100.0,100.0,0.0,0.0,UPI/43970/,UPI PAYMENT/43970/,Matched,Exact amount + date + transaction type,95,High,No,No duplicate candidate
809adb3c-d3ef-4b7a-b146-2802f3f35753,LED100509,2024-01-31,2024-01-31,100.0,100.0,0.0,0.0,UPI/43975,UPI PAYMENT/43975,Matched,Exact amount + date + transaction type,95,High,No,No duplicate candidate
08a34f7b-850e-457e-a038-0b000f4d6847,LED100510,2024-02-01,2024-02-01,900.0,900.0,0.0,0.0,NEFT,NEFT PAYMENT,Matched,Exact reference + amount + date + type,100,High,No,No duplicate candidate
4f8b69e5-2851-4253-8a0f-ecff15cc9e25,LED100511,2024-02-01,2024-02-01,19.0,19.0,0.0,0.0,UPI/EURONETGPAY,UPI PAYMENT/EURONETGPAY,Matched,Exact amount + date + transaction type,95,High,No,No duplicate candidate
cae6321d-8ab5-49f2-b02d-843cd3714362,LED100512,2024-01-31,2024-01-31,58.0,58.0,0.0,0.0,5188810000,5188810000,Matched,Exact amount + date + transaction type,95,High,No,No duplicate candidate
ce72ebe9-c56f-40b3-a370-c94123047f03,LED100513,2024-02-03,2024-02-03,200.0,200.0,0.0,0.0,UPI/40344/,UPI PAYMENT/40344/,Matched,Exact amount + date + transaction type,95,High,No,No duplicate candidate
cda774a4-0998-4448-b64b-d38c751b6046,LED100514,2024-02-03,2024-02-03,400.0,400.0,0.0,0.0,UPI/BHARATPE,UPI PAYMENT/BHARATPE,Matched,Exact amount + date + transaction type,95,High,No,No duplicate candidate
bf600bd4-ff26-4656-8075-1330fc2bfeab,LED100515,2024-02-03,2024-02-03,50.0,50.0,0.0,0.0,UPI/BHARATPE6,UPI PAYMENT/BHARATPE6,Matched,Exact amount + date + transaction type,95,High,No,No duplicate candidate
dffb7b0b-809d-4693-b9d3-39cb325ab763,LED100516,2024-02-03,2024-02-03,120.0,120.0,0.0,0.0,UPI/40340/,UPI PAYMENT/40340/,Matched,Exact amount + date + transaction type,95,High,No,No duplicate candidate
77909c14-8e91-4e22-8eb5-22d1a9c9fd70,LED100517,2024-02-04,2024-02-04,800.0,800.0,0.0,0.0,NEFT,NEFT PAYMENT,Matched,Exact reference + amount + date + type,100,High,No,No duplicate candidate
328ac14b-ef6c-458b-b092-dd9824a77f94,LED100518,2024-02-04,2024-02-04,120.0,120.0,0.0,0.0,UPI/40353,UPI PAYMENT/40353,Matched,Exact amount + date + transaction type,95,High,No,No duplicate candidate
88d1bfe6-2c26-4dd2-b0e7-cd5fb5c5ccae,LED100519,2024-02-05,2024-02-05,50.0,50.0,0.0,0.0,UPI/44024/,UPI PAYMENT/44024/,Matched,Exact amount + date + transaction type,95,High,No,No duplicate candidate
e7959102-13e1-47f3-a99f-347df1210bad,LED100520,2024-02-05,2024-02-05,500.0,500.0,0.0,0.0,UPI/44022/U,UPI PAYMENT/44022/U,Matched,Exact amount + date + transaction type,95,High,No,No duplicate candidate
467a3d65-2ad0-4f2c-b016-25c1663e8fb7,LED100521,2024-02-05,2024-02-05,150.0,150.0,0.0,0.0,UPI/BHARATPE,UPI PAYMENT/BHARATPE,Matched,Exact amount + date + transaction type,95,High,No,No duplicate candidate
1575967c-306e-4a3e-bc03-1a9be7cbdf23,LED100522,2024-02-06,2024-02-06,10.0,10.0,0.0,0.0,UPI/40379,UPI PAYMENT/40379,Matched,Exact amount + date + transaction type,95,High,No,No duplicate candidate
7b9eb3f7-923f-459a-a9d7-af5ee039bd7e,LED100523,2024-02-07,2024-02-07,200.0,200.0,0.0,0.0,UPI/44049,UPI PAYMENT/44049,Matched,Exact amount + date + transaction type,95,High,No,No duplicate candidate
ae8b77c8-30cb-4342-ad58-cc2f00e44242,LED100524,2024-02-07,2024-02-07,10.0,10.0,0.0,0.0,UPI/4404,UPI PAYMENT/4404,Matched,Exact amount + date + transaction type,95,High,No,No duplicate candidate
61b9360f-31da-4c9d-97ae-5ea710d1891b,LED100525,2024-02-08,2024-02-08,2600.0,2600.0,0.0,0.0,NEFT,NEFT PAYMENT,Matched,Exact reference + amount + date + type,100,High,No,No duplicate candidate
8ebd0800-7e9e-4590-832d-153baecaada8,LED100526,2024-02-08,2024-02-08,50.0,50.0,0.0,0.0,UPI/40397,UPI PAYMENT/40397,Matched,Exact amount + date + transaction type,95,High,No,No duplicate candidate
2b43e999-36ab-4f34-916c-9d86d25799cc,LED100527,2024-02-08,2024-02-08,120.0,120.0,0.0,0.0,UPI/PAYTM,UPI PAYMENT/PAYTM,Matched,Exact amount + date + transaction type,95,High,No,No duplicate candidate
7ce9315c-ed05-4556-b612-d0e08e5cb385,LED100528,2024-02-08,2024-02-08,240.0,240.0,0.0,0.0,UPI/40391,UPI PAYMENT/40391,Matched,Exact amount + date + transaction type,95,High,No,No duplicate candidate
95b1eec3-0171-4116-b682-4059d2a7bc24,LED100529,2024-02-09,2024-02-09,100.0,100.0,0.0,0.0,UPI/PAYTM,UPI PAYMENT/PAYTM,Matched,Exact amount + date + transaction type,95,High,No,No duplicate candidate
0a69922e-7224-4efd-9a72-3dcbd3aec1e3,LED100530,2024-02-10,2024-02-10,750.0,750.0,0.0,0.0,NEFT,NEFT PAYMENT,Matched,Exact reference + amount + date + type,100,High,No,No duplicate candidate
47c6ee84-d148-4fd1-805a-888e13d4634e,LED100531,2024-02-10,2024-02-10,500.0,500.0,0.0,0.0,UPI/40411,UPI PAYMENT/40411,Matched,Exact amount + date + transaction type,95,High,No,No duplicate candidate
d8feb565-b6d2-4762-92b6-56f8bd03bd31,LED100532,2024-02-11,2024-02-11,15.0,15.0,0.0,0.0,Gpay BILL Payment,GPAY BILL PAYMENT,Potential Match,Amount + type match with description similarity 100%,85,Medium,Yes,Duplicate candidate detected
37a15083-777f-4d71-a2da-bc6572399071,LED100533,2024-02-11,2024-02-11,30.0,30.0,0.0,0.0,UPI/40423,UPI PAYMENT/40423,Matched,Exact amount + date + transaction type,95,High,No,No duplicate candidate
3e7727fd-f4f5-4979-ba30-1fb191e78ea0,LED100534,2024-02-11,2024-02-11,200.0,200.0,0.0,0.0,UPI/40426/,UPI PAYMENT/40426/,Matched,Exact amount + date + transaction type,95,High,No,No duplicate candidate
68b32c0e-caf8-4f3d-9f43-9a98020a9370,LED100757,2024-02-12,2024-04-16,590.0,600.0,10.0,64.0,NEFT,NEFT PAYMENT,Amount Mismatch,Description similarity 100% but amount differs by ₹10.00,80,Medium,No,No duplicate candidate
4e097305-2394-4ddb-9194-b5ba2c4f1f3c,LED100536,2024-02-12,2024-02-12,10000.0,10000.0,0.0,0.0,UPI/4409,UPI PAYMENT/4409,Matched,Exact amount + date + transaction type,95,High,No,No duplicate candidate
155249a3-f94d-4d7d-a50c-a15707c31c56,LED100537,2024-02-12,2024-02-12,500.0,500.0,0.0,0.0,UPI/40437,UPI PAYMENT/40437,Matched,Exact amount + date + transaction type,95,High,No,No duplicate candidate
6984b44d-3a50-409f-a3ca-1194f0d8f98e,LED100538,2024-02-13,2024-02-13,10000.0,10000.0,0.0,0.0,ATM,ATM WITHDRAWAL,Matched,Exact amount + date + transaction type,95,High,No,No duplicate candidate
3059a741-a85a-4cc2-a0f4-11780aafa0f6,LED100539,2024-02-13,2024-02-13,300.0,300.0,0.0,0.0,UPI/40448,UPI PAYMENT/40448,Matched,Exact amount + date + transaction type,95,High,No,No duplicate candidate
9e7a4dfb-6f70-4c0e-8d53-5c2aa1492cf7,LED100540,2024-02-13,2024-02-13,40.0,40.0,0.0,0.0,UPI/44103/,UPI PAYMENT/44103/,Matched,Exact amount + date + transaction type,95,High,No,No duplicate candidate
363c26a7-ebd0-4c0c-a36a-b6bed63cf0e3,LED100541,2024-02-13,2024-02-13,30.0,30.0,0.0,0.0,UPI/4410,UPI PAYMENT/4410,Matched,Exact amount + date + transaction type,95,High,No,No duplicate candidate
50e265b9-2f5e-4163-bdd0-d55a48a0a727,LED100542,2024-02-14,2024-02-14,50.0,50.0,0.0,0.0,NEFT,NEFT PAYMENT,Matched,Exact reference + amount + date + type,100,High,No,No duplicate candidate
760b87fd-0dfb-4eaf-a588-28a70a0fbb24,LED100543,2024-02-14,2024-02-14,1.0,1.0,0.0,0.0,UPI/40453/,UPI PAYMENT/40453/,Matched,Exact amount + date + transaction type,95,High,No,No duplicate candidate
97e01898-2b72-4fcc-9336-13bee9d494ac,LED100544,2024-02-14,2024-02-14,2544.0,2544.0,0.0,0.0,UPI/44115/,UPI PAYMENT/44115/,Matched,Exact amount + date + transaction type,95,High,No,No duplicate candidate
fc6dd8a6-6a87-4085-8758-da5587ccfe6c,LED100545,2024-02-14,2024-02-14,100.0,100.0,0.0,0.0,UPI/44112/,UPI PAYMENT/44112/,Matched,Exact amount + date + transaction type,95,High,No,No duplicate candidate
547f17dc-2d2c-4ccc-b95d-614ed96c2542,LED100546,2024-02-14,2024-02-14,60.0,60.0,0.0,0.0,UPI/44112,UPI PAYMENT/44112,Matched,Exact amount + date + transaction type,95,High,No,No duplicate candidate
b521bda5-63fd-4820-a488-87dcce7d18eb,LED100547,2024-02-15,2024-02-15,4.0,4.0,0.0,0.0,UPI/40465//U,UPI PAYMENT/40465//U,Matched,Exact amount + date + transaction type,95,High,No,No duplicate candidate
39510c4f-f246-4921-a15e-d22d663c1f50,LED100548,2024-02-15,2024-02-15,3000.0,3000.0,0.0,0.0,UPI/4412,UPI PAYMENT/4412,Matched,Exact amount + date + transaction type,95,High,No,No duplicate candidate
716027fa-f0f3-44d8-bb92-55d7762cd9fb,LED100549,2024-02-16,2024-02-16,40.0,40.0,0.0,0.0,UPI/40472,UPI PAYMENT/40472,Matched,Exact amount + date + transaction type,95,High,No,No duplicate candidate
cce59018-2488-43ca-aa86-d9ff212dd00e,LED100550,2024-02-16,2024-02-16,15.0,15.0,0.0,0.0,UPI/EURONETGPAY,UPI PAYMENT/EURONETGPAY,Matched,Exact amount + date + transaction type,95,High,No,No duplicate candidate
404ebe38-19f4-46fb-b243-1d5c19991d80,LED100551,2024-02-16,2024-02-16,180.0,180.0,0.0,0.0,UPI/44134,UPI PAYMENT/44134,Matched,Exact amount + date + transaction type,95,High,No,No duplicate candidate
c13cf27a-9082-4ed9-bc55-2aa2cd004082,LED100552,2024-02-17,2024-02-17,240.9,240.9,0.0,0.0,Gpay BILL Payment,GPAY BILL PAYMENT,Matched,Exact amount + date + transaction type,95,High,No,No duplicate candidate
268af40a-ed4a-4149-bef1-f970b138f39f,LED100553,2024-02-17,2024-02-17,2500.0,2500.0,0.0,0.0,UPI/40484/,UPI PAYMENT/40484/,Matched,Exact amount + date + transaction type,95,High,No,No duplicate candidate
4561ad20-4ca2-4a37-b71a-dbce319c18a6,LED100554,2024-02-18,2024-02-18,440.0,440.0,0.0,0.0,NEFT,NEFT PAYMENT,Matched,Exact reference + amount + date + type,100,High,No,No duplicate candidate
d61c1b73-4e1e-4a4b-b099-4c8327dec7e8,LED100555,2024-02-19,2024-02-19,80.0,80.0,0.0,0.0,UPI/44160,UPI PAYMENT/44160,Matched,Exact amount + date + transaction type,95,High,No,No duplicate candidate
077bbc95-956c-4f2d-82cf-cacf04660222,LED100556,2024-02-19,2024-02-19,40.0,40.0,0.0,0.0,UPI/40501/,UPI PAYMENT/40501/,Matched,Exact amount + date + transaction type,95,High,No,No duplicate candidate
d758358b-e740-40d6-a65f-0b6d82a23718,LED100557,2024-02-19,2024-02-19,40.0,40.0,0.0,0.0,UPI/40501/,UPI PAYMENT/40501/,Matched,Exact amount + date + transaction type,95,High,No,No duplicate candidate
2b1ef787-d245-498e-9a80-5deef7e5fbf3,LED100558,2024-02-19,2024-02-19,10.0,10.0,0.0,0.0,UPI/BHARATPE,UPI PAYMENT/BHARATPE,Matched,Exact amount + date + transaction type,95,High,No,No duplicate candidate
a2ea20f3-98cc-4fdd-bdc5-482c09a70a28,LED100559,2024-02-20,2024-02-20,100.0,100.0,0.0,0.0,UPI/4417,UPI PAYMENT/4417,Matched,Exact amount + date + transaction type,95,High,No,No duplicate candidate
e402d2ed-3f56-4017-b072-e15dbe3ff156,LED100560,2024-02-20,2024-02-20,290.0,290.0,0.0,0.0,UPI/PAYTM,UPI PAYMENT/PAYTM,Matched,Exact amount + date + transaction type,95,High,No,No duplicate candidate
562e1a89-513e-4a1c-b585-9ca61edec1b0,LED100561,2024-02-21,2024-02-21,130.0,130.0,0.0,0.0,UPI/GPAY,UPI PAYMENT/GPAY,Matched,Exact amount + date + transaction type,95,High,No,No duplicate candidate
e976a032-cc2a-4722-aa49-3899c4aadbfd,LED100562,2024-02-22,2024-02-22,3600.0,3600.0,0.0,0.0,NEFT,NEFT PAYMENT,Matched,Exact reference + amount + date + type,100,High,No,No duplicate candidate
f4393fd4-814a-4c06-b9f3-cb0a6b555638,LED100563,2024-02-22,2024-02-22,40.0,40.0,0.0,0.0,UPI/44194,UPI PAYMENT/44194,Matched,Exact amount + date + transaction type,95,High,No,No duplicate candidate
5905637d-1510-4729-90b5-c8b29f8a2f57,LED100564,2024-02-22,2024-02-22,25.0,25.0,0.0,0.0,UPI/PAYTM,UPI PAYMENT/PAYTM,Matched,Exact amount + date + transaction type,95,High,No,No duplicate candidate
2117d0d3-a975-4c98-8ee9-593fc980872e,LED100565,2024-02-22,2024-02-22,15.0,15.0,0.0,0.0,Gpay BILL Payment,GPAY BILL PAYMENT,Matched,Exact amount + date + transaction type,95,High,No,No duplicate candidate
fdb8846f-2141-4a94-afb9-bf0d660b403e,LED100566,2024-02-22,2024-02-22,19.0,19.0,0.0,0.0,UPI/EURONETGPAY,UPI PAYMENT/EURONETGPAY,Matched,Exact amount + date + transaction type,95,High,No,No duplicate candidate
39d0261e-e3a6-4b5b-b904-f5a574b2fd8c,LED100567,2024-02-23,2024-02-23,200.0,200.0,0.0,0.0,UPI/40543//U,UPI PAYMENT/40543//U,Matched,Exact amount + date + transaction type,95,High,No,No duplicate candidate
1a13197a-7581-4fe9-8df2-6ce1c3ab68d2,LED100869,2024-02-23,2024-05-10,20.0,20.0,0.0,77.0,UPI/BHARATPE,UPI PAYMENT/BHARATPE,Potential Match,Same amount + high description similarity 100% but date differs by 77 days,60,Low,No,No duplicate candidate
7c4343de-fef1-4103-a67b-96359536988c,LED100569,2024-02-23,2024-02-23,40.0,40.0,0.0,0.0,UPI/PAYTM,UPI PAYMENT/PAYTM,Matched,Exact amount + date + transaction type,95,High,No,No duplicate candidate
76de83a7-ec01-4af0-8652-8b5825712cfc,LED100570,2024-02-24,2024-02-24,35.0,35.0,0.0,0.0,UPI/40552,UPI PAYMENT/40552,Matched,Exact amount + date + transaction type,95,High,No,No duplicate candidate
6b6c4e13-5aac-4518-a71b-f26c60a2a75d,LED100571,2024-02-24,2024-02-24,20000.0,20000.0,0.0,0.0,UPI/44219/-2ybl/Pa,UPI PAYMENT/44219/-2YBL/PA,Matched,Exact amount + date + transaction type,95,High,No,No duplicate candidate
a24223e8-7dd5-4bcc-8828-576bbd20077e,LED100572,2024-02-24,2024-02-24,200.0,200.0,0.0,0.0,UPI/40552//U,UPI PAYMENT/40552//U,Matched,Exact amount + date + transaction type,95,High,No,No duplicate candidate
9fe6046f-e43d-40dd-ac7b-d82f76c2e355,LED100573,2024-02-25,2024-02-25,20000.0,20000.0,0.0,0.0,UPI/40563,UPI PAYMENT/40563,Matched,Exact amount + date + transaction type,95,High,No,No duplicate candidate
d3ba77c6-0c56-498a-9fc2-2bc8b61800b4,LED100574,2024-02-25,2024-02-25,100.0,100.0,0.0,0.0,UPI/40564//U,UPI PAYMENT/40564//U,Matched,Exact amount + date + transaction type,95,High,No,No duplicate candidate
e8ce2f81-4214-4218-939d-6d5930874d98,LED100575,2024-02-25,2024-02-25,100.0,100.0,0.0,0.0,UPI/44224,UPI PAYMENT/44224,Matched,Exact amount + date + transaction type,95,High,No,No duplicate candidate
b9b53ed3-3f7f-49fb-bd7f-b79ef18b5882,LED100576,2024-02-25,2024-02-25,19.0,19.0,0.0,0.0,UPI/EURONETGPAY,UPI PAYMENT/EURONETGPAY,Matched,Exact amount + date + transaction type,95,High,No,No duplicate candidate
aa5b784e-f688-48fa-8dbd-3d6a39c30bac,LED100577,2024-02-25,2024-02-25,20000.0,20000.0,0.0,0.0,UPI/4422,UPI PAYMENT/4422,Matched,Exact amount + date + transaction type,95,High,No,No duplicate candidate
0959ae69-6542-4d98-a6a5-addc16ed8a2e,LED100578,2024-02-26,2024-02-26,60.0,60.0,0.0,0.0,UPI/44239,UPI PAYMENT/44239,Matched,Exact amount + date + transaction type,95,High,No,No duplicate candidate
cb3e84dd-a910-4a75-a81c-9b8fd8108fd9,LED100579,2024-02-27,2024-02-27,10.0,10.0,0.0,0.0,UPI/BHARATPE,UPI PAYMENT/BHARATPE,Matched,Exact amount + date + transaction type,95,High,No,No duplicate candidate
b2586b28-ae7f-4826-965d-282c0bc48d1b,LED100580,2024-02-28,2024-02-28,100.0,100.0,0.0,0.0,UPI/40597//U,UPI PAYMENT/40597//U,Matched,Exact amount + date + transaction type,95,High,No,No duplicate candidate
21384d30-e170-4c75-bd9d-c15b3f0479ed,LED100581,2024-02-28,2024-02-28,50.0,50.0,0.0,0.0,UPI/4425,UPI PAYMENT/4425,Matched,Exact amount + date + transaction type,95,High,No,No duplicate candidate
d2ba0a4e-dcd6-46fb-87f3-be44a3a569a5,LED100582,2024-02-28,2024-02-28,140.0,140.0,0.0,0.0,UPI/PAYTM,UPI PAYMENT/PAYTM,Matched,Exact amount + date + transaction type,95,High,No,No duplicate candidate
be18d1f7-6e51-4cbb-8549-b380008a41fa,LED100583,2024-02-29,2024-02-29,500.0,500.0,0.0,0.0,UPI/40602,UPI PAYMENT/40602,Matched,Exact amount + date + transaction type,95,High,No,No duplicate candidate
8762ab07-fefd-41fd-b8d7-3d3232acf374,LED100584,2024-02-29,2024-02-29,200.0,200.0,0.0,0.0,UPI/44268/-,UPI PAYMENT/44268/-,Matched,Exact amount + date + transaction type,95,High,No,No duplicate candidate
f81bb60c-6adc-4719-a457-91d2dd8231ab,LED100585,2024-03-01,2024-03-01,500.0,500.0,0.0,0.0,UPI/44272,UPI PAYMENT/44272,Matched,Exact amount + date + transaction type,95,High,No,No duplicate candidate
ff4cf795-4d04-435f-8499-c39c361e04f9,LED100586,2024-03-01,2024-03-01,50.0,50.0,0.0,0.0,UPI/40618/-P,UPI PAYMENT/40618/-P,Matched,Exact amount + date + transaction type,95,High,No,No duplicate candidate
0459f55e-d37d-46d5-ab22-384bbde0a291,LED100587,2024-03-02,2024-03-02,10.0,10.0,0.0,0.0,UPI/44283,UPI PAYMENT/44283,Potential Match,Amount + type match with description similarity 100%,85,Medium,No,No duplicate candidate
df9253c6-51a1-44c1-9037-7f73073ef3d5,LED100588,2024-03-02,2024-03-02,10.0,10.0,0.0,0.0,UPI/BHARATPE,UPI PAYMENT/BHARATPE,Matched,Exact amount + date + transaction type,95,High,No,No duplicate candidate
41680136-08c1-4b68-9061-d1b16433eb83,LED100589,2024-03-03,2024-03-03,95.0,95.0,0.0,0.0,UPI/40630,UPI PAYMENT/40630,Matched,Exact amount + date + transaction type,95,High,No,No duplicate candidate
ce328726-c42d-4af8-bb36-e3f6c52c780a,LED100590,2024-03-03,2024-03-03,40.0,40.0,0.0,0.0,UPI/GPAY,UPI PAYMENT/GPAY,Matched,Exact amount + date + transaction type,95,High,No,No duplicate candidate
47710eaf-c809-45b1-8bc3-887f7d0bc2a2,LED100591,2024-03-03,2024-03-03,55.0,55.0,0.0,0.0,UPI/40633,UPI PAYMENT/40633,Matched,Exact amount + date + transaction type,95,High,No,No duplicate candidate
ddb6d9e7-a185-41d8-bdf5-2018193c0e21,LED100592,2024-03-03,2024-03-03,10.0,10.0,0.0,0.0,UPI/44292,UPI PAYMENT/44292,Matched,Exact amount + date + transaction type,95,High,No,No duplicate candidate
2470f599-b47c-4ddc-b9bd-89149c28acdb,LED100593,2024-03-03,2024-03-03,80.0,80.0,0.0,0.0,UPI/BHARATPE6,UPI PAYMENT/BHARATPE6,Matched,Exact amount + date + transaction type,95,High,No,No duplicate candidate
0a895b35-b757-4b4a-97c3-2ec7fb404791,LED100594,2024-03-03,2024-03-03,200.0,200.0,0.0,0.0,UPI/4429,UPI PAYMENT/4429,Matched,Exact amount + date + transaction type,95,High,No,No duplicate candidate
93f862fe-63f1-4f6b-ada2-1f7fbdb9717b,LED100595,2024-03-03,2024-03-03,18.0,18.0,0.0,0.0,UPI/40635,UPI PAYMENT/40635,Matched,Exact amount + date + transaction type,95,High,No,No duplicate candidate
47808daf-cee5-47ae-b6be-8addd0856de9,LED100596,2024-03-03,2024-03-03,130.0,130.0,0.0,0.0,UPI/GPAY,UPI PAYMENT/GPAY,Matched,Exact amount + date + transaction type,95,High,No,No duplicate candidate
b306cfe4-e1ff-4d81-ba46-6f1b1762ec46,LED100597,2024-03-04,2024-03-04,20.0,20.0,0.0,0.0,UPI/44308,UPI PAYMENT/44308,Matched,Exact amount + date + transaction type,95,High,No,No duplicate candidate
3cc02484-fa72-4012-95d6-d8f61c3fa198,LED100598,2024-03-04,2024-03-04,100.0,100.0,0.0,0.0,UPI/40640/U,UPI PAYMENT/40640/U,Potential Match,Amount + type match with description similarity 100%,85,Medium,Yes,Duplicate candidate detected
45f0884d-d67a-4e6d-9ecb-d6fd20ae6720,LED100599,2024-03-04,2024-03-04,100.0,100.0,0.0,0.0,UPI/40640/U,UPI PAYMENT/40640/U,Matched,Exact amount + date + transaction type,95,High,Yes,Duplicate candidate detected
6b0c4066-498c-40cb-b797-b7619f6d154b,LED100600,2024-03-04,2024-03-04,55.0,55.0,0.0,0.0,UPI/44306,UPI PAYMENT/44306,Matched,Exact amount + date + transaction type,95,High,No,No duplicate candidate
5d78ab92-3f74-4e01-855a-52c90070705e,LED100601,2024-03-04,2024-03-06,30.0,30.0,0.0,2.0,UPI/44301/,UPI PAYMENT/44301/,Timing Difference,"Amount + type match, date difference 2 day(s), description similarity 100%",75,Medium,No,No duplicate candidate
d96af22f-b6aa-4d88-9850-d4334015e1a1,LED100602,2024-03-04,2024-03-04,60.0,60.0,0.0,0.0,UPI/44304,UPI PAYMENT/44304,Matched,Exact amount + date + transaction type,95,High,No,No duplicate candidate
54a5ad39-1ba0-4a81-8eea-631e0b5ba234,LED100603,2024-03-04,2024-03-04,10.0,10.0,0.0,0.0,UPI/PAYTM,UPI PAYMENT/PAYTM,Potential Match,Amount + type match with description similarity 100%,85,Medium,No,No duplicate candidate
6a0df95a-67ff-4421-ac44-dedfb7142ec0,LED100604,2024-03-04,2024-03-04,10.0,10.0,0.0,0.0,UPI/44304,UPI PAYMENT/44304,Potential Match,Amount + type match with description similarity 100%,85,Medium,Yes,Duplicate candidate detected
c401dde9-6473-4b2e-aea7-fdfb985796ba,LED100605,2024-03-05,2024-03-05,240.9,240.9,0.0,0.0,Gpay BILL Payment,GPAY BILL PAYMENT,Matched,Exact amount + date + transaction type,95,High,No,No duplicate candidate
93d3fab1-dd94-43d3-bddc-51081ccb90b3,LED100606,2024-03-06,2024-03-06,60.0,60.0,0.0,0.0,UPI/40664,UPI PAYMENT/40664,Potential Match,Amount + type match with description similarity 100%,85,Medium,Yes,Duplicate candidate detected
33a1cf04-ddbe-41d4-951f-633e855cdba3,LED100607,2024-03-06,2024-03-06,420.0,420.0,0.0,0.0,UPI/44325,UPI PAYMENT/44325,Matched,Exact amount + date + transaction type,95,High,No,No duplicate candidate
c3f1f389-51b9-483d-a8e8-aa8c6ca9ca29,LED100608,2024-03-06,2024-03-06,100.0,100.0,0.0,0.0,UPI/44328/,UPI PAYMENT/44328/,Potential Match,Amount + type match with description similarity 100%,85,Medium,No,No duplicate candidate
260b0276-87f2-44b1-bbb0-6716e3a081ac,LED100609,2024-03-06,2024-03-06,100.0,100.0,0.0,0.0,UPI/44323/a,UPI PAYMENT/44323/A,Potential Match,Amount + type match with description similarity 100%,85,Medium,No,No duplicate candidate
f6b6ca0d-5449-4012-8397-db10fba6fdc5,LED100610,2024-03-06,2024-03-06,140.0,140.0,0.0,0.0,UPI/PAYTM,UPI PAYMENT/PAYTM,Matched,Exact amount + date + transaction type,95,High,No,No duplicate candidate
fca1fae7-6068-481d-a250-5ddf8f3fb6e8,LED100611,2024-03-06,2024-03-06,100.0,100.0,0.0,0.0,UPI/4432,UPI PAYMENT/4432,Matched,Exact amount + date + transaction type,95,High,No,No duplicate candidate
0362ec16-2086-46cb-a139-93d985922644,LED100612,2024-03-07,2024-03-07,4600.0,4600.0,0.0,0.0,UPI/40675/,UPI PAYMENT/40675/,Matched,Exact amount + date + transaction type,95,High,No,No duplicate candidate
95752022-958b-4366-83c6-f73b02729b1f,LED100613,2024-03-08,2024-03-08,22.0,22.0,0.0,0.0,UPI/BHARATPE,UPI PAYMENT/BHARATPE,Matched,Exact amount + date + transaction type,95,High,No,No duplicate candidate
436348d2-b929-4920-a467-6652d7d83b11,LED100614,2024-03-08,2024-03-08,10.0,10.0,0.0,0.0,UPI/BHARATPE,UPI PAYMENT/BHARATPE,Matched,Exact amount + date + transaction type,95,High,No,No duplicate candidate
fc243606-81bf-4c65-bd3e-59b6b61803b0,LED100615,2024-03-08,2024-03-08,85.0,85.0,0.0,0.0,UPI/44340,UPI PAYMENT/44340,Matched,Exact amount + date + transaction type,95,High,No,No duplicate candidate
2ae8e8f3-ec5a-4e13-a0f6-2c6ea927c5ef,LED100616,2024-03-08,2024-03-08,180.0,180.0,0.0,0.0,UPI/PAYTM,UPI PAYMENT/PAYTM,Matched,Exact amount + date + transaction type,95,High,No,No duplicate candidate
3c3c3478-b858-4753-95f7-e35212ed5234,LED100617,2024-03-09,2024-03-09,290.0,290.0,0.0,0.0,UPI/44351,UPI PAYMENT/44351,Matched,Exact amount + date + transaction type,95,High,No,No duplicate candidate
66fe3137-8eb3-4a1c-9ea0-6eef9b9192bd,LED100618,2024-03-09,2024-03-09,500.0,500.0,0.0,0.0,UPI/40696,UPI PAYMENT/40696,Matched,Exact amount + date + transaction type,95,High,No,No duplicate candidate
98754b97-26a8-4001-9dd9-50882881f4b4,LED100619,2024-03-10,2024-03-10,520.0,520.0,0.0,0.0,UPI/PAYTM,UPI PAYMENT/PAYTM,Matched,Exact amount + date + transaction type,95,High,No,No duplicate candidate
ba8ac0f2-7161-460d-96d1-a76c01939731,LED100620,2024-03-10,2024-03-10,15.0,15.0,0.0,0.0,Gpay BILL Payment,GPAY BILL PAYMENT,Matched,Exact amount + date + transaction type,95,High,No,No duplicate candidate
d56ac532-fbf2-4101-8625-64df0e39c679,LED100621,2024-03-11,2024-03-11,200.0,200.0,0.0,0.0,UPI/40714/,UPI PAYMENT/40714/,Matched,Exact amount + date + transaction type,95,High,No,No duplicate candidate
8f445b17-73be-41f5-8bf2-ea2d84374f5d,LED100622,2024-03-12,2024-03-12,1630.0,1630.0,0.0,0.0,NEFT,NEFT PAYMENT,Matched,Exact reference + amount + date + type,100,High,No,No duplicate candidate
e68fd2fa-6961-4432-8b5d-8eb6da045406,LED100623,2024-03-13,2024-03-13,140.0,140.0,0.0,0.0,NEFT,NEFT PAYMENT,Matched,Exact reference + amount + date + type,100,High,No,No duplicate candidate
5532db55-3191-4e9f-abcd-c34908dc09d2,LED100624,2024-03-13,2024-03-13,59.0,59.0,0.0,0.0,UPI/44399,UPI PAYMENT/44399,Matched,Exact amount + date + transaction type,95,High,No,No duplicate candidate
5a056440-1410-4c5a-916f-d182fb72fbf4,LED100625,2024-03-13,2024-03-13,15.0,15.0,0.0,0.0,UPI/BHARATPE,UPI PAYMENT/BHARATPE,Matched,Exact amount + date + transaction type,95,High,No,No duplicate candidate
8744a935-c9c8-4bef-a7e9-86fc94cd21a8,LED100626,2024-03-14,2024-03-14,5000.0,5000.0,0.0,0.0,UPI/40740,UPI PAYMENT/40740,Matched,Exact amount + date + transaction type,95,High,No,No duplicate candidate
f38f3e02-7a59-4fcf-bbf7-00b3948b0d77,LED100627,2024-03-14,2024-03-14,500.0,500.0,0.0,0.0,UPI/44401,UPI PAYMENT/44401,Matched,Exact amount + date + transaction type,95,High,No,No duplicate candidate
ef1a6f46-94c8-4026-a360-91d0c6658fe4,LED100628,2024-03-14,2024-03-14,200.0,200.0,0.0,0.0,UPI/44404/,UPI PAYMENT/44404/,Matched,Exact amount + date + transaction type,95,High,No,No duplicate candidate
9332a1ae-6a36-46da-8642-b73c5e7fd1d7,LED100629,2024-03-14,2024-03-14,15.0,15.0,0.0,0.0,Gpay BILL Payment,GPAY BILL PAYMENT,Matched,Exact amount + date + transaction type,95,High,No,No duplicate candidate
03f8329f-77fc-493a-98a8-e39598a1ba6d,LED100630,2024-03-14,2024-03-14,126.0,126.0,0.0,0.0,UPI/BHARATPE,UPI PAYMENT/BHARATPE,Matched,Exact amount + date + transaction type,95,High,No,No duplicate candidate
0f043ecc-3aeb-44a3-a79f-56c9c276126f,LED100631,2024-03-15,2024-03-15,300.0,300.0,0.0,0.0,NEFT,NEFT PAYMENT,Matched,Exact reference + amount + date + type,100,High,No,No duplicate candidate
aefcdc88-ef11-44d8-bc6b-36eea768c42d,LED100632,2024-03-15,2024-03-15,10.0,10.0,0.0,0.0,UPI/44416,UPI PAYMENT/44416,Potential Match,Amount + type match with description similarity 100%,85,Medium,No,No duplicate candidate
190db62e-68de-419b-8145-9827715b4a2c,LED100633,2024-03-15,2024-03-15,10.0,10.0,0.0,0.0,UPI/40754,UPI PAYMENT/40754,Matched,Exact amount + date + transaction type,95,High,No,No duplicate candidate
efe8ec9c-118e-4d64-b5b7-2245c31a541a,LED100634,2024-03-15,2024-03-15,60.0,60.0,0.0,0.0,UPI/44412,UPI PAYMENT/44412,Matched,Exact amount + date + transaction type,95,High,No,No duplicate candidate
469a9e31-c604-43a3-804a-4a065fa40981,LED100635,2024-03-15,2024-03-15,20.0,20.0,0.0,0.0,UPI/PAYTM,UPI PAYMENT/PAYTM,Matched,Exact amount + date + transaction type,95,High,No,No duplicate candidate
7d6b1ec0-0940-4f18-a559-c54b33c9d152,LED100636,2024-03-16,2024-03-16,800.0,800.0,0.0,0.0,NEFT,NEFT PAYMENT,Matched,Exact reference + amount + date + type,100,High,No,No duplicate candidate
f469aadc-068d-4845-8c97-e4ce775231a1,LED100637,2024-03-16,2024-03-16,240.9,240.9,0.0,0.0,Gpay BILL Payment,GPAY BILL PAYMENT,Matched,Exact amount + date + transaction type,95,High,No,No duplicate candidate
bc8eae11-ce87-4d53-a375-425b7a069146,LED100638,2024-03-17,2024-03-17,2150.0,2150.0,0.0,0.0,NEFT,NEFT PAYMENT,Matched,Exact reference + amount + date + type,100,High,No,No duplicate candidate
313bb93b-e4ba-46df-90b3-712075050537,LED100639,2024-03-17,2024-03-17,300.0,300.0,0.0,0.0,UPI/40770,UPI PAYMENT/40770,Matched,Exact amount + date + transaction type,95,High,No,No duplicate candidate
4bd90e4b-af6c-4e50-b3ff-8581ec810545,LED100640,2024-03-17,2024-03-17,19.0,19.0,0.0,0.0,Gpay BILL Payment,GPAY BILL PAYMENT,Matched,Exact amount + date + transaction type,95,High,No,No duplicate candidate
a4faed24-6ce4-4217-aa69-a7c32a52807a,LED100641,2024-03-18,2024-03-18,250.0,250.0,0.0,0.0,NEFT,NEFT PAYMENT,Matched,Exact reference + amount + date + type,100,High,No,No duplicate candidate
98d7c60c-6e18-46c6-9de5-08d369c95123,LED100642,2024-03-18,2024-03-18,10.0,10.0,0.0,0.0,UPI/40788,UPI PAYMENT/40788,Matched,Exact amount + date + transaction type,95,High,No,No duplicate candidate
9c68ab5c-e8e1-460e-8d80-c0c3968e9d30,LED100643,2024-03-19,2024-03-19,1150.0,1150.0,0.0,0.0,NEFT,NEFT PAYMENT,Matched,Exact reference + amount + date + type,100,High,No,No duplicate candidate
be13eda8-1963-422d-bb1c-30151ccf176a,LED100644,2024-03-19,2024-03-19,30.0,30.0,0.0,0.0,UPI/BHARATPE,UPI PAYMENT/BHARATPE,Matched,Exact amount + date + transaction type,95,High,No,No duplicate candidate
a204f520-c876-4853-9dd0-fd6f8856e234,LED100645,2024-03-19,2024-03-19,15.0,15.0,0.0,0.0,UPI/44458,UPI PAYMENT/44458,Matched,Exact amount + date + transaction type,95,High,No,No duplicate candidate
6e72467f-3721-48ea-9b48-461dfe1f88b1,LED100646,2024-03-19,2024-03-19,130.0,130.0,0.0,0.0,UPI/GPAY,UPI PAYMENT/GPAY,Matched,Exact amount + date + transaction type,95,High,No,No duplicate candidate
ad0d873d-e298-4bbc-a180-5bc3405ca1c9,LED100647,2024-03-19,2024-03-19,3000.0,3000.0,0.0,0.0,UPI/PAYTMUP,UPI PAYMENT/PAYTMUP,Matched,Exact amount + date + transaction type,95,High,No,No duplicate candidate
299555c9-77b1-4b40-95bc-344f4dd2a4c8,LED100648,2024-03-20,2024-03-20,920.0,920.0,0.0,0.0,NEFT,NEFT PAYMENT,Matched,Exact reference + amount + date + type,100,High,No,No duplicate candidate
7d7fc9ef-04b8-4bd9-9c9c-d0004c7e80a8,LED100649,2024-03-20,2024-03-20,12000.0,12000.0,0.0,0.0,UPI/44465,UPI PAYMENT/44465,Matched,Exact amount + date + transaction type,95,High,No,No duplicate candidate
16b89c73-9259-4655-834e-7434b64b814d,LED100650,2024-03-20,2024-03-20,500.0,500.0,0.0,0.0,UPI/40806,UPI PAYMENT/40806,Matched,Exact amount + date + transaction type,95,High,No,No duplicate candidate
07d32ae8-a744-4320-b8bb-e394d9a60030,LED100651,2024-03-20,2024-03-20,125.0,125.0,0.0,0.0,UPI/40804,UPI PAYMENT/40804,Matched,Exact amount + date + transaction type,95,High,No,No duplicate candidate
fe452049-1057-4837-8d1b-069c2658aa80,LED100652,2024-03-21,2024-03-21,270.0,270.0,0.0,0.0,NEFT,NEFT PAYMENT,Matched,Exact reference + amount + date + type,100,High,No,No duplicate candidate
508c73b9-db53-4a7c-80c7-fe3829cacf0c,LED100653,2024-03-21,2024-03-21,170.0,170.0,0.0,0.0,UPI/44470,UPI PAYMENT/44470,Matched,Exact amount + date + transaction type,95,High,No,No duplicate candidate
764b99fb-ade2-434e-80d8-e79d1dcdb15b,LED100654,2024-03-21,2024-03-21,5.0,4.75,-0.25,0.0,UPI/BHARATPE,UPI PAYMENT/BHARATPE,Amount Mismatch,Description similarity 100% but amount differs by ₹0.25,80,Medium,No,No duplicate candidate
00cac92b-da3e-4ba7-83f4-10e060a1d03f,LED100655,2024-03-22,2024-03-22,1370.0,1370.0,0.0,0.0,NEFT,NEFT PAYMENT,Matched,Exact reference + amount + date + type,100,High,No,No duplicate candidate
50c37c64-7cce-4928-bfd9-724014a1b6b7,LED100656,2024-03-22,2024-03-22,3000.0,3000.0,0.0,0.0,UPI/4448,UPI PAYMENT/4448,Matched,Exact amount + date + transaction type,95,High,No,No duplicate candidate
e83d17d0-3ef4-4381-83ce-92a38212fdac,LED100657,2024-03-22,2024-03-22,11.0,11.0,0.0,0.0,UPI/BHARATPE,UPI PAYMENT/BHARATPE,Matched,Exact amount + date + transaction type,95,High,No,No duplicate candidate
da240577-8841-4712-9479-8816122ea3c3,LED100658,2024-03-22,2024-03-22,100.0,100.0,0.0,0.0,UPI/40821,UPI PAYMENT/40821,Matched,Exact amount + date + transaction type,95,High,No,No duplicate candidate
d0a961ad-fecd-41e7-b06a-5df0258bf566,LED100659,2024-03-23,2024-03-23,4380.0,4380.0,0.0,0.0,AMZN,AMZN,Matched,Exact amount + date + transaction type,95,High,No,No duplicate candidate
3177e226-acae-4ec3-8843-3874b4361d5c,LED100660,2024-03-23,2024-03-23,130.0,130.0,0.0,0.0,UPI/GPAY,UPI PAYMENT/GPAY,Matched,Exact amount + date + transaction type,95,High,No,No duplicate candidate
5f86c92a-4e28-4a3d-aa31-7be396663f5b,LED100661,2024-03-24,2024-03-24,4300.0,4300.0,0.0,0.0,NEFT,NEFT PAYMENT,Matched,Exact reference + amount + date + type,100,High,No,No duplicate candidate
df48ddbf-f64d-456c-9e25-41a0b42687e9,LED100662,2024-03-24,2024-03-24,40.0,40.0,0.0,0.0,UPI/40846/-2,UPI PAYMENT/40846/-2,Matched,Exact amount + date + transaction type,95,High,No,No duplicate candidate
b59f667d-f903-4bf0-97c4-e977869adc2b,LED100663,2024-03-24,2024-03-24,1500.0,1500.0,0.0,0.0,UPI/4084,UPI PAYMENT/4084,Matched,Exact amount + date + transaction type,95,High,No,No duplicate candidate
abab07fe-0d91-45b4-89d2-8842b9306dfb,LED100664,2024-03-24,2024-03-24,500.0,500.0,0.0,0.0,UPI/44505,UPI PAYMENT/44505,Matched,Exact amount + date + transaction type,95,High,No,No duplicate candidate
26b6b56a-c7d5-4ec4-86fc-3a6ca3978eba,LED100665,2024-03-24,2024-03-24,200.0,200.0,0.0,0.0,UPI/40840,UPI PAYMENT/40840,Matched,Exact amount + date + transaction type,95,High,No,No duplicate candidate
4f2fc8cc-599c-4ffa-b157-e30f44ed18c6,LED100666,2024-03-25,2024-03-27,30.0,30.0,0.0,2.0,UPI/BHARATPE,UPI PAYMENT/BHARATPE,Timing Difference,"Amount + type match, date difference 2 day(s), description similarity 100%",75,Medium,No,No duplicate candidate
19ea4502-0cb0-484f-b995-03cf27b0cd6e,LED100667,2024-03-25,2024-03-25,100.0,100.0,0.0,0.0,UPI/4451,UPI PAYMENT/4451,Matched,Exact amount + date + transaction type,95,High,No,No duplicate candidate
0de79a71-5a6b-4a07-987d-5e775639811e,LED100988,2024-03-25,2024-01-19,19.0,240.9,221.9,-66.0,UPI/EURONETGPAY,UPI PAYMENT/EURONETGPAY,Amount Mismatch,Description similarity 100% but amount differs by ₹221.90,80,Medium,Yes,Duplicate candidate detected
fff28fb6-5163-4ca5-aa89-8cbc53034790,LED100669,2024-03-26,2024-03-26,120.0,120.0,0.0,0.0,UPI/40861,UPI PAYMENT/40861,Matched,Exact amount + date + transaction type,95,High,No,No duplicate candidate
0955a422-1f1f-401e-8836-5e9efc1c1a42,LED100670,2024-03-27,2024-03-27,10.0,10.0,0.0,0.0,UPI/44535,UPI PAYMENT/44535,Matched,Exact amount + date + transaction type,95,High,No,No duplicate candidate
4aba3c22-3f45-4194-8dc2-885cb24cab0e,LED100671,2024-03-27,2024-03-27,50.0,50.0,0.0,0.0,UPI/BHARATPE6,UPI PAYMENT/BHARATPE6,Matched,Exact amount + date + transaction type,95,High,No,No duplicate candidate
e72ca825-8866-402c-a05b-cf0f7cad5a84,LED100672,2024-03-27,2024-03-27,20.0,20.0,0.0,0.0,UPI/EAZYPAY,UPI PAYMENT/EAZYPAY,Potential Match,Amount + type match with description similarity 100%,85,Medium,Yes,Duplicate candidate detected
8a0bc213-13a3-4f10-9c69-dd5ca1a1f985,LED100673,2024-03-27,2024-03-27,15.0,15.0,0.0,0.0,UPI/BHARATPE,UPI PAYMENT/BHARATPE,Matched,Exact amount + date + transaction type,95,High,No,No duplicate candidate
c9b1f653-377c-4d55-9de0-6515d8ac1093,LED100674,2024-03-28,2024-03-28,50.0,50.0,0.0,0.0,UPI/BHARATPE,UPI PAYMENT/BHARATPE,Matched,Exact amount + date + transaction type,95,High,No,No duplicate candidate
6030242a-7557-4afd-9054-02085fbd32d2,LED100675,2024-03-28,2024-03-28,10.0,10.0,0.0,0.0,UPI/BHARATPE,UPI PAYMENT/BHARATPE,Potential Match,Amount + type match with description similarity 100%,85,Medium,Yes,Duplicate candidate detected
b628fdc3-476b-44aa-8830-92e25a4727ab,LED100676,2024-03-28,2024-03-28,500.0,500.0,0.0,0.0,UPI/44544,UPI PAYMENT/44544,Matched,Exact amount + date + transaction type,95,High,No,No duplicate candidate
53d7e363-1b51-4239-9f25-7b50dc61c822,LED100677,2024-03-28,2024-03-28,5000.0,5000.0,0.0,0.0,UPI/40883,UPI PAYMENT/40883,Matched,Exact amount + date + transaction type,95,High,No,No duplicate candidate
1e07f769-eae0-4b00-b474-f0b2c3c8b3a9,LED100678,2024-03-28,2024-03-28,5000.0,5000.0,0.0,0.0,UPI/4454,UPI PAYMENT/4454,Matched,Exact amount + date + transaction type,95,High,No,No duplicate candidate
d23a4bf4-e4b2-462b-b793-687de9e958fe,LED100679,2024-03-28,2024-03-28,10.0,10.0,0.0,0.0,UPI/BHARATPE,UPI PAYMENT/BHARATPE,Matched,Exact amount + date + transaction type,95,High,Yes,Duplicate candidate detected
cc5842ed-918f-4cc6-96ba-c07cd8ddbdaa,LED100680,2024-03-29,2024-03-29,170.0,170.0,0.0,0.0,NEFT,NEFT PAYMENT,Matched,Exact reference + amount + date + type,100,High,No,No duplicate candidate
c3646735-a4fc-4856-9023-730fa71e7992,LED100681,2024-03-29,2024-03-29,500.0,500.0,0.0,0.0,UPI/40891,UPI PAYMENT/40891,Matched,Exact amount + date + transaction type,95,High,No,No duplicate candidate
b4c75e0f-9aaf-4d34-a1a8-49ef5752c3bc,LED100682,2024-03-29,2024-03-29,260.0,260.0,0.0,0.0,UPI/GPAY,UPI PAYMENT/GPAY,Matched,Exact amount + date + transaction type,95,High,No,No duplicate candidate
fa5e8f02-f34d-45d3-abc7-8aeacc50b5bc,LED100683,2024-03-29,2024-03-29,10.0,10.0,0.0,0.0,UPI/EAZYPAY,UPI PAYMENT/EAZYPAY,Potential Match,Amount + type match with description similarity 100%,85,Medium,No,No duplicate candidate
842a8f38-d8b0-4a7e-8aa4-f13bc5d2c5c1,LED100684,2024-03-29,2024-03-29,10.0,10.0,0.0,0.0,UPI/BHARATPE,UPI PAYMENT/BHARATPE,Matched,Exact amount + date + transaction type,95,High,No,No duplicate candidate
8f10df08-f90e-439d-83b7-1095c0083eff,LED100685,2024-03-30,2024-03-30,500.0,500.0,0.0,0.0,UPI/44561,UPI PAYMENT/44561,Matched,Exact amount + date + transaction type,95,High,No,No duplicate candidate
53a022f9-d213-44bc-9a29-f6e7a6330a02,LED100686,2024-03-30,2024-03-30,50.0,50.0,0.0,0.0,UPI/BHARATPE6,UPI PAYMENT/BHARATPE6,Matched,Exact amount + date + transaction type,95,High,No,No duplicate candidate
e8dc38f4-bc2b-4ad8-a22a-914e0c8c5b99,LED100687,2024-03-31,2024-03-31,950.0,950.0,0.0,0.0,NEFT,NEFT PAYMENT,Matched,Exact reference + amount + date + type,100,High,No,No duplicate candidate
faacddaa-6100-4529-8eda-f40d27d687f8,LED100688,2024-03-31,2024-03-31,20.0,20.0,0.0,0.0,UPI/40914/,UPI PAYMENT/40914/,Matched,Exact amount + date + transaction type,95,High,No,No duplicate candidate
be2eb8dd-c96e-4319-9477-c3d63755b7c1,LED100689,2024-03-31,2024-03-31,1.0,1.0,0.0,0.0,UPI/PAYTM,UPI PAYMENT/PAYTM,Matched,Exact amount + date + transaction type,95,High,No,No duplicate candidate
005c84fb-14b4-4970-b712-f80305df0996,LED100690,2024-03-31,2024-03-31,500.0,500.0,0.0,0.0,UPI/PAYTM,UPI PAYMENT/PAYTM,Matched,Exact amount + date + transaction type,95,High,No,No duplicate candidate
df528a6b-d779-4129-8580-066666bc8023,LED100691,2024-03-31,2024-03-31,130.0,130.0,0.0,0.0,UPI/GPAY,UPI PAYMENT/GPAY,Matched,Exact amount + date + transaction type,95,High,No,No duplicate candidate
ab4cc569-2be7-44ed-b583-f85d70c56b0a,LED100692,2024-03-31,2024-03-31,160.0,160.0,0.0,0.0,UPI/40912,UPI PAYMENT/40912,Matched,Exact amount + date + transaction type,95,High,No,No duplicate candidate
b83a0ca7-aa35-40ac-a728-29dcaf674b87,LED100693,2024-04-01,2024-04-01,10.0,10.0,0.0,0.0,UPI/PAYTM101,UPI PAYMENT/PAYTM101,Potential Match,Amount + type match with description similarity 100%,85,Medium,No,No duplicate candidate
0573bfbc-7117-40dc-a570-b23600b18af4,LED100694,2024-04-01,2024-04-01,560.0,560.0,0.0,0.0,UPI/CLOTHFASHION,UPI PAYMENT/CLOTHFASHION,Matched,Exact amount + date + transaction type,95,High,No,No duplicate candidate
9b1f60ea-af42-4fc0-9e3f-8f17f383fecd,LED100695,2024-04-01,2024-04-01,50.0,50.0,0.0,0.0,UPI/GPAY,UPI PAYMENT/GPAY,Matched,Exact amount + date + transaction type,95,High,No,No duplicate candidate
7bae1b38-451a-4d08-b35e-ac4f70c5ab02,LED100696,2024-04-01,2024-04-01,10.0,10.0,0.0,0.0,UPI/40925,UPI PAYMENT/40925,Matched,Exact amount + date + transaction type,95,High,No,No duplicate candidate
9bec421b-435a-44b6-9f98-0d11f9e1d134,LED100697,2024-04-01,2024-04-01,500.0,500.0,0.0,0.0,UPI/44588,UPI PAYMENT/44588,Potential Match,Amount + type match with description similarity 100%,85,Medium,No,No duplicate candidate
2c92002f-ccac-4af8-8763-75e570f2f5f2,LED100698,2024-04-01,2024-04-01,500.0,500.0,0.0,0.0,UPI/4458,UPI PAYMENT/4458,Matched,Exact amount + date + transaction type,95,High,No,No duplicate candidate
2562f2e7-2b2d-4a0d-8163-afb075006348,LED100699,2024-04-01,2024-04-01,500.0,500.0,0.0,0.0,UPI/40921,UPI PAYMENT/40921,Matched,Exact amount + date + transaction type,95,High,No,No duplicate candidate
ac7e1149-a292-4252-ad5b-d4a1155864c5,LED100700,2024-04-01,2024-04-01,100.0,100.0,0.0,0.0,IMPS,IMPS PAYMENT,Matched,Exact amount + date + transaction type,95,High,No,No duplicate candidate
92fc8952-00af-49d0-820c-e5adc5e222ab,LED100701,2024-04-02,2024-04-02,500.0,500.0,0.0,0.0,UPI/44562,UPI PAYMENT/44562,Matched,Exact amount + date + transaction type,95,High,No,No duplicate candidate
eb264545-fd4c-461a-b7b9-dda3d6e7e927,LED100702,2024-04-02,2024-04-02,240.0,240.0,0.0,0.0,UPI/4093,UPI PAYMENT/4093,Matched,Exact amount + date + transaction type,95,High,No,No duplicate candidate
eb279db8-edeb-47af-b20d-81475b5b2ce6,LED100703,2024-04-03,2024-04-03,30.0,30.0,0.0,0.0,NEFT,NEFT PAYMENT,Matched,Exact reference + amount + date + type,100,High,No,No duplicate candidate
2df8c2fa-e6f9-400d-b407-58c3f4d11f2a,LED100704,2024-04-04,2024-04-04,200.0,200.0,0.0,0.0,UPI/40959,UPI PAYMENT/40959,Matched,Exact amount + date + transaction type,95,High,No,No duplicate candidate
80c36ee5-c2c8-4f06-becc-312415bb6d17,LED100705,2024-04-04,2024-04-04,500.0,500.0,0.0,0.0,UPI/40954,UPI PAYMENT/40954,Matched,Exact amount + date + transaction type,95,High,No,No duplicate candidate
01fc58d3-6435-466d-88ee-5db8532ad7c2,LED100706,2024-04-04,2024-04-04,100.0,100.0,0.0,0.0,UPI/PAYTMfp,UPI PAYMENT/PAYTMFP,Matched,Exact amount + date + transaction type,95,High,No,No duplicate candidate
27d1a385-d5f2-463d-9bfa-e5fe17d6b0f4,LED100707,2024-04-05,2024-04-05,120.0,120.0,0.0,0.0,UPI/PAYTM,UPI PAYMENT/PAYTM,Matched,Exact amount + date + transaction type,95,High,No,No duplicate candidate
6f4d5624-0af7-40b2-8d34-e5c95f63c830,LED100952,2024-04-05,2024-05-25,50.0,50.0,0.0,50.0,UPI/BHARATPE,UPI PAYMENT/BHARATPE,Potential Match,Same amount + high description similarity 100% but date differs by 50 days,60,Low,No,No duplicate candidate
e824e557-4782-48ec-96a3-b50e816aefe6,LED100709,2024-04-05,2024-04-05,10.0,10.0,0.0,0.0,UPI/40968,UPI PAYMENT/40968,Matched,Exact amount + date + transaction type,95,High,No,No duplicate candidate
f1521dfa-a412-4ca2-9ff5-2a1a06fab4b3,LED100715,2024-04-05,2024-04-06,130.0,130.0,0.0,1.0,UPI/GPAY,UPI PAYMENT/GPAY,Timing Difference,"Amount + type match, date difference 1 day(s), description similarity 100%",80,Medium,No,No duplicate candidate
924e81d9-cf72-4dcf-a36e-3d0b5ca57990,LED100711,2024-04-06,2024-04-06,280.0,280.0,0.0,0.0,NEFT,NEFT PAYMENT,Matched,Exact reference + amount + date + type,100,High,No,No duplicate candidate
1dd3067a-0912-4071-84c7-4ca22f24dbea,LED100712,2024-04-06,2024-04-06,10.0,10.0,0.0,0.0,UPI/40977/,UPI PAYMENT/40977/,Potential Match,Amount + type match with description similarity 100%,85,Medium,No,No duplicate candidate
430ffb27-227a-45a4-ae1d-589f6202c8cb,LED100713,2024-04-06,2024-04-06,10.0,10.0,0.0,0.0,UPI/40976,UPI PAYMENT/40976,Matched,Exact amount + date + transaction type,95,High,No,No duplicate candidate
da6725b1-f797-4bd3-9836-a437064a1aac,LED100714,2024-04-06,2024-04-06,50.0,50.0,0.0,0.0,UPI/40970/,UPI PAYMENT/40970/,Matched,Exact amount + date + transaction type,95,High,No,No duplicate candidate
0f95d184-2f54-4906-85d3-f44806965243,LED100722,2024-04-06,2024-04-07,130.0,130.0,0.0,1.0,UPI/GPAY,UPI PAYMENT/GPAY,Timing Difference,"Amount + type match, date difference 1 day(s), description similarity 100%",80,Medium,No,No duplicate candidate
bcb05dbe-7eac-43d3-ad3b-ff323366be9a,LED100716,2024-04-06,2024-04-06,160.0,160.0,0.0,0.0,UPI/GPAY,UPI PAYMENT/GPAY,Matched,Exact amount + date + transaction type,95,High,No,No duplicate candidate
4b7bbdfe-023d-4cbc-98ff-003e65c09a37,LED100717,2024-04-07,2024-04-07,10.0,10.0,0.0,0.0,UPI/BHARATPE,UPI PAYMENT/BHARATPE,Matched,Exact amount + date + transaction type,95,High,No,No duplicate candidate
1ebf1279-8c51-4c61-a1bd-2bcc2a4de239,LED100718,2024-04-07,2024-04-07,1350.0,1350.0,0.0,0.0,NEFT,NEFT PAYMENT,Matched,Exact reference + amount + date + type,100,High,No,No duplicate candidate
a46708c7-46bf-4b66-bb57-650058b62a76,LED100719,2024-04-07,2024-04-07,1000.0,1000.0,0.0,0.0,UPI/40982/,UPI PAYMENT/40982/,Matched,Exact amount + date + transaction type,95,High,No,No duplicate candidate
fe997736-a700-4544-9a15-be0a6e5ee1d7,LED100720,2024-04-07,2024-04-07,500.0,500.0,0.0,0.0,UPI/40986,UPI PAYMENT/40986,Matched,Exact amount + date + transaction type,95,High,No,No duplicate candidate
703d7b8e-bfef-4b24-b685-cc1a5f9521d1,LED100721,2024-04-07,2024-04-07,500.0,500.0,0.0,0.0,UPI/40989/,UPI PAYMENT/40989/,Matched,Exact amount + date + transaction type,95,High,No,No duplicate candidate
4eab974e-3558-4c51-996c-c108ad60ea3a,LED100730,2024-04-07,2024-04-09,130.0,130.0,0.0,2.0,UPI/GPAY,UPI PAYMENT/GPAY,Timing Difference,"Amount + type match, date difference 2 day(s), description similarity 100%",75,Medium,No,No duplicate candidate
e86c8bcc-4185-47d3-b914-37c867deca5f,LED100723,2024-04-07,2024-04-07,240.0,240.0,0.0,0.0,UPI/4464,UPI PAYMENT/4464,Matched,Exact amount + date + transaction type,95,High,No,No duplicate candidate
94b76a54-2e1c-4a80-af58-f1b189d34d50,LED100724,2024-04-08,2024-04-08,2500.0,2500.0,0.0,0.0,ATM,ATM WITHDRAWAL,Matched,Exact amount + date + transaction type,95,High,No,No duplicate candidate
eb8b9362-13ba-4748-b96c-7859e182e71d,LED100725,2024-04-09,2024-04-09,1320.0,1346.4,26.4,0.0,NEFT,NEFT PAYMENT,Amount Mismatch,Description similarity 100% but amount differs by ₹26.40,80,Medium,No,No duplicate candidate
6ffa1c41-563b-4ecc-a5c0-783cf5ac225a,LED100726,2024-04-09,2024-04-09,400.0,400.0,0.0,0.0,UPI/GPAY,UPI PAYMENT/GPAY,Matched,Exact amount + date + transaction type,95,High,No,No duplicate candidate
9f046c8e-64c3-4523-8f05-d1019f79d618,LED100727,2024-04-09,2024-04-09,200.0,200.0,0.0,0.0,UPI/44663,UPI PAYMENT/44663,Matched,Exact amount + date + transaction type,95,High,No,No duplicate candidate
12572708-6315-4ff5-a52c-a45b81491cc7,LED100728,2024-04-09,2024-04-09,130.0,132.6,2.6,0.0,UPI/41001,UPI PAYMENT/41001,Amount Mismatch,Description similarity 100% but amount differs by ₹2.60,80,Medium,No,No duplicate candidate
2b745460-472a-446f-8826-28559ec27571,LED100729,2024-04-09,2024-04-09,260.0,260.0,0.0,0.0,UPI/GPAY,UPI PAYMENT/GPAY,Matched,Exact amount + date + transaction type,95,High,No,No duplicate candidate
245bc332-d24e-4d96-867f-3ae8e50ee119,LED100734,2024-04-09,2024-04-10,130.0,130.0,0.0,1.0,UPI/GPAY,UPI PAYMENT/GPAY,Timing Difference,"Amount + type match, date difference 1 day(s), description similarity 100%",80,Medium,No,No duplicate candidate
dd474d55-d822-446e-8453-d5909149b760,LED100731,2024-04-09,2024-04-09,16.0,16.0,0.0,0.0,UPI/4466,UPI PAYMENT/4466,Matched,Exact amount + date + transaction type,95,High,No,No duplicate candidate
ad13ed90-1000-48b0-8fde-73046469eb27,LED100732,2024-04-10,2024-04-09,700.0,700.0,0.0,-1.0,NEFT,NEFT PAYMENT,Timing Difference,"Amount + type match, date difference 1 day(s), description similarity 100%",80,Medium,No,No duplicate candidate
33187176-bca9-420f-9323-3f1486f53f11,LED100733,2024-04-10,2024-04-10,19.0,19.0,0.0,0.0,Gpay BILL Payment,GPAY BILL PAYMENT,Matched,Exact amount + date + transaction type,95,High,No,No duplicate candidate
e55066e8-f39b-45e6-b250-f21d33d55a5f,LED100739,2024-04-10,2024-04-11,130.0,130.0,0.0,1.0,UPI/GPAY,UPI PAYMENT/GPAY,Timing Difference,"Amount + type match, date difference 1 day(s), description similarity 100%",80,Medium,No,No duplicate candidate
3dce87cb-b074-437c-8ec3-f319eefd3b9d,LED100735,2024-04-10,2024-04-10,20.0,21.0,1.0,0.0,UPI/4467,UPI PAYMENT/4467,Amount Mismatch,Description similarity 100% but amount differs by ₹1.00,80,Medium,No,No duplicate candidate
1b46bf5a-787b-4f3b-bf86-c83335dbaaf2,LED100736,2024-04-10,2024-04-10,35.0,35.0,0.0,0.0,UPI/GPAY,UPI PAYMENT/GPAY,Matched,Exact amount + date + transaction type,95,High,No,No duplicate candidate
cedd9244-e391-4620-a617-cb74a5dcc3f2,LED100737,2024-04-11,2024-04-11,230.0,230.0,0.0,0.0,NEFT,NEFT PAYMENT,Matched,Exact reference + amount + date + type,100,High,No,No duplicate candidate
402447c4-3d83-4ffc-a44e-711d43d31166,LED100738,2024-04-11,2024-04-11,720.9,720.9,0.0,0.0,Gpay BILL Payment,GPAY BILL PAYMENT,Matched,Exact amount + date + transaction type,95,High,No,No duplicate candidate
88ce5bfd-faed-4efd-86e6-f071ad50b738,LED100756,2024-04-11,2024-04-15,130.0,130.0,0.0,4.0,UPI/GPAY,UPI PAYMENT/GPAY,Timing Difference,Same amount + high description similarity 100% + date difference 4 day(s),65,Low,No,No duplicate candidate
b6fbcaae-3328-4df0-9671-ab3de27578c5,LED100740,2024-04-11,2024-04-11,220.0,220.0,0.0,0.0,UPI/44685,UPI PAYMENT/44685,Matched,Exact amount + date + transaction type,95,High,No,No duplicate candidate
ce5fb11c-c452-4eea-be12-59c856443ba0,LED100741,2024-04-12,2024-04-12,2589.0,2589.0,0.0,0.0,NEFT,NEFT PAYMENT,Matched,Exact reference + amount + date + type,100,High,No,No duplicate candidate
52c92988-becd-46dc-9be1-66a9b42835e6,LED100742,2024-04-12,2024-04-12,500.0,500.0,0.0,0.0,UPI/44698,UPI PAYMENT/44698,Matched,Exact amount + date + transaction type,95,High,No,No duplicate candidate
55ef304c-6a2b-43f6-896a-2eae1158edba,LED100743,2024-04-12,2024-04-12,450.0,450.0,0.0,0.0,UPI/41036,UPI PAYMENT/41036,Matched,Exact amount + date + transaction type,95,High,No,No duplicate candidate
1a1e700d-5dc5-4f23-8dfb-16b8ab71866e,LED100744,2024-04-12,2024-04-12,30000.0,30000.0,0.0,0.0,UPI/4103,UPI PAYMENT/4103,Matched,Exact amount + date + transaction type,95,High,No,No duplicate candidate
2fc1e504-df86-401f-9146-71944565913f,LED100745,2024-04-12,2024-04-12,30000.0,30000.0,0.0,0.0,UPI/44693/,UPI PAYMENT/44693/,Matched,Exact amount + date + transaction type,95,High,No,No duplicate candidate
50d08a25-be70-4f56-b5b9-485cf402f196,LED100746,2024-04-13,2024-04-13,800.0,800.0,0.0,0.0,NEFT,NEFT PAYMENT,Matched,Exact reference + amount + date + type,100,High,No,No duplicate candidate
5dfe460d-e225-4a55-86d4-d2f132301dcc,LED100747,2024-04-13,2024-04-13,2350.0,2350.0,0.0,0.0,UPI/41043/-1,UPI PAYMENT/41043/-1,Matched,Exact amount + date + transaction type,95,High,No,No duplicate candidate
b9409d8a-bc4b-4568-8e2a-12a8dff60b40,LED100748,2024-04-13,2024-04-13,1500.0,1500.0,0.0,0.0,UPI/44702/Pay,UPI PAYMENT/44702/PAY,Matched,Exact amount + date + transaction type,95,High,No,No duplicate candidate
8b52db23-e26f-4823-8a0e-917f13b683e4,LED100749,2024-04-14,2024-04-14,1500.0,1500.0,0.0,0.0,UPI/44712//Pay,UPI PAYMENT/44712//PAY,Matched,Exact amount + date + transaction type,95,High,No,No duplicate candidate
496212ca-209e-46cc-91fc-4d986b8907e6,LED100750,2024-04-14,2024-04-14,150.0,150.0,0.0,0.0,UPI/44716/,UPI PAYMENT/44716/,Matched,Exact amount + date + transaction type,95,High,No,No duplicate candidate
f4eb23f3-f400-45a9-9a35-4156afe34210,LED100751,2024-04-15,2024-04-15,950.0,950.0,0.0,0.0,NEFT,NEFT PAYMENT,Matched,Exact reference + amount + date + type,100,High,No,No duplicate candidate
3b247dfc-76a4-4463-9d4d-0c888884bd80,LED100752,2024-04-15,2024-04-14,10.0,10.0,0.0,-1.0,UPI/44724/,UPI PAYMENT/44724/,Timing Difference,"Amount + type match, date difference 1 day(s), description similarity 100%",80,Medium,No,No duplicate candidate
6a3b2349-6313-408c-9710-a6f5b895f6f8,LED100753,2024-04-15,2024-04-15,50.0,50.0,0.0,0.0,UPI/41066/,UPI PAYMENT/41066/,Matched,Exact amount + date + transaction type,95,High,No,No duplicate candidate
5b6fa850-d624-4cfa-8007-47efe7a12d1e,LED100754,2024-04-15,2024-04-15,200.0,200.0,0.0,0.0,UPI/44728,UPI PAYMENT/44728,Matched,Exact amount + date + transaction type,95,High,No,No duplicate candidate
f582fe20-87cb-4f68-807f-00f587efd4a1,LED100755,2024-04-15,2024-04-15,15.0,15.0,0.0,0.0,Gpay BILL Payment,GPAY BILL PAYMENT,Matched,Exact amount + date + transaction type,95,High,No,No duplicate candidate
ada7b712-ec48-41f6-b75c-f90c883b71a4,LED100758,2024-04-15,2024-04-16,130.0,130.0,0.0,1.0,UPI/GPAY,UPI PAYMENT/GPAY,Timing Difference,"Amount + type match, date difference 1 day(s), description similarity 100%",80,Medium,No,No duplicate candidate
f6766ad5-7c4e-4f6a-872d-fed300945e94,LED100951,2024-04-16,2024-05-25,600.0,600.0,0.0,39.0,NEFT,NEFT PAYMENT,Potential Match,Same amount + high description similarity 100% but date differs by 39 days,60,Low,No,No duplicate candidate
939a1089-30ec-4eac-8722-90a2ca45876c,LED100770,2024-04-16,2024-04-20,130.0,130.0,0.0,4.0,UPI/GPAY,UPI PAYMENT/GPAY,Timing Difference,Same amount + high description similarity 100% + date difference 4 day(s),65,Low,No,No duplicate candidate
db5fb96c-37cd-4f3e-b486-921c466de084,LED100759,2024-04-17,2024-04-17,3420.0,3420.0,0.0,0.0,NEFT,NEFT PAYMENT,Matched,Exact reference + amount + date + type,100,High,No,No duplicate candidate
4aa43469-3e3d-4d52-9744-d722da66903a,LED100760,2024-04-17,2024-04-17,100.0,100.0,0.0,0.0,UPI/44741,UPI PAYMENT/44741,Matched,Exact amount + date + transaction type,95,High,No,No duplicate candidate
81c116c0-737d-4e26-beb3-3ecfb6a087c3,LED100761,2024-04-17,2024-04-17,130.0,130.0,0.0,0.0,UPI/41081,UPI PAYMENT/41081,Matched,Exact amount + date + transaction type,95,High,No,No duplicate candidate
3b1c58fc-7816-4bfb-89c0-5f565ff2cedd,LED100762,2024-04-17,2024-04-17,4000.0,4000.0,0.0,0.0,UPI/41080/,UPI PAYMENT/41080/,Matched,Exact amount + date + transaction type,95,High,No,No duplicate candidate
ab7dc2d6-89ba-477d-9826-26f4e67a3c28,LED100763,2024-04-17,2024-04-17,40.0,40.0,0.0,0.0,UPI/PAYTM8p,UPI PAYMENT/PAYTM8P,Matched,Exact amount + date + transaction type,95,High,No,No duplicate candidate
f30f3bc0-6e04-4d0a-ac40-fab88dd3bdaf,LED100764,2024-04-18,2024-04-18,130.0,130.0,0.0,0.0,UPI/41098,UPI PAYMENT/41098,Matched,Exact amount + date + transaction type,95,High,No,No duplicate candidate
0e00e4aa-83ff-45f2-a887-fbc85a828059,LED100765,2024-04-19,2024-04-19,500.0,500.0,0.0,0.0,NEFT,NEFT PAYMENT,Matched,Exact reference + amount + date + type,100,High,No,No duplicate candidate
d803f517-c060-49df-a739-0f0b6968d70f,LED100766,2024-04-19,2024-04-19,400.0,400.0,0.0,0.0,UPI/44767/o,UPI PAYMENT/44767/O,Matched,Exact amount + date + transaction type,95,High,No,No duplicate candidate
3ce42a10-e653-4b1d-8457-dd708f957c67,LED100767,2024-04-19,2024-04-19,20.0,20.0,0.0,0.0,UPI/44763,UPI PAYMENT/44763,Matched,Exact amount + date + transaction type,95,High,No,No duplicate candidate
49d7cf57-79ab-498e-96db-9c503222741a,LED100768,2024-04-19,2024-04-19,10.0,10.0,0.0,0.0,UPI/4476,UPI PAYMENT/4476,Matched,Exact amount + date + transaction type,95,High,No,No duplicate candidate
c48dffdb-6b3c-44be-8156-0062dde4798f,LED100829,2024-04-20,2024-05-04,1450.0,1380.0,-70.0,14.0,NEFT,NEFT PAYMENT,Amount Mismatch,Description similarity 100% but amount differs by ₹70.00,80,Medium,No,No duplicate candidate
2c9edfcb-2464-4e78-9dae-b964a77b68ea,LED100781,2024-04-20,2024-04-23,130.0,130.0,0.0,3.0,UPI/GPAY,UPI PAYMENT/GPAY,Timing Difference,"Amount + type match, date difference 3 day(s), description similarity 100%",70,Medium,Yes,Duplicate candidate detected
fccef286-4526-4726-863d-d4750a1d8781,LED100771,2024-04-20,2024-04-20,200.0,200.0,0.0,0.0,UPI/44779,UPI PAYMENT/44779,Matched,Exact amount + date + transaction type,95,High,No,No duplicate candidate
54f6d8b0-d9c9-4577-a5e8-806bec7cc0ca,LED100772,2024-04-20,2024-04-20,60.0,60.0,0.0,0.0,UPI/41110,UPI PAYMENT/41110,Matched,Exact amount + date + transaction type,95,High,No,No duplicate candidate
d3ab8c88-06f1-4355-b11c-3894692904e1,LED100773,2024-04-20,2024-04-20,10.0,10.0,0.0,0.0,UPI/4477,UPI PAYMENT/4477,Matched,Exact amount + date + transaction type,95,High,No,No duplicate candidate
37023f20-cd29-4d67-b6da-815dc8e4495b,LED100774,2024-04-21,2024-04-21,780.0,780.0,0.0,0.0,NEFT,NEFT PAYMENT,Matched,Exact reference + amount + date + type,100,High,No,No duplicate candidate
4a55456d-1578-4384-99f0-d0551a3ce353,LED100775,2024-04-22,2024-04-22,2970.0,2970.0,0.0,0.0,NEFT,NEFT PAYMENT,Matched,Exact reference + amount + date + type,100,High,No,No duplicate candidate
c31f75bc-d203-433f-958f-f289992bb0f3,LED100776,2024-04-22,2024-04-24,130.0,130.0,0.0,2.0,UPI/GPAY,UPI PAYMENT/GPAY,Timing Difference,"Amount + type match, date difference 2 day(s), description similarity 100%",75,Medium,Yes,Duplicate candidate detected
b58f6d36-ed03-46ad-b47e-9325045a76b2,LED100777,2024-04-22,2024-04-22,380.0,380.0,0.0,0.0,UPI/BHARATPE,UPI PAYMENT/BHARATPE,Matched,Exact amount + date + transaction type,95,High,No,No duplicate candidate
c91bc3a7-9f6b-48f1-9561-46c3ece2baab,LED100778,2024-04-22,2024-04-22,15.0,15.0,0.0,0.0,EURO Net BILL,EURO NET BILL,Matched,Exact amount + date + transaction type,95,High,No,No duplicate candidate
cf93bcfe-484a-471a-81ba-16dcba6fd2f1,LED100779,2024-04-22,2024-04-22,10.0,10.0,0.0,0.0,UPI/BHARATPE,UPI PAYMENT/BHARATPE,Matched,Exact amount + date + transaction type,95,High,No,No duplicate candidate
ad4dbbaa-9053-468f-9e11-258b8b237e51,LED100780,2024-04-23,2024-04-23,300.0,300.0,0.0,0.0,NEFT,NEFT PAYMENT,Matched,Exact reference + amount + date + type,100,High,No,No duplicate candidate
d517b9fc-3e85-49f8-b6cc-20d2efecba79,LED100782,2024-04-23,2024-04-23,130.0,130.0,0.0,0.0,UPI/GPAY,UPI PAYMENT/GPAY,Matched,Exact amount + date + transaction type,95,High,Yes,Duplicate candidate detected
fa7e80c4-58ad-4790-9959-ec7e59fbc67f,LED100787,2024-04-23,2024-04-24,130.0,130.0,0.0,1.0,UPI/GPAY,UPI PAYMENT/GPAY,Timing Difference,"Amount + type match, date difference 1 day(s), description similarity 100%",80,Medium,Yes,Duplicate candidate detected
d1ebf28b-4b9d-4c68-9003-33ae87f0fe17,LED100783,2024-04-23,2024-04-23,400.0,400.0,0.0,0.0,UPI/41146,UPI PAYMENT/41146,Matched,Exact amount + date + transaction type,95,High,No,No duplicate candidate
da512c6c-d2b6-40eb-aa3d-1c5f649fe763,LED100784,2024-04-24,2024-04-24,1570.0,1570.0,0.0,0.0,NEFT,NEFT PAYMENT,Matched,Exact reference + amount + date + type,100,High,No,No duplicate candidate
99a18bcb-b126-45e5-84e1-25e32794d6a3,LED100785,2024-04-24,2024-04-24,1.0,1.0,0.0,0.0,UPI/41150/autopayhdfcbank,UPI PAYMENT/41150/AUTOPAYHDFCBANK,Matched,Exact amount + date + transaction type,95,High,No,No duplicate candidate
c5c1c4d3-bc90-40e9-9752-4e1a892f0f08,LED100786,2024-04-24,2024-04-24,1.0,1.0,0.0,0.0,UPI/41150/autopayhdfcbank,UPI PAYMENT/41150/AUTOPAYHDFCBANK,Matched,Exact amount + date + transaction type,95,High,No,No duplicate candidate
31aab463-ccca-46d0-bb22-cbc89cf43f14,LED100791,2024-04-24,2024-04-26,130.0,130.0,0.0,2.0,UPI/GPAY,UPI PAYMENT/GPAY,Timing Difference,"Amount + type match, date difference 2 day(s), description similarity 100%",75,Medium,Yes,Duplicate candidate detected
ab8fba2a-2754-458a-b932-83ede34ed0e4,LED100788,2024-04-25,2024-04-25,1200.0,1200.0,0.0,0.0,NEFT,NEFT PAYMENT,Matched,Exact reference + amount + date + type,100,High,No,No duplicate candidate
1c4acb99-d93b-44a5-a973-a7731913870c,LED100789,2024-04-26,2024-04-26,1160.0,1218.0,58.0,0.0,NEFT,NEFT PAYMENT,Amount Mismatch,Description similarity 100% but amount differs by ₹58.00,80,Medium,No,No duplicate candidate
ef92af33-1002-4eca-8ca5-234fd4e50438,LED100790,2024-04-26,2024-04-26,250.0,250.0,0.0,0.0,UPI/41176/,UPI PAYMENT/41176/,Matched,Exact amount + date + transaction type,95,High,No,No duplicate candidate
3a845d1a-0d45-4baf-9df1-9fed3beac079,LED100989,2024-04-26,2024-04-26,130.0,130.0,0.0,0.0,UPI/GPAY,UPI PAYMENT/GPAY,Matched,Exact amount + date + transaction type,95,High,Yes,Duplicate candidate detected
a57a70e9-a28f-4456-8ade-f37288d7dc9b,LED100792,2024-04-26,2024-04-26,260.0,260.0,0.0,0.0,UPI/GPAY,UPI PAYMENT/GPAY,Matched,Exact amount + date + transaction type,95,High,No,No duplicate candidate
5a833f4f-4923-41a0-975e-e981311578a2,LED100793,2024-04-27,2024-04-27,1060.0,1060.0,0.0,0.0,NEFT,NEFT PAYMENT,Matched,Exact reference + amount + date + type,100,High,No,No duplicate candidate
4d895602-777e-4035-8414-d438d151b72f,LED100794,2024-04-27,2024-04-27,1.0,1.0,0.0,0.0,AMZN/,AMZN/,Matched,Exact amount + date + transaction type,95,High,No,No duplicate candidate
de0b0d9c-069b-44d8-80cf-965e1b8eb56b,LED100795,2024-04-27,2024-04-27,7500.0,7500.0,0.0,0.0,AMZN/,AMZN/,Matched,Exact amount + date + transaction type,95,High,No,No duplicate candidate
c718d820-6d0d-4193-a7b4-96e78efe4348,LED100796,2024-04-27,2024-04-27,12.0,12.0,0.0,0.0,UPI/GPAY,UPI PAYMENT/GPAY,Matched,Exact amount + date + transaction type,95,High,No,No duplicate candidate
f13916de-1fed-432f-b431-c92101ecf97f,LED100797,2024-04-27,2024-04-27,400.0,400.0,0.0,0.0,UPI/4484,UPI PAYMENT/4484,Matched,Exact amount + date + transaction type,95,High,No,No duplicate candidate
1f3e92e3-0a90-4c73-aec3-27a7a5056511,LED100798,2024-04-28,2024-04-28,1100.0,1100.0,0.0,0.0,NEFT,NEFT PAYMENT,Matched,Exact reference + amount + date + type,100,High,No,No duplicate candidate
c5ab64ea-0396-4a7c-8be2-100c3b71479c,LED100799,2024-04-28,2024-04-28,50.0,50.0,0.0,0.0,UPI/4485,UPI PAYMENT/4485,Potential Match,Amount + type match with description similarity 100%,85,Medium,Yes,Duplicate candidate detected
6cf2ffde-995f-4b76-aa3f-fc89a49a063b,LED100800,2024-04-28,2024-04-28,10.0,10.0,0.0,0.0,UPI/GPAY,UPI PAYMENT/GPAY,Matched,Exact amount + date + transaction type,95,High,No,No duplicate candidate
5787039c-d591-4037-b405-41f479eab738,LED100801,2024-04-28,2024-04-28,50.0,50.0,0.0,0.0,UPI/4485,UPI PAYMENT/4485,Matched,Exact amount + date + transaction type,95,High,Yes,Duplicate candidate detected
3671ec65-a102-4085-a87e-dff09f0cbee8,LED100802,2024-04-28,2024-04-28,1.0,1.0,0.0,0.0,UPI/44851,UPI PAYMENT/44851,Matched,Exact amount + date + transaction type,95,High,No,No duplicate candidate
bb44094f-ffae-4f0c-a470-64db270135e3,LED100803,2024-04-28,2024-04-28,499.0,499.0,0.0,0.0,UPI/41198/,UPI PAYMENT/41198/,Matched,Exact amount + date + transaction type,95,High,No,No duplicate candidate
2693e44b-2c17-4ca1-bc5b-e2d5a70a8a16,LED100804,2024-04-28,2024-04-28,15.0,15.0,0.0,0.0,UPI/44852/JIOINAPPDIRECT,UPI PAYMENT/44852/JIOINAPPDIRECT,Matched,Exact amount + date + transaction type,95,High,No,No duplicate candidate
485c56b1-d27b-401c-91e7-1bf1819af65e,LED100805,2024-04-29,2024-04-29,650.0,650.0,0.0,0.0,NEFT,NEFT PAYMENT,Matched,Exact reference + amount + date + type,100,High,No,No duplicate candidate
fd59d877-049e-4437-999c-aa3708cf4f35,LED100806,2024-04-30,2024-04-30,50.0,50.0,0.0,0.0,NEFT,NEFT PAYMENT,Matched,Exact reference + amount + date + type,100,High,No,No duplicate candidate
3e3da725-f004-4c1d-bf1a-38152f6fd861,LED100807,2024-04-30,2024-04-30,70.0,70.0,0.0,0.0,UPI/4487,UPI PAYMENT/4487,Matched,Exact amount + date + transaction type,95,High,No,No duplicate candidate
8d035697-5860-4674-b4f9-c3069fd3430b,LED100808,2024-04-30,2024-04-30,10.0,10.0,0.0,0.0,UPI/41213,UPI PAYMENT/41213,Matched,Exact amount + date + transaction type,95,High,No,No duplicate candidate
d6cceb33-4191-4155-a920-409f86132852,LED100809,2024-04-30,2024-04-30,15.0,15.0,0.0,0.0,UPI/41213,UPI PAYMENT/41213,Matched,Exact amount + date + transaction type,95,High,No,No duplicate candidate
0496d418-8cae-4098-a82d-cbd898b35b41,LED100810,2024-04-30,2024-04-30,480.0,480.0,0.0,0.0,UPI/4487,UPI PAYMENT/4487,Matched,Exact amount + date + transaction type,95,High,No,No duplicate candidate
34f26469-0133-4b42-b636-4723bfe87d5a,LED100811,2024-04-30,2024-04-30,1000.0,1000.0,0.0,0.0,UPI/4487,UPI PAYMENT/4487,Matched,Exact amount + date + transaction type,95,High,No,No duplicate candidate
871f81b0-9a74-44f7-b768-dc8dfe6b1162,LED100812,2024-04-30,2024-04-30,130.0,130.0,0.0,0.0,UPI/GPAY,UPI PAYMENT/GPAY,Matched,Exact amount + date + transaction type,95,High,No,No duplicate candidate
ef2366dd-5641-4f8d-b20d-7d7939805ada,LED100813,2024-04-30,2024-04-30,600.0,600.0,0.0,0.0,UPI/41,UPI PAYMENT/41,Matched,Exact amount + date + transaction type,95,High,No,No duplicate candidate
bba4b15f-1786-439f-a2a1-bf997b3b4752,LED100814,2024-05-01,2024-05-01,1650.0,1650.0,0.0,0.0,NEFT,NEFT PAYMENT,Matched,Exact reference + amount + date + type,100,High,No,No duplicate candidate
677511e3-dfb7-4881-958d-5dde8afffba0,LED100815,2024-05-01,2024-05-01,242.0,242.0,0.0,0.0,UPI/JIOINAPPDIRECT/,UPI PAYMENT/JIOINAPPDIRECT/,Matched,Exact amount + date + transaction type,95,High,No,No duplicate candidate
21384645-789d-4f28-adbd-ee1fcb2c11c4,LED100816,2024-04-30,2024-04-30,47.0,47.0,0.0,0.0,518881000,518881000,Matched,Exact amount + date + transaction type,95,High,No,No duplicate candidate
7a29d991-5022-4824-9ad1-a03be38ae62f,LED100817,2024-05-02,2024-05-02,860.0,860.0,0.0,0.0,NEFT,NEFT PAYMENT,Matched,Exact reference + amount + date + type,100,High,No,No duplicate candidate
8ebb1040-10d1-4bbb-8134-630b5d3e5831,LED100818,2024-05-02,2024-05-03,20.0,20.0,0.0,1.0,UPI/41232,UPI PAYMENT/41232,Timing Difference,"Amount + type match, date difference 1 day(s), description similarity 100%",80,Medium,No,No duplicate candidate
1a9f6f0a-2a9a-48d9-98ac-70440ef6c411,LED100819,2024-05-02,2024-05-02,10.0,10.0,0.0,0.0,UPI/41232,UPI PAYMENT/41232,Matched,Exact amount + date + transaction type,95,High,No,No duplicate candidate
647ab463-69b0-44a6-aff9-1ccc2b286aac,LED100820,2024-05-02,2024-05-02,80.0,80.0,0.0,0.0,UPI/PAYTMap,UPI PAYMENT/PAYTMAP,Matched,Exact amount + date + transaction type,95,High,No,No duplicate candidate
97d36ab3-0c08-4eeb-8f67-2bc3855889d7,LED100821,2024-05-02,2024-05-02,1500.0,1500.0,0.0,0.0,AMZN,AMZN,Matched,Exact amount + date + transaction type,95,High,No,No duplicate candidate
c4676bc4-dd7c-4c36-b6b9-64645fd25530,LED100822,2024-05-02,2024-05-02,130.0,130.0,0.0,0.0,UPI/GPAY,UPI PAYMENT/GPAY,Potential Match,Amount + type match with description similarity 100%,85,Medium,Yes,Duplicate candidate detected
480a7681-c5f5-4a9f-b57a-69e8c889cab2,LED100823,2024-05-02,2024-05-02,130.0,130.0,0.0,0.0,UPI/GPAY,UPI PAYMENT/GPAY,Potential Match,Amount + type match with description similarity 100%,85,Medium,Yes,Duplicate candidate detected
273f8cf5-89b5-4bc0-93f9-5579657b690f,LED100824,2024-05-02,2024-05-02,400.0,400.0,0.0,0.0,UPI/41234,UPI PAYMENT/41234,Matched,Exact amount + date + transaction type,95,High,No,No duplicate candidate
7a6ce6c6-9f59-4718-85a5-9fb34af27dd5,LED100825,2024-05-02,2024-05-02,130.0,130.0,0.0,0.0,UPI/GPAY,UPI PAYMENT/GPAY,Matched,Exact amount + date + transaction type,95,High,Yes,Duplicate candidate detected
e4c7abc2-955a-4555-862f-70563324d33e,LED100826,2024-05-03,2024-05-03,320.0,320.0,0.0,0.0,NEFT,NEFT PAYMENT,Matched,Exact reference + amount + date + type,100,High,No,No duplicate candidate
14326b1d-1770-4776-9b6a-7a90e5e4bbe0,LED100827,2024-05-03,2024-05-03,50.0,50.0,0.0,0.0,UPI/PAYTMap,UPI PAYMENT/PAYTMAP,Matched,Exact amount + date + transaction type,95,High,No,No duplicate candidate
55b55f0e-0b96-4b6e-9aa0-049d73bc4ed9,LED100828,2024-05-03,2024-05-03,180.0,180.0,0.0,0.0,UPI/PAYTMmp,UPI PAYMENT/PAYTMMP,Matched,Exact amount + date + transaction type,95,High,No,No duplicate candidate
61dcecc9-1d67-4edc-a8a6-50d066a74c1b,LED100340,2024-05-04,2023-12-01,1380.0,1575.0,195.0,-155.0,NEFT,NEFT PAYMENT,Amount Mismatch,Description similarity 100% but amount differs by ₹195.00,80,Medium,No,No duplicate candidate
f3b86d1b-1889-44d6-8907-786dd2ed001e,LED100830,2024-05-04,2024-05-04,20.0,20.0,0.0,0.0,UPI/GPAY,UPI PAYMENT/GPAY,Matched,Exact amount + date + transaction type,95,High,No,No duplicate candidate
f34cd85b-f0ce-4c09-852a-b4b324eda39e,LED100831,2024-05-04,2024-05-04,130.0,130.0,0.0,0.0,UPI/GPAY,UPI PAYMENT/GPAY,Matched,Exact amount + date + transaction type,95,High,No,No duplicate candidate
196523fd-76f6-4768-a8ce-2f18d4267f9e,LED100832,2024-05-04,2024-05-04,400.0,400.0,0.0,0.0,UPI/41252,UPI PAYMENT/41252,Matched,Exact amount + date + transaction type,95,High,No,No duplicate candidate
dcca75fb-d339-4ffe-b22d-954bcbbca240,LED100833,2024-05-05,2024-05-05,800.0,800.0,0.0,0.0,NEFT,NEFT PAYMENT,Matched,Exact reference + amount + date + type,100,High,No,No duplicate candidate
0637105c-449b-444e-af57-b2e4931fbdea,LED100834,2024-05-05,2024-05-05,110.0,110.0,0.0,0.0,UPI/4492,UPI PAYMENT/4492,Potential Match,Amount + type match with description similarity 100%,85,Medium,No,No duplicate candidate
330e7027-ae47-4c04-82c1-91d807149cd2,LED100835,2024-05-05,2024-05-05,80.0,80.0,0.0,0.0,UPI/4492,UPI PAYMENT/4492,Matched,Exact amount + date + transaction type,95,High,No,No duplicate candidate
b9b6bad7-6254-46fb-aa99-37f5babcc33d,LED100836,2024-05-05,2024-05-05,130.0,130.0,0.0,0.0,UPI/GPAY,UPI PAYMENT/GPAY,Matched,Exact amount + date + transaction type,95,High,No,No duplicate candidate
b36a0b25-74d6-4f3a-a22d-92e4705e2912,LED100837,2024-05-05,2024-05-05,110.0,110.0,0.0,0.0,UPI/41267,UPI PAYMENT/41267,Matched,Exact amount + date + transaction type,95,High,No,No duplicate candidate
bccb9467-1f3e-4a20-a6ba-d2b18c216feb,LED100838,2024-05-06,2024-05-06,250.0,250.0,0.0,0.0,NEFT,NEFT PAYMENT,Matched,Exact reference + amount + date + type,100,High,No,No duplicate candidate
811b5dfe-d24b-420a-9701-e0fbd6460b74,LED100839,2024-05-06,2024-05-06,20.0,20.0,0.0,0.0,UPI/PAYTMvp,UPI PAYMENT/PAYTMVP,Potential Match,Amount + type match with description similarity 100%,85,Medium,No,No duplicate candidate
e42b0839-6287-4080-9234-0de28682ee0e,LED100840,2024-05-06,2024-05-06,130.0,130.0,0.0,0.0,UPI/4493,UPI PAYMENT/4493,Potential Match,Amount + type match with description similarity 100%,85,Medium,No,No duplicate candidate
73e3e6b0-5bda-4368-9bc6-f1d8a5628bb4,LED100841,2024-05-06,2024-05-06,130.0,130.0,0.0,0.0,UPI/GPAY,UPI PAYMENT/GPAY,Matched,Exact amount + date + transaction type,95,High,No,No duplicate candidate
8a0f0f1d-02f2-471e-81bb-b5dea44309f4,LED100842,2024-05-06,2024-05-06,20.0,20.0,0.0,0.0,UPI/4493,UPI PAYMENT/4493,Potential Match,Amount + type match with description similarity 100%,85,Medium,No,No duplicate candidate
603bb328-4050-415f-b8d6-22d8ddd45959,LED100843,2024-05-06,2024-05-06,20.0,20.0,0.0,0.0,UPI/PAYTM,UPI PAYMENT/PAYTM,Matched,Exact amount + date + transaction type,95,High,No,No duplicate candidate
a0cb180f-0d4b-4fd2-8c68-a00c5d043815,LED100879,2024-05-07,2024-05-12,1700.0,1750.0,50.0,5.0,NEFT,NEFT PAYMENT,Amount Mismatch,Description similarity 100% but amount differs by ₹50.00,80,Medium,No,No duplicate candidate
d35629ad-db75-483f-8ebc-fa9833468f9c,LED100845,2024-05-07,2024-05-07,10.0,10.0,0.0,0.0,UPI/4494,UPI PAYMENT/4494,Matched,Exact amount + date + transaction type,95,High,No,No duplicate candidate
96a8396d-5075-43e0-9676-ec189c238104,LED100846,2024-05-07,2024-05-07,150.0,150.0,0.0,0.0,UPI/4494,UPI PAYMENT/4494,Matched,Exact amount + date + transaction type,95,High,No,No duplicate candidate
edc422af-eef4-4c75-9f54-e7ed8c24796c,LED100847,2024-05-07,2024-05-07,310.0,310.0,0.0,0.0,UPI/PAYTM,UPI PAYMENT/PAYTM,Matched,Exact amount + date + transaction type,95,High,No,No duplicate candidate
e32eb683-aefb-4611-8431-03f8460adb84,LED100848,2024-05-07,2024-05-07,30.0,30.0,0.0,0.0,UPI/4494,UPI PAYMENT/4494,Matched,Exact amount + date + transaction type,95,High,No,No duplicate candidate
2f538e5f-64cf-4990-bf87-c644770ff18d,LED100849,2024-05-07,2024-05-07,1500.0,1500.0,0.0,0.0,UPI/4494,UPI PAYMENT/4494,Matched,Exact amount + date + transaction type,95,High,No,No duplicate candidate
c1a6ae0d-a73f-4219-9e99-7b0b3d8cf600,LED100850,2024-05-07,2024-05-07,600.0,600.0,0.0,0.0,UPI/41284,UPI PAYMENT/41284,Matched,Exact amount + date + transaction type,95,High,No,No duplicate candidate
dc9033f5-ae18-41f9-92fc-02141a9d23d6,LED100851,2024-05-07,2024-05-07,130.0,130.0,0.0,0.0,UPI/GPAY,UPI PAYMENT/GPAY,Potential Match,Amount + type match with description similarity 100%,85,Medium,Yes,Duplicate candidate detected
d63df3de-1e30-4bbb-885a-d586fffcf5de,LED100852,2024-05-07,2024-05-07,130.0,130.0,0.0,0.0,UPI/GPAY,UPI PAYMENT/GPAY,Matched,Exact amount + date + transaction type,95,High,Yes,Duplicate candidate detected
f7c914d8-dfc6-4467-ac97-768ce788631a,LED100853,2024-05-07,2024-05-07,19.0,19.0,0.0,0.0,UPI/GPAYRECHARGE,UPI PAYMENT/GPAYRECHARGE,Matched,Exact amount + date + transaction type,95,High,No,No duplicate candidate
fb0898df-03aa-4f3f-a35a-d962da0d4df0,LED100854,2024-05-08,2024-05-08,860.0,860.0,0.0,0.0,NEFT,NEFT PAYMENT,Matched,Exact reference + amount + date + type,100,High,No,No duplicate candidate
f33ed4cf-7758-48e5-bce8-1d47947f7bb5,LED100855,2024-05-08,2024-05-08,10.0,10.0,0.0,0.0,UPI/41296,UPI PAYMENT/41296,Matched,Exact amount + date + transaction type,95,High,No,No duplicate candidate
d018937b-c15b-4d7d-9f18-15a44e989b69,LED100856,2024-05-08,2024-05-08,80.0,80.0,0.0,0.0,UPI/PAYTMap,UPI PAYMENT/PAYTMAP,Matched,Exact amount + date + transaction type,95,High,No,No duplicate candidate
fdc988b6-c087-4b75-9459-a5433148e943,LED100857,2024-05-08,2024-05-08,50.0,50.0,0.0,0.0,UPI/PAYTMap,UPI PAYMENT/PAYTMAP,Matched,Exact amount + date + transaction type,95,High,No,No duplicate candidate
ab2722fa-4db7-4bd6-ac92-67da806770c3,LED100858,2024-05-08,2024-05-08,250.0,250.0,0.0,0.0,UPI/GPAY,UPI PAYMENT/GPAY,Matched,Exact amount + date + transaction type,95,High,No,No duplicate candidate
7cbb62cb-58c9-4d7a-9e70-4c73656b4357,LED100859,2024-05-08,2024-05-08,200.0,200.0,0.0,0.0,UPI/4495,UPI PAYMENT/4495,Matched,Exact amount + date + transaction type,95,High,No,No duplicate candidate
7f51347c-e02c-4f1e-abb4-4213890448ae,LED100860,2024-05-09,2024-05-09,100.0,100.0,0.0,0.0,UPI/4496,UPI PAYMENT/4496,Matched,Exact amount + date + transaction type,95,High,No,No duplicate candidate
dbbfc153-bd45-4094-8eeb-538d435adf9e,LED100861,2024-05-09,2024-05-09,30.0,30.0,0.0,0.0,UPI/4496,UPI PAYMENT/4496,Potential Match,Amount + type match with description similarity 100%,85,Medium,Yes,Duplicate candidate detected
b89c59e1-2116-4cfc-a8ec-7440c36a6853,LED100862,2024-05-09,2024-05-09,20.0,20.0,0.0,0.0,UPI/PAYTMlp,UPI PAYMENT/PAYTMLP,Potential Match,Amount + type match with description similarity 100%,85,Medium,No,No duplicate candidate
46c380b7-c110-4b54-98f7-6acd26467908,LED100863,2024-05-09,2024-05-09,25.0,25.0,0.0,0.0,UPI/BHARATPE,UPI PAYMENT/BHARATPE,Matched,Exact amount + date + transaction type,95,High,No,No duplicate candidate
97769eb5-f3e4-4f68-af86-233a0616915d,LED100864,2024-05-09,2024-05-09,20.0,20.0,0.0,0.0,UPI/4496,UPI PAYMENT/4496,Matched,Exact amount + date + transaction type,95,High,No,No duplicate candidate
f8df0c27-3ef1-450d-a5b5-b9ce9de6fddb,LED100865,2024-05-09,2024-05-09,900.0,900.0,0.0,0.0,UPI/44964,UPI PAYMENT/44964,Matched,Exact amount + date + transaction type,95,High,No,No duplicate candidate
8548326a-8594-46b2-97de-1adcaab9a74a,LED100866,2024-05-09,2024-05-09,50.0,50.0,0.0,0.0,IMPS,IMPS PAYMENT,Matched,Exact amount + date + transaction type,95,High,No,No duplicate candidate
c785f6d9-41ce-4222-8e7e-56acda2689b2,LED100867,2024-05-09,2024-05-09,19.0,19.0,0.0,0.0,UPI/GPAYRECHARGE,UPI PAYMENT/GPAYRECHARGE,Matched,Exact amount + date + transaction type,95,High,No,No duplicate candidate
2e15a8d1-b54d-4048-b590-f779e0aba88d,LED100868,2024-05-10,2024-05-10,4000.0,4000.0,0.0,0.0,UPI/44971,UPI PAYMENT/44971,Matched,Exact amount + date + transaction type,95,High,No,No duplicate candidate
ce62273d-0213-4c01-ab97-0a92567a1945,LED100889,2024-05-10,2024-05-14,20.0,10.0,-10.0,4.0,UPI/BHARATPE,UPI PAYMENT/BHARATPE,Amount Mismatch,Description similarity 100% but amount differs by ₹10.00,80,Medium,No,No duplicate candidate
2f0ed765-4807-4bc9-ba7f-621994f2115b,LED100870,2024-05-10,2024-05-10,2000.0,2000.0,0.0,0.0,UPI/4497,UPI PAYMENT/4497,Matched,Exact amount + date + transaction type,95,High,No,No duplicate candidate
c0b480d3-9bd1-4d7b-a3e7-46675b6adb3c,LED100876,2024-05-10,2024-05-11,80.0,80.0,0.0,1.0,UPI/PAYTMap,UPI PAYMENT/PAYTMAP,Timing Difference,"Amount + type match, date difference 1 day(s), description similarity 100%",80,Medium,No,No duplicate candidate
45b50201-8fd6-434b-9d50-574d7ca588aa,LED100872,2024-05-10,2024-05-10,130.0,130.0,0.0,0.0,UPI/GPAY,UPI PAYMENT/GPAY,Matched,Exact amount + date + transaction type,95,High,No,No duplicate candidate
d179e30f-bd27-4ed2-a1c5-0ba7be5259a4,LED100873,2024-05-11,2024-05-11,570.0,570.0,0.0,0.0,NEFT,NEFT PAYMENT,Matched,Exact reference + amount + date + type,100,High,No,No duplicate candidate
30bb69bd-f41c-403e-8b9a-b979b7677247,LED100874,2024-05-11,2024-05-11,10.0,10.0,0.0,0.0,UPI/4498,UPI PAYMENT/4498,Matched,Exact amount + date + transaction type,95,High,No,No duplicate candidate
3963a4d4-ba7d-481e-969b-9a44ae20a864,LED100875,2024-05-11,2024-05-11,130.0,130.0,0.0,0.0,UPI/GPAY,UPI PAYMENT/GPAY,Matched,Exact amount + date + transaction type,95,High,No,No duplicate candidate
cbefc487-a0fd-41da-a201-25bd1e7a413f,LED100958,2024-05-11,2024-05-25,80.0,80.0,0.0,14.0,UPI/PAYTMap,UPI PAYMENT/PAYTMAP,Potential Match,Same amount + high description similarity 100% but date differs by 14 days,60,Low,No,No duplicate candidate
430f553a-f354-4228-9c05-eb2d7ae79d96,LED100877,2024-05-11,2024-05-11,1000.0,1000.0,0.0,0.0,UPI/44987,UPI PAYMENT/44987,Matched,Exact amount + date + transaction type,95,High,No,No duplicate candidate
1abd45bf-1688-44de-a4d5-959f48b5155e,LED100878,2024-05-11,2024-05-11,240.9,240.9,0.0,0.0,UPI/GPAYRECHARGE,UPI PAYMENT/GPAYRECHARGE,Matched,Exact amount + date + transaction type,95,High,No,No duplicate candidate
23fb0efc-e983-48df-a46d-1062a787f8e4,LED100931,2024-05-12,2024-05-22,1750.0,2050.0,300.0,10.0,NEFT,NEFT PAYMENT,Amount Mismatch,Description similarity 100% but amount differs by ₹300.00,80,Medium,No,No duplicate candidate
ef15596a-7bdf-4188-8515-96ad1f22c2c4,LED100880,2024-05-12,2024-05-12,10.0,10.0,0.0,0.0,UPI/4499,UPI PAYMENT/4499,Matched,Exact amount + date + transaction type,95,High,No,No duplicate candidate
d03a38bf-6960-4ba2-9c36-5bbaf088a36d,LED100881,2024-05-12,2024-05-12,70.0,70.0,0.0,0.0,UPI/41331,UPI PAYMENT/41331,Matched,Exact amount + date + transaction type,95,High,No,No duplicate candidate
4cd145a0-d0eb-4731-bb29-266c20c33205,LED100882,2024-05-12,2024-05-12,200.0,200.0,0.0,0.0,UPI/41,UPI PAYMENT/41,Matched,Exact amount + date + transaction type,95,High,No,No duplicate candidate
ae6f3208-d206-4215-8052-0f979e326278,LED100883,2024-05-12,2024-05-12,205.0,205.0,0.0,0.0,UPI/BHARATPE,UPI PAYMENT/BHARATPE,Matched,Exact amount + date + transaction type,95,High,No,No duplicate candidate
9cf29963-4d2b-4c9c-99e6-134b394dadd8,LED100884,2024-05-13,2024-05-13,20.0,20.0,0.0,0.0,UPI/4500,UPI PAYMENT/4500,Matched,Exact amount + date + transaction type,95,High,No,No duplicate candidate
7141e406-9738-4db3-8092-123d8dabec38,LED100885,2024-05-13,2024-05-13,11530.0,11530.0,0.0,0.0,NEFT,NEFT PAYMENT,Matched,Exact reference + amount + date + type,100,High,No,No duplicate candidate
50ba70db-724a-443e-bc6c-d61587d9763d,LED100886,2024-05-13,2024-05-13,40.0,40.0,0.0,0.0,UPI/45003,UPI PAYMENT/45003,Potential Match,Amount + type match with description similarity 100%,85,Medium,No,No duplicate candidate
dffc4904-9780-4817-b679-f7d95da78607,LED100887,2024-05-13,2024-05-13,30.0,30.0,0.0,0.0,UPI/4500,UPI PAYMENT/4500,Matched,Exact amount + date + transaction type,95,High,No,No duplicate candidate
ecf802b6-d1d7-43de-b9e0-f41a43a67ce0,LED100888,2024-05-13,2024-05-13,40.0,40.0,0.0,0.0,UPI/4500,UPI PAYMENT/4500,Matched,Exact amount + date + transaction type,95,High,No,No duplicate candidate
c63622f7-6dc7-4c0d-9da1-026ff7e8f83f,LED100891,2024-05-14,2024-05-14,10.0,40.0,30.0,0.0,UPI/BHARATPE,UPI PAYMENT/BHARATPE,Amount Mismatch,Description similarity 100% but amount differs by ₹30.00,80,Medium,No,No duplicate candidate
8fb6e718-26d2-4cea-a1d9-aa8fb11ffa83,LED100890,2024-05-14,2024-05-15,10000.0,10000.0,0.0,1.0,UPI/41350,UPI PAYMENT/41350,Timing Difference,"Amount + type match, date difference 1 day(s), description similarity 100%",80,Medium,No,No duplicate candidate
f368130f-61d1-44b0-940c-aad28b39bea2,LED100991,2024-05-14,2023-09-08,40.0,220.0,180.0,-249.0,UPI/BHARATPE,UPI PAYMENT/BHARATPE,Amount Mismatch,Description similarity 100% but amount differs by ₹180.00,80,Medium,Yes,Duplicate candidate detected
32499502-516f-44ba-ace3-9d7f4851515c,LED100892,2024-05-14,2024-05-14,600.0,600.0,0.0,0.0,UPI/41,UPI PAYMENT/41,Matched,Exact amount + date + transaction type,95,High,No,No duplicate candidate
374bdc9e-c30b-4d08-8aaf-baa7f00edc68,,2024-05-14,,500.0,,,,UPI/BHARATPE,,Unmatched Bank Transaction,No suitable ledger transaction found,0,Low,No,No duplicate candidate
82a23b7d-b949-430b-9925-ac41f1d9ab9e,LED100894,2024-05-14,2024-05-14,150.0,150.0,0.0,0.0,UPI/PAYTM,UPI PAYMENT/PAYTM,Matched,Exact amount + date + transaction type,95,High,No,No duplicate candidate
97f77a7d-37d0-4e8f-8d96-c2603541c6ab,LED100895,2024-05-15,2024-05-15,650.0,650.0,0.0,0.0,NEFT,NEFT PAYMENT,Matched,Exact reference + amount + date + type,100,High,No,No duplicate candidate
4b213377-c845-4d68-b4a3-47adfd333d67,LED100896,2024-05-15,2024-05-15,15.0,15.0,0.0,0.0,UPI/45025/JIOINAPPDIRECT,UPI PAYMENT/45025/JIOINAPPDIRECT,Potential Match,Amount + type match with description similarity 100%,85,Medium,No,No duplicate candidate
21459fcb-7f53-4a2b-98e6-b92e38ac3562,LED100897,2024-05-15,2024-05-15,130.0,130.0,0.0,0.0,UPI/GPAY,UPI PAYMENT/GPAY,Matched,Exact amount + date + transaction type,95,High,No,No duplicate candidate
a27bd0c5-66c9-41e7-8350-0d74d43a464f,LED100898,2024-05-15,2024-05-15,100.0,100.0,0.0,0.0,UPI/4502,UPI PAYMENT/4502,Matched,Exact amount + date + transaction type,95,High,No,No duplicate candidate
7fad5e57-1b2d-440e-a3ff-43aab42e4688,LED100899,2024-05-15,2024-05-15,500.0,500.0,0.0,0.0,UPI/4502,UPI PAYMENT/4502,Matched,Exact amount + date + transaction type,95,High,No,No duplicate candidate
5a48353c-1b4b-4378-baf4-a75f9ed2e03a,LED100900,2024-05-15,2024-05-15,15.0,15.0,0.0,0.0,UPI/45028/JIOINAPPDIRECT,UPI PAYMENT/45028/JIOINAPPDIRECT,Matched,Exact amount + date + transaction type,95,High,No,No duplicate candidate
8e88e324-d8bb-4920-b8f2-c98a49e51f84,LED100901,2024-05-15,2024-05-15,10.0,10.0,0.0,0.0,UPI/4502,UPI PAYMENT/4502,Matched,Exact amount + date + transaction type,95,High,No,No duplicate candidate
6b33e460-d49f-465e-833d-b6c8843c3e21,LED100902,2024-05-16,2024-05-16,130.0,130.0,0.0,0.0,NEFT,NEFT PAYMENT,Matched,Exact reference + amount + date + type,100,High,No,No duplicate candidate
ac706267-eb14-4772-89e5-a4a30cba2740,LED100903,2024-05-16,2024-05-16,30.0,30.0,0.0,0.0,UPI/GPAY,UPI PAYMENT/GPAY,Matched,Exact amount + date + transaction type,95,High,No,No duplicate candidate
51f628f6-d430-41bf-b227-72fc7a89ae8b,LED100904,2024-05-16,2024-05-16,130.0,130.0,0.0,0.0,UPI/GPAY,UPI PAYMENT/GPAY,Potential Match,Amount + type match with description similarity 100%,85,Medium,Yes,Duplicate candidate detected
5957e0d0-1550-4a27-9f50-4e276d34f00e,LED100905,2024-05-16,2024-05-16,400.0,392.0,-8.0,0.0,UPI/41,UPI PAYMENT/41,Amount Mismatch,Description similarity 100% but amount differs by ₹8.00,80,Medium,No,No duplicate candidate
a240c84e-8916-4307-95f5-a722ad0287d6,LED100906,2024-05-16,2024-05-16,1000.0,1000.0,0.0,0.0,UPI/41374,UPI PAYMENT/41374,Matched,Exact amount + date + transaction type,95,High,No,No duplicate candidate
544ae2ba-f779-4c9e-a192-faeff9f795fd,LED100907,2024-05-16,2024-05-16,130.0,130.0,0.0,0.0,UPI/GPAY,UPI PAYMENT/GPAY,Matched,Exact amount + date + transaction type,95,High,Yes,Duplicate candidate detected
9436c34b-0490-4466-a238-6e945334cb4b,LED100908,2024-05-16,2024-05-16,500.0,500.0,0.0,0.0,UPI/4503,UPI PAYMENT/4503,Matched,Exact amount + date + transaction type,95,High,No,No duplicate candidate
b0b21466-ac5c-452c-899c-7f3d1971295d,LED100909,2024-05-17,2024-05-17,650.0,650.0,0.0,0.0,NEFT,NEFT PAYMENT,Matched,Exact reference + amount + date + type,100,High,No,No duplicate candidate
c5913173-57bc-4340-88b2-f9c330e26eaf,LED100910,2024-05-17,2024-05-17,110.0,110.0,0.0,0.0,UPI/4504,UPI PAYMENT/4504,Matched,Exact amount + date + transaction type,95,High,No,No duplicate candidate
891568f3-3d71-48e1-a416-5854239541a4,LED100911,2024-05-17,2024-05-17,95.0,95.0,0.0,0.0,UPI/4504,UPI PAYMENT/4504,Matched,Exact amount + date + transaction type,95,High,No,No duplicate candidate
327b7200-ee13-4179-b6d0-41bc618589f8,LED100912,2024-05-17,2024-05-17,1300.0,1300.0,0.0,0.0,UPI/41382,UPI PAYMENT/41382,Matched,Exact amount + date + transaction type,95,High,No,No duplicate candidate
4cf0a4da-ff24-4659-a5c0-3827552759ee,LED100913,2024-05-18,2024-05-18,260.0,260.0,0.0,0.0,UPI/GPAY,UPI PAYMENT/GPAY,Matched,Exact amount + date + transaction type,95,High,No,No duplicate candidate
c93cffda-0d4a-4228-bd3b-6dd8be20afe8,LED100914,2024-05-18,2024-05-18,15.0,15.0,0.0,0.0,UPI/45051/JIOINAPPDIRECT,UPI PAYMENT/45051/JIOINAPPDIRECT,Matched,Exact amount + date + transaction type,95,High,No,No duplicate candidate
7907ca94-6546-4a7f-b8ff-0beb996e787b,LED100915,2024-05-18,2024-05-18,50.0,50.0,0.0,0.0,UPI/PAYTMap,UPI PAYMENT/PAYTMAP,Potential Match,Amount + type match with description similarity 100%,85,Medium,No,No duplicate candidate
50261313-f646-465d-9bfa-09983019e719,LED100916,2024-05-18,2024-05-18,50.0,50.0,0.0,0.0,UPI/41394/LOAD/LITE,UPI PAYMENT/41394/LOAD/LITE,Matched,Exact amount + date + transaction type,95,High,No,No duplicate candidate
b7963334-f585-4191-b319-eba6a2a2456e,LED100917,2024-05-19,2024-05-19,60.0,60.0,0.0,0.0,UPI/4506,UPI PAYMENT/4506,Matched,Exact amount + date + transaction type,95,High,No,No duplicate candidate
d2aa0378-2ce2-4e10-933c-e13c2f583cf2,LED100918,2024-05-19,2024-05-19,100.0,100.0,0.0,0.0,UPI/4506,UPI PAYMENT/4506,Matched,Exact amount + date + transaction type,95,High,No,No duplicate candidate
2869a12e-d89f-40ec-bd80-10d9b45a6e53,LED100919,2024-05-19,2024-05-19,20.0,20.0,0.0,0.0,UPI/PAYTMap,UPI PAYMENT/PAYTMAP,Matched,Exact amount + date + transaction type,95,High,No,No duplicate candidate
f0dbfbd2-2203-4f8f-a872-fa89b7d761d1,LED100920,2024-05-19,2024-05-19,130.0,130.0,0.0,0.0,UPI/GPAY,UPI PAYMENT/GPAY,Matched,Exact amount + date + transaction type,95,High,No,No duplicate candidate
3aea12bb-ef0e-4bbe-8eaa-cbfddf5dbfb8,LED100921,2024-05-19,2024-05-19,50.0,50.0,0.0,0.0,UPI/PAYTMap,UPI PAYMENT/PAYTMAP,Matched,Exact amount + date + transaction type,95,High,No,No duplicate candidate
8b196063-5ca4-443b-b5a2-eafa8e081903,LED100922,2024-05-19,2024-05-19,400.0,400.0,0.0,0.0,UPI/41402,UPI PAYMENT/41402,Matched,Exact amount + date + transaction type,95,High,No,No duplicate candidate
ced19446-2522-40a4-8fa2-a87201c91562,LED100923,2024-05-19,2024-05-19,15.0,15.0,0.0,0.0,UPI/45065/JIOINAPPDIRECT,UPI PAYMENT/45065/JIOINAPPDIRECT,Matched,Exact amount + date + transaction type,95,High,No,No duplicate candidate
68a1453d-c79c-40ce-b13d-29a59857331c,LED100924,2024-05-20,2024-05-20,130.0,130.0,0.0,0.0,UPI/GPAY,UPI PAYMENT/GPAY,Potential Match,Amount + type match with description similarity 100%,85,Medium,Yes,Duplicate candidate detected
1dc53379-c75d-49ff-94fd-1b5ccae6cd7f,LED100925,2024-05-20,2024-05-20,130.0,130.0,0.0,0.0,UPI/GPAY,UPI PAYMENT/GPAY,Matched,Exact amount + date + transaction type,95,High,Yes,Duplicate candidate detected
729dabc3-ec33-4996-bf21-48bde4b3579c,LED100926,2024-05-21,2024-05-21,1070.0,1070.0,0.0,0.0,NEFT,NEFT PAYMENT,Matched,Exact reference + amount + date + type,100,High,No,No duplicate candidate
9f4bc29e-a3f6-4fc1-84c2-8f46afba045c,LED100927,2024-05-21,2024-05-21,55.0,55.0,0.0,0.0,UPI/4508,UPI PAYMENT/4508,Matched,Exact amount + date + transaction type,95,High,No,No duplicate candidate
64ccdc6c-1f54-40ad-830c-238eb2b287b3,LED100928,2024-05-21,2024-05-21,130.0,130.0,0.0,0.0,UPI/GPAY,UPI PAYMENT/GPAY,Potential Match,Amount + type match with description similarity 100%,85,Medium,Yes,Duplicate candidate detected
be7a3c9f-d51d-47d3-bb11-ba07b4b26b9c,LED100929,2024-05-21,2024-05-21,400.0,400.0,0.0,0.0,UPI/41420,UPI PAYMENT/41420,Matched,Exact amount + date + transaction type,95,High,No,No duplicate candidate
a4e3a401-60d7-4b5d-8fb0-7c219062717b,LED100930,2024-05-21,2024-05-21,130.0,130.0,0.0,0.0,UPI/GPAY,UPI PAYMENT/GPAY,Matched,Exact amount + date + transaction type,95,High,Yes,Duplicate candidate detected
f339783e-6bb5-4882-b1dc-dea34a4ada59,LED100982,2024-05-22,2024-05-30,2050.0,938.0,-1112.0,8.0,NEFT,NEFT PAYMENT,Amount Mismatch,Description similarity 100% but amount differs by ₹1112.00,80,Medium,No,No duplicate candidate
a6f63dce-5cb7-4695-a0b1-68b2000bf9dc,LED100932,2024-05-22,2024-05-22,19.0,19.0,0.0,0.0,UPI/45095/JIOINAPPDIRECT,UPI PAYMENT/45095/JIOINAPPDIRECT,Matched,Exact amount + date + transaction type,95,High,No,No duplicate candidate
54cd475c-363a-4bd1-8c70-a80687d06754,LED100940,2024-05-22,2024-05-23,240.0,260.0,20.0,1.0,UPI/GPAY,UPI PAYMENT/GPAY,Amount Mismatch,Description similarity 100% but amount differs by ₹20.00,80,Medium,Yes,Duplicate candidate detected
9670c45a-c512-440d-b884-02c0535ee8bf,LED100934,2024-05-22,2024-05-22,20.0,20.0,0.0,0.0,UPI/GPAY,UPI PAYMENT/GPAY,Matched,Exact amount + date + transaction type,95,High,No,No duplicate candidate
d83f984f-6105-4d15-bbb2-c85d206b5e20,LED100935,2024-05-22,2024-05-22,10.0,10.0,0.0,0.0,UPI/4509,UPI PAYMENT/4509,Matched,Exact amount + date + transaction type,95,High,No,No duplicate candidate
cf8cd6ae-83c6-4786-82e9-8ac13aa35a5f,LED100936,2024-05-22,2024-05-22,3920.0,3920.0,0.0,0.0,UPI/45096,UPI PAYMENT/45096,Matched,Exact amount + date + transaction type,95,High,No,No duplicate candidate
18dd5138-6e8f-4659-8826-9f53b6fe19ee,LED100937,2024-05-22,2024-05-22,3920.0,3920.0,0.0,0.0,UPI/45090,UPI PAYMENT/45090,Matched,Exact amount + date + transaction type,95,High,No,No duplicate candidate
5f691ada-c06c-420e-b75a-f03190a0b58b,LED100938,2024-05-22,2024-05-22,130.0,130.0,0.0,0.0,UPI/GPAY,UPI PAYMENT/GPAY,Matched,Exact amount + date + transaction type,95,High,No,No duplicate candidate
c6594f09-c02f-4cee-9ef9-5f7b1a4e012b,LED100939,2024-05-23,2024-05-23,650.0,650.0,0.0,0.0,NEFT,NEFT PAYMENT,Matched,Exact reference + amount + date + type,100,High,No,No duplicate candidate
2e634379-f3e6-415f-b0bc-b118bcef5a99,LED100941,2024-05-23,2024-05-23,260.0,260.0,0.0,0.0,UPI/GPAY,UPI PAYMENT/GPAY,Potential Match,Amount + type match with description similarity 100%,85,Medium,Yes,Duplicate candidate detected
afee02c8-95f7-407a-ac0b-1102446d5fcd,LED100943,2024-05-23,2024-05-23,260.0,260.0,0.0,0.0,UPI/GPAY,UPI PAYMENT/GPAY,Potential Match,Amount + type match with description similarity 100%,85,Medium,Yes,Duplicate candidate detected
2226ae5f-116e-4b55-91d4-c7e76f4f80e4,LED100942,2024-05-23,2024-05-23,15.0,15.0,0.0,0.0,UPI/PAYTM5p,UPI PAYMENT/PAYTM5P,Matched,Exact amount + date + transaction type,95,High,No,No duplicate candidate
1c781ae2-c0d5-4884-b2f7-26609545cedf,LED100945,2024-05-23,2024-05-23,260.0,260.0,0.0,0.0,UPI/GPAY,UPI PAYMENT/GPAY,Potential Match,Amount + type match with description similarity 100%,85,Medium,Yes,Duplicate candidate detected
a287d40c-92bb-4271-bdfa-142faff50a63,LED100944,2024-05-23,2024-05-23,20.0,20.0,0.0,0.0,UPI/4510,UPI PAYMENT/4510,Matched,Exact amount + date + transaction type,95,High,No,No duplicate candidate
e28a05a7-b00f-430e-ba92-18ba473d99b3,LED100946,2024-05-23,2024-05-23,260.0,260.0,0.0,0.0,UPI/GPAY,UPI PAYMENT/41448,Matched,Exact amount + date + transaction type,95,High,Yes,Duplicate candidate detected
3b30bf89-e93a-469f-bb1c-245eb2baa81a,,2024-05-23,,260.0,,,,UPI/41448,,Unmatched Bank Transaction,No suitable ledger transaction found,0,Low,No,No duplicate candidate
ec0ea4f1-7480-4cc8-97b8-fc06082f60fa,LED100947,2024-05-24,2024-05-24,130.0,130.0,0.0,0.0,UPI/GPAY,UPI PAYMENT/GPAY,Potential Match,Amount + type match with description similarity 100%,85,Medium,Yes,Duplicate candidate detected
11aae491-d422-4bc6-88be-e0981a6555a3,LED100948,2024-05-24,2024-05-23,600.0,600.0,0.0,-1.0,UPI/41451,UPI PAYMENT/41451,Timing Difference,"Amount + type match, date difference 1 day(s), description similarity 100%",80,Medium,No,No duplicate candidate
e1da6560-137c-4531-b0d1-4068e7b3ec00,LED100949,2024-05-24,2024-05-24,600.0,600.0,0.0,0.0,UPI/41454/REVERSAL,UPI PAYMENT/41454/REVERSAL,Matched,Exact amount + date + transaction type,95,High,No,No duplicate candidate
3e1974e3-ed9f-409b-a7f1-0f0a261f5b1c,LED100950,2024-05-24,2024-05-24,130.0,130.0,0.0,0.0,UPI/GPAY,UPI PAYMENT/GPAY,Matched,Exact amount + date + transaction type,95,High,Yes,Duplicate candidate detected
1b5435dc-d9ff-406c-9dc9-b5142dfb6b00,LED100483,2024-05-25,2024-01-21,600.0,568.4,-31.6,-125.0,NEFT,NEFT PAYMENT,Amount Mismatch,Description similarity 100% but amount differs by ₹31.60,80,Medium,No,No duplicate candidate
11f63bd4-d130-46bf-8750-fbc765b13a25,,2024-05-25,,50.0,,,,UPI/BHARATPE,,Unmatched Bank Transaction,No suitable ledger transaction found,0,Low,No,No duplicate candidate
0aa75e81-6e8b-4b55-9c96-97368b0d6659,LED100953,2024-05-25,2024-05-25,60.0,60.0,0.0,0.0,UPI/4512,UPI PAYMENT/4512,Matched,Exact amount + date + transaction type,95,High,No,No duplicate candidate
64989ec7-0c73-4710-89f3-d861eacfe326,LED100954,2024-05-25,2024-05-25,10.0,10.0,0.0,0.0,UPI/4512,UPI PAYMENT/4512,Potential Match,Amount + type match with description similarity 100%,85,Medium,Yes,Duplicate candidate detected
0efc1af2-5a91-4176-922b-f89a6614085f,LED100955,2024-05-25,2024-05-25,640.0,640.0,0.0,0.0,UPI/4512,UPI PAYMENT/4512,Matched,Exact amount + date + transaction type,95,High,No,No duplicate candidate
55c5d6de-5b14-4d88-89bf-bb336319b910,LED100956,2024-05-25,2024-05-25,130.0,130.0,0.0,0.0,UPI/GPAY,UPI PAYMENT/GPAY,Matched,Exact amount + date + transaction type,95,High,No,No duplicate candidate
a51900ee-8189-40fb-a168-0ed0d256e304,LED100957,2024-05-25,2024-05-25,10.0,10.0,0.0,0.0,UPI/4512,UPI PAYMENT/4512,Matched,Exact amount + date + transaction type,95,High,Yes,Duplicate candidate detected
9eee8e44-9a33-4fff-a926-bd2ce08b29ea,LED100981,2024-05-25,2024-05-29,80.0,80.0,0.0,4.0,UPI/PAYTMap,UPI PAYMENT/PAYTMAP,Timing Difference,Same amount + high description similarity 100% + date difference 4 day(s),65,Low,No,No duplicate candidate
553dc082-dcec-4fd8-b281-f66a6476d839,LED100959,2024-05-25,2024-05-25,20.0,20.0,0.0,0.0,UPI/PAYTM5p,UPI PAYMENT/PAYTM5P,Matched,Exact amount + date + transaction type,95,High,No,No duplicate candidate
2bf8ddcb-237d-4bda-b211-e6a8ac1a1bfd,LED100960,2024-05-25,2024-05-25,1000.0,1000.0,0.0,0.0,IMPS,IMPS PAYMENT,Matched,Exact amount + date + transaction type,95,High,No,No duplicate candidate
cb803ea0-20b9-4f76-a5e5-b70bebf17e04,LED100961,2024-05-26,2024-05-26,20.0,20.0,0.0,0.0,UPI/PAYTMtm,UPI PAYMENT/PAYTMTM,Matched,Exact amount + date + transaction type,95,High,No,No duplicate candidate
ce711a57-cfdb-4ea3-b89b-ffddc327c65b,LED100962,2024-05-26,2024-05-26,30.0,30.0,0.0,0.0,UPI/PAYTM,UPI PAYMENT/PAYTM,Potential Match,Amount + type match with description similarity 100%,85,Medium,No,No duplicate candidate
1d74d62b-640c-4508-a121-c404129cd1d1,LED100963,2024-05-26,2024-05-26,30.0,30.0,0.0,0.0,UPI/PAYTMtm,UPI PAYMENT/PAYTMTM,Potential Match,Amount + type match with description similarity 100%,85,Medium,Yes,Duplicate candidate detected
efc2151d-f236-440e-b0d7-e90ad7d02463,LED100964,2024-05-26,2024-05-26,30.0,30.0,0.0,0.0,UPI/PAYTMtm,UPI PAYMENT/PAYTMTM,Matched,Exact amount + date + transaction type,95,High,Yes,Duplicate candidate detected
e1a3d09f-51c5-483e-a0eb-fce9254092a8,LED100965,2024-05-26,2024-05-26,400.0,400.0,0.0,0.0,UPI/45138,UPI PAYMENT/45138,Matched,Exact amount + date + transaction type,95,High,No,No duplicate candidate
bd3e4c88-bec3-456d-8ddf-e05592d6d5c6,LED100966,2024-05-26,2024-05-26,10.0,9.5,-0.5,0.0,UPI/PAYTMup,UPI PAYMENT/PAYTMUP,Amount Mismatch,Description similarity 100% but amount differs by ₹0.50,80,Medium,No,No duplicate candidate
24893e56-46f8-450a-9561-e2b9fa4ad1aa,LED100967,2024-05-26,2024-05-26,216.0,216.0,0.0,0.0,UPI/PAYTM101,UPI PAYMENT/PAYTM101,Matched,Exact amount + date + transaction type,95,High,No,No duplicate candidate
44b65320-b7f8-4ffa-8c8c-68627bc75acb,LED100968,2024-05-27,2024-05-27,260.0,260.0,0.0,0.0,UPI/GPAY,UPI PAYMENT/GPAY,Matched,Exact amount + date + transaction type,95,High,No,No duplicate candidate
ce15b6ec-346d-484f-a993-259e572d40f7,LED100969,2024-05-27,2024-05-27,50.0,50.0,0.0,0.0,UPI/PAYTMap,UPI PAYMENT/PAYTMAP,Matched,Exact amount + date + transaction type,95,High,No,No duplicate candidate
a62ff5ed-e775-4c60-a01a-5f29e43b7ac8,LED100970,2024-05-27,2024-05-27,20.0,20.0,0.0,0.0,UPI/PAYTM101,UPI PAYMENT/PAYTM101,Matched,Exact amount + date + transaction type,95,High,No,No duplicate candidate
2c3ef021-abc9-4ef8-a1b5-0ae8a6550754,LED100971,2024-05-27,2024-05-27,130.0,130.0,0.0,0.0,UPI/GPAY,UPI PAYMENT/GPAY,Matched,Exact amount + date + transaction type,95,High,No,No duplicate candidate
f3d07c84-fbd9-4de6-83e6-ffd9151d8e2b,LED100972,2024-05-27,2024-05-27,175.0,175.0,0.0,0.0,UPI/4514,UPI PAYMENT/4514,Matched,Exact amount + date + transaction type,95,High,No,No duplicate candidate
cd7df1ef-e2c1-4dae-a663-380b6d4c03fb,LED100973,2024-05-28,2024-05-28,210.0,210.0,0.0,0.0,NEFT,NEFT PAYMENT,Matched,Exact reference + amount + date + type,100,High,No,No duplicate candidate
5ea22a5a-f9a5-4586-95a6-3f9e06d2a6f7,LED100974,2024-05-28,2024-05-28,130.0,130.0,0.0,0.0,UPI/GPAY,UPI PAYMENT/GPAY,Potential Match,Amount + type match with description similarity 100%,85,Medium,Yes,Duplicate candidate detected
f19f5691-8cc9-4c3f-90f5-f8a37fbc0da2,LED100975,2024-05-28,2024-05-28,130.0,130.0,0.0,0.0,UPI/GPAY,UPI PAYMENT/GPAY,Matched,Exact amount + date + transaction type,95,High,Yes,Duplicate candidate detected
be7137b8-527c-411c-ac0d-2a2d68a737c0,LED100976,2024-05-29,2024-05-29,150.0,150.0,0.0,0.0,NEFT,NEFT PAYMENT,Matched,Exact reference + amount + date + type,100,High,No,No duplicate candidate
68158208-6c66-4fd7-a492-7dd69e076f99,LED100977,2024-05-29,2024-05-29,240.9,240.9,0.0,0.0,UPI/GPAYRECHARGE,UPI PAYMENT/GPAYRECHARGE,Matched,Exact amount + date + transaction type,95,High,No,No duplicate candidate
a54acb9b-016e-4474-9e25-1f497f9423d7,LED100978,2024-05-29,2024-05-29,130.0,130.0,0.0,0.0,UPI/GPAY,UPI PAYMENT/GPAY,Matched,Exact amount + date + transaction type,95,High,No,No duplicate candidate
b1f8b506-a1ec-485f-b6a3-46821bfac6b7,LED100979,2024-05-29,2024-05-29,300.0,300.0,0.0,0.0,UPI/4150,UPI PAYMENT/4150,Matched,Exact amount + date + transaction type,95,High,No,No duplicate candidate
a13ba7fa-3fa2-4607-a064-292aa6b8b67e,LED100980,2024-05-29,2024-05-29,245.0,245.0,0.0,0.0,UPI/4516,UPI PAYMENT/4516,Matched,Exact amount + date + transaction type,95,High,No,No duplicate candidate
c3b42859-ac27-483b-9759-c518aeb1e5ab,LED100871,2024-05-29,2024-05-10,80.0,78.4,-1.6,-19.0,UPI/PAYTMap,UPI PAYMENT/PAYTMAP,Amount Mismatch,Description similarity 100% but amount differs by ₹1.60,80,Medium,No,No duplicate candidate
2edaf543-5afd-4247-9320-5c213957cd98,LED100151,2024-05-30,2023-10-05,938.0,408.0,-530.0,-238.0,NEFT,NEFT PAYMENT,Amount Mismatch,Description similarity 100% but amount differs by ₹530.00,80,Medium,No,No duplicate candidate
87392ae7-630a-4cee-b8c3-d57f144654c1,LED100983,2024-05-30,2024-05-30,60.0,60.0,0.0,0.0,UPI/4517,UPI PAYMENT/4517,Matched,Exact amount + date + transaction type,95,High,No,No duplicate candidate
dc9a8f29-efdb-434b-a140-6e20f7185aa3,LED100984,2024-05-30,2024-05-30,130.0,130.0,0.0,0.0,UPI/4517,UPI PAYMENT/4517,Matched,Exact amount + date + transaction type,95,High,No,No duplicate candidate
a8722af7-486f-409b-bf44-452b087ecd27,LED100985,2024-05-30,2024-05-30,10.0,10.0,0.0,0.0,UPI/4517,UPI PAYMENT/4517,Matched,Exact amount + date + transaction type,95,High,No,No duplicate candidate
,LED100710,,2024-04-05,,136.5,,,,UPI PAYMENT/GPAY,Unmatched Ledger Transaction,No suitable bank transaction found,0,Low,No,No duplicate candidate
,LED100986,,2024-03-27,,20.0,,,,UPI PAYMENT/EAZYPAY,Duplicate Candidate,Ledger transaction appears more than once and was not uniquely reconciled,0,Low,Yes,Duplicate candidate detected
,LED100987,,2024-03-04,,10.0,,,,UPI PAYMENT/44304,Duplicate Candidate,Ledger transaction appears more than once and was not uniquely reconciled,0,Low,Yes,Duplicate candidate detected
,LED100990,,2023-11-11,,330.0,,,,UPI PAYMENT/3681,Duplicate Candidate,Ledger transaction appears more than once and was not uniquely reconciled,0,Low,Yes,Duplicate candidate detected
,LED100992,,2024-05-09,,30.0,,,,UPI PAYMENT/4496,Duplicate Candidate,Ledger transaction appears more than once and was not uniquely reconciled,0,Low,Yes,Duplicate candidate detected
,LED100993,,2023-09-17,,10.0,,,,UPI PAYMENT/PAYTM101,Duplicate Candidate,Ledger transaction appears more than once and was not uniquely reconciled,0,Low,Yes,Duplicate candidate detected
,LED100994,,2024-03-06,,60.0,,,,UPI PAYMENT/40664,Duplicate Candidate,Ledger transaction appears more than once and was not uniquely reconciled,0,Low,Yes,Duplicate candidate detected
,LED100995,,2024-02-11,,15.0,,,,GPAY BILL PAYMENT,Duplicate Candidate,Ledger transaction appears more than once and was not uniquely reconciled,0,Low,Yes,Duplicate candidate detected
