ledger_id,ledger_date,account,transaction_type,payment_mode,amount,description,bank_reference,source_bank_transaction_id,status
LED100001,2023-06-27,MAIN_OPERATING_ACCOUNT,DEBIT,CARD,100.0,GAS FILLING STATION,,6e80ee9f-49b5-434f-8ab6-f192a2296e6c,Posted
LED100002,2023-06-28,MAIN_OPERATING_ACCOUNT,DEBIT,CARD,170.0,GAS FILLING STATION,,a734aa85-4bf8-44c0-b508-305f554dc51e,Posted
LED100003,2023-07-26,MAIN_OPERATING_ACCOUNT,DEBIT,CARD,500.0,GAS FILLING STATION,,dc44e071-399f-4ec2-b6ec-64f9e8a05a8a,Posted
LED100004,2023-07-31,MAIN_OPERATING_ACCOUNT,CREDIT,OTHERS,15.0,5188810,,0adc1ed0-4809-462d-855c-84cda5593c80,Posted
LED100005,2023-08-07,MAIN_OPERATING_ACCOUNT,DEBIT,ATM,1000.0,ATM WITHDRAWAL,,1a018d91-db8a-416d-b49f-d03a84bc5c7b,Posted
LED100006,2023-08-22,MAIN_OPERATING_ACCOUNT,DEBIT,UPI,1.0,UPI PAYMENT/3234,,33bd1687-6ab2-43c5-be5f-d150f412834c,Posted
LED100007,2023-08-22,MAIN_OPERATING_ACCOUNT,CREDIT,UPI,3000.0,UPI PAYMENT/3234,,b87c4941-ad5b-41b7-9cda-4956a05a042e,Posted
LED100008,2023-08-22,MAIN_OPERATING_ACCOUNT,CREDIT,UPI,300.0,UPI PAYMENT/32345,,8bba53c3-7a35-40d6-a38c-fc142c432455,Posted
LED100009,2023-08-23,MAIN_OPERATING_ACCOUNT,DEBIT,UPI,1200.0,UPI PAYMENT/3235,,fd9c35d1-b32c-40f2-9e3e-0ddfe1d24cad,Posted
LED100010,2023-08-23,MAIN_OPERATING_ACCOUNT,CREDIT,UPI,400.0,UPI PAYMENT/ENT,,d2407a2c-15f3-46c2-b658-f9b66de3b6fd,Posted
LED100011,2023-08-24,MAIN_OPERATING_ACCOUNT,CREDIT,UPI,500.0,UPI PAYMENT/3236,,b347d492-3798-4af9-b684-b136ecc2163e,Posted
LED100012,2023-08-24,MAIN_OPERATING_ACCOUNT,CREDIT,UPI,300.0,UPI PAYMENT/3236,,2502b83f-52a0-459a-acc2-058856a6025f,Posted
LED100013,2023-08-24,MAIN_OPERATING_ACCOUNT,DEBIT,UPI,140.0,UPI PAYMENT/3236,,ef7cdb44-66aa-4523-bafb-bc36528ffb08,Posted
LED100014,2023-08-24,MAIN_OPERATING_ACCOUNT,CREDIT,UPI,400.0,UPI PAYMENT/3236,,cb0dda74-4491-4005-9038-5d4d2d3d8f69,Posted
LED100015,2023-08-24,MAIN_OPERATING_ACCOUNT,CREDIT,UPI,750.0,UPI PAYMENT/3236,,504ea1a4-880a-4336-be91-722f93d03d76,Posted
LED100016,2023-08-24,MAIN_OPERATING_ACCOUNT,DEBIT,UPI,80.0,UPI PAYMENT/BHARATPE6,,72b8aab6-5ec1-4204-9c6c-703251f82cae,Posted
LED100017,2023-08-24,MAIN_OPERATING_ACCOUNT,DEBIT,UPI,30.0,UPI PAYMENT/3236,,ecc76954-7c8f-4fc0-9e51-6fa35a1b4cac,Posted
LED100018,2023-08-25,MAIN_OPERATING_ACCOUNT,DEBIT,UPI,2480.0,UPI PAYMENT/3237,,d26c20ba-4ed1-4ea0-81b0-d864d6905ce6,Posted
LED100019,2023-08-25,MAIN_OPERATING_ACCOUNT,DEBIT,UPI,1450.0,UPI PAYMENT/32372,,4d14d160-484b-4f1d-822a-106f7e4d6cd0,Posted
LED100020,2023-08-25,MAIN_OPERATING_ACCOUNT,DEBIT,UPI,120.0,UPI PAYMENT/BHARATPE,,2395c8a5-2d7b-45ff-8279-07160dc2b24f,Posted
LED100021,2023-08-25,MAIN_OPERATING_ACCOUNT,CREDIT,UPI,480.0,UPI PAYMENT/36035,,60867cfd-705b-44ba-9183-9fd57069d79b,Posted
LED100022,2023-08-25,MAIN_OPERATING_ACCOUNT,CREDIT,OTHERS,1.0,IMPS PAYMENT,,9760f363-bad8-44f4-99cb-8d9c97dccc4c,Posted
LED100023,2023-08-25,MAIN_OPERATING_ACCOUNT,DEBIT,UPI,1.0,UPI PAYMENT/PAYTM,,b128ae36-e103-40fb-b402-dda22c0540a0,Posted
LED100024,2023-08-25,MAIN_OPERATING_ACCOUNT,DEBIT,UPI,1.0,UPI PAYMENT/32375,,b224b31a-93e8-4726-9853-e355c677a612,Posted
LED100025,2023-08-25,MAIN_OPERATING_ACCOUNT,CREDIT,UPI,21.0,UPI PAYMENT/32378/GOOG-PAYMENT,,24f677df-0d22-4ee9-a72e-228f9898062b,Posted
LED100026,2023-08-25,MAIN_OPERATING_ACCOUNT,CREDIT,OTHERS,1.0,NEFT PAYMENT,9200200.0,a25eeba0-6e08-45cb-9eb3-5583b6f9ec58,Posted
LED100027,2023-08-25,MAIN_OPERATING_ACCOUNT,DEBIT,UPI,1000.0,UPI PAYMENT/3237,,71bdd916-a4ad-4d30-9a0f-796611e2724f,Posted
LED100028,2023-08-25,MAIN_OPERATING_ACCOUNT,DEBIT,UPI,30.0,UPI PAYMENT/3603,,f36f9696-82f7-47b1-9290-75cd13d701ac,Posted
LED100029,2023-08-25,MAIN_OPERATING_ACCOUNT,CREDIT,OTHERS,51.0,IMPS PAYMENT,,c2ca6026-dd22-490f-8e8e-6bb1d033ec58,Posted
LED100030,2023-08-26,MAIN_OPERATING_ACCOUNT,DEBIT,UPI,1.0,UPI PAYMENT/BHARATPE,,dec347ca-1df8-4834-bf12-a7ec81d4faeb,Posted
LED100031,2023-08-26,MAIN_OPERATING_ACCOUNT,CREDIT,UPI,500.0,UPI PAYMENT/3238,,676db4e7-86c0-42e5-87f7-991d729ebd66,Posted
LED100032,2023-08-26,MAIN_OPERATING_ACCOUNT,CREDIT,UPI,500.0,UPI PAYMENT/32382,,ce354233-4a2f-499b-86f4-cc9ad4c0ccb7,Posted
LED100033,2023-08-26,MAIN_OPERATING_ACCOUNT,CREDIT,UPI,700.0,UPI PAYMENT/32384,,e47c0f6b-669c-4846-a4e1-a9c1abb74a49,Posted
LED100034,2023-08-26,MAIN_OPERATING_ACCOUNT,DEBIT,UPI,60.0,UPI PAYMENT/BHARATPE,,9da292b1-e6ff-4aec-ba17-1e9596be288d,Posted
LED100035,2023-08-26,MAIN_OPERATING_ACCOUNT,DEBIT,UPI,20.0,UPI PAYMENT/BHARATPE,,622a4877-d66b-4659-95f2-c834bc437044,Posted
LED100036,2023-08-27,MAIN_OPERATING_ACCOUNT,DEBIT,UPI,1.0,UPI PAYMENT/32394,,7c0b0fd3-5719-4c8f-be35-9a1eb624c282,Posted
LED100037,2023-08-27,MAIN_OPERATING_ACCOUNT,DEBIT,UPI,1499.0,UPI PAYMENT/3239,,016a5f57-2be1-4c57-a806-9076e198a71f,Posted
LED100038,2023-08-27,MAIN_OPERATING_ACCOUNT,CREDIT,UPI,240.0,UPI PAYMENT/32390/,,345f0d46-25ad-497a-85d7-9047543df60e,Posted
LED100039,2023-08-28,MAIN_OPERATING_ACCOUNT,CREDIT,OTHERS,850.0,IMPS PAYMENT,,e1f0ba13-39fa-4fa9-bcb1-47aab5a5e746,Posted
LED100040,2023-08-28,MAIN_OPERATING_ACCOUNT,DEBIT,UPI,10.0,AMZN,,6de89130-04ff-44c2-8801-88fca93609a9,Posted
LED100041,2023-08-29,MAIN_OPERATING_ACCOUNT,DEBIT,UPI,1200.0,UPI PAYMENT/3241,,febe3439-44d2-4ab8-a972-cdb1f72e43aa,Posted
LED100042,2023-08-29,MAIN_OPERATING_ACCOUNT,CREDIT,OTHERS,600.0,IMPS PAYMENT,,d2987357-92f2-4c9e-99a6-7692e931be22,Posted
LED100044,2023-08-30,MAIN_OPERATING_ACCOUNT,DEBIT,UPI,15.0,UPI PAYMENT/JIOINAPPDIRECT/,,ad797524-235c-4edb-b939-47647c17558c,Posted
LED100045,2023-08-30,MAIN_OPERATING_ACCOUNT,CREDIT,OTHERS,600.0,IMPS PAYMENT,,0494c9e3-ee71-4d31-b923-e723a1df44c3,Posted
LED100046,2023-08-30,MAIN_OPERATING_ACCOUNT,CREDIT,OTHERS,170.0,IMPS PAYMENT,,3fd5bdaf-a0ec-4108-8f31-b39d54ba740d,Posted
LED100047,2023-08-31,MAIN_OPERATING_ACCOUNT,CREDIT,OTHERS,350.0,NEFT PAYMENT,922020.0,6ad58ee6-705a-4a71-8e43-c7ed1e88088f,Posted
LED100048,2023-08-31,MAIN_OPERATING_ACCOUNT,CREDIT,OTHERS,750.0,IMPS PAYMENT,,c722d3c1-53df-4e6d-bc90-f14dbb97376b,Posted
LED100049,2023-08-31,MAIN_OPERATING_ACCOUNT,CREDIT,UPI,1200.0,UPI PAYMENT/PAYTMNA,,c75c6d29-5934-42c3-bbda-dfc773f0100a,Posted
LED100050,2023-08-31,MAIN_OPERATING_ACCOUNT,DEBIT,UPI,200.0,UPI PAYMENT/3609,,794a682b-5b7a-4444-bd6a-5a3db9f9f1a3,Posted
LED100051,2023-08-31,MAIN_OPERATING_ACCOUNT,DEBIT,UPI,50.0,UPI PAYMENT/3609,,7a6487f4-2008-4358-a761-2bd30994ae38,Posted
LED100052,2023-09-01,MAIN_OPERATING_ACCOUNT,DEBIT,UPI,3500.0,UPI PAYMENT/32445,,7a9c2faa-5032-42bb-9987-38cf36e1335b,Posted
LED100053,2023-09-03,MAIN_OPERATING_ACCOUNT,CREDIT,UPI,34.0,UPI PAYMENT/3612,,5ccc1be2-fbfb-4f60-9a87-17ee0b25c621,Posted
LED100054,2023-09-04,MAIN_OPERATING_ACCOUNT,CREDIT,UPI,460.0,UPI PAYMENT/32479,,8a98421e-6026-4147-a99b-1335649ebb75,Posted
LED100055,2023-09-04,MAIN_OPERATING_ACCOUNT,DEBIT,UPI,200.0,UPI PAYMENT/3613,,b0bfec92-0fee-4c83-aa63-ec56255fa8ca,Posted
LED100056,2023-09-04,MAIN_OPERATING_ACCOUNT,CREDIT,OTHERS,850.0,IMPS PAYMENT,,7aab002f-a9d3-4600-840b-78a381e69fdd,Posted
LED100057,2023-09-05,MAIN_OPERATING_ACCOUNT,CREDIT,UPI,200.0,UPI PAYMENT/3248,,e6e88a6e-1bbf-4d10-8efc-7c38d81db891,Posted
LED100058,2023-09-05,MAIN_OPERATING_ACCOUNT,CREDIT,OTHERS,1100.0,IMPS PAYMENT,,8efc053e-df71-45cc-a9ce-0cea8d9d166e,Posted
LED100059,2023-09-06,MAIN_OPERATING_ACCOUNT,DEBIT,UPI,10.0,UPI PAYMENT/PAYTMPA,,26212eac-72f0-4da8-943d-9e94599b1168,Posted
LED100060,2023-09-06,MAIN_OPERATING_ACCOUNT,DEBIT,UPI,15.0,UPI PAYMENT/JIOINAPPDIRECT/,,43423182-430e-4210-bf86-1093bde2c9a4,Posted
LED100061,2023-09-08,MAIN_OPERATING_ACCOUNT,DEBIT,UPI,220.0,UPI PAYMENT/BHARATPE,,e12cba6a-8238-4de8-af95-0afacd47ef30,Posted
LED100062,2023-09-08,MAIN_OPERATING_ACCOUNT,DEBIT,UPI,500.0,UPI PAYMENT/BHARATPE,,2d629427-5abd-4cfa-9729-ec2f575c9c3f,Posted
LED100063,2023-09-08,MAIN_OPERATING_ACCOUNT,CREDIT,OTHERS,850.0,IMPS PAYMENT,,976f05f5-b0b1-4525-a5bd-c57fd63b6302,Posted
LED100064,2023-09-09,MAIN_OPERATING_ACCOUNT,CREDIT,OTHERS,350.0,NEFT PAYMENT,922020.0,5792cc25-83fd-4513-a760-9d0e0be64897,Posted
LED100065,2023-09-09,MAIN_OPERATING_ACCOUNT,DEBIT,UPI,1.0,UPI PAYMENT/3252,,aa9e7078-1396-4bc4-b021-2801520dd0ae,Posted
LED100066,2023-09-11,MAIN_OPERATING_ACCOUNT,DEBIT,UPI,499.0,UPI PAYMENT/3618,,2256bb31-80eb-40ef-a8b3-b614aeef95ae,Posted
LED100067,2023-09-09,MAIN_OPERATING_ACCOUNT,CREDIT,OTHERS,200.0,IMPS PAYMENT,,9133c24e-a12b-453c-b398-890e035a50b6,Posted
LED100068,2023-09-11,MAIN_OPERATING_ACCOUNT,DEBIT,UPI,10.0,UPI PAYMENT/3620,,320083ed-ac9d-445f-95ab-665823b66121,Posted
LED100069,2023-09-12,MAIN_OPERATING_ACCOUNT,CREDIT,OTHERS,180.0,NEFT PAYMENT,922020.0,b03f18f8-dbdb-4a9e-9999-f615aaa23a4b,Posted
LED100070,2023-09-12,MAIN_OPERATING_ACCOUNT,DEBIT,CARD,60.0,GAS FILLING STATION,,31a91be1-0573-4fbe-b399-7ae1d0e177da,Posted
LED100071,2023-09-12,MAIN_OPERATING_ACCOUNT,DEBIT,UPI,10.0,UPI PAYMENT/36211,,c60fc4d6-f73d-4855-a843-69156836af12,Posted
LED100072,2023-09-12,MAIN_OPERATING_ACCOUNT,DEBIT,UPI,20.0,UPI PAYMENT/PAYTM,,8d3e0628-618e-499c-8c59-616a95f426d1,Posted
LED100073,2023-09-13,MAIN_OPERATING_ACCOUNT,CREDIT,OTHERS,350.0,NEFT PAYMENT,9220200.0,eab45d40-7e21-4933-b007-9170e9e35109,Posted
LED100074,2023-09-13,MAIN_OPERATING_ACCOUNT,DEBIT,UPI,3000.0,UPI PAYMENT/36222,,90d21217-2010-422c-80fc-2806ea02407b,Posted
LED100075,2023-09-13,MAIN_OPERATING_ACCOUNT,CREDIT,OTHERS,400.0,IMPS PAYMENT,,75571385-d68d-4bc4-aae6-3a2e4d84d1e5,Posted
LED100076,2023-09-15,MAIN_OPERATING_ACCOUNT,DEBIT,UPI,140.0,UPI PAYMENT/32578,,01e0f3d1-366b-4344-bf11-f37c0cae061b,Posted
LED100077,2023-09-14,MAIN_OPERATING_ACCOUNT,DEBIT,UPI,120.0,UPI PAYMENT/32571,,3f7d6337-5760-42e8-9650-82b7e4e6f25b,Posted
LED100078,2023-09-14,MAIN_OPERATING_ACCOUNT,CREDIT,OTHERS,670.0,IMPS PAYMENT,,7fa3f516-0a76-4a58-b66a-6e1297567084,Posted
LED100079,2023-09-14,MAIN_OPERATING_ACCOUNT,CREDIT,OTHERS,5500.0,IMPS PAYMENT,,9e361023-1600-47b8-929b-fd49f7d7bf22,Posted
LED100080,2023-09-14,MAIN_OPERATING_ACCOUNT,DEBIT,UPI,52.5,UPI PAYMENT/32576,,c61166ba-7899-4754-b839-36bbcf99df14,Posted
LED100081,2023-09-15,MAIN_OPERATING_ACCOUNT,CREDIT,OTHERS,580.0,IMPS PAYMENT,,9348033e-2c15-48d5-9d47-1e15b83a512a,Posted
LED100082,2023-09-15,MAIN_OPERATING_ACCOUNT,DEBIT,UPI,40.0,UPI PAYMENT/32581,,226c7c1a-4046-463e-92ea-6f6c8b600273,Posted
LED100083,2023-09-15,MAIN_OPERATING_ACCOUNT,CREDIT,OTHERS,400.0,IMPS PAYMENT,,f8e21723-b480-4813-a062-12bd1ddf6c9d,Posted
LED100084,2023-09-16,MAIN_OPERATING_ACCOUNT,DEBIT,UPI,120.0,UPI PAYMENT/BHARATPE,,1b3eda6c-a8f4-485a-8824-76b4eda8bf75,Posted
LED100085,2023-09-16,MAIN_OPERATING_ACCOUNT,DEBIT,UPI,110.0,UPI PAYMENT/36250,,6288f745-bfc9-49c9-9144-8f763cbc7303,Posted
LED100086,2023-09-17,MAIN_OPERATING_ACCOUNT,CREDIT,UPI,50.0,UPI PAYMENT/3626,,228d0c69-549c-4b66-bda9-26a88fa16cdb,Posted
LED100087,2023-09-17,MAIN_OPERATING_ACCOUNT,DEBIT,UPI,19.0,UPI PAYMENT/JIOINAPPDIRECT,,6cf8961e-f2dc-471d-8c7f-a12d443be002,Posted
LED100088,2023-09-17,MAIN_OPERATING_ACCOUNT,DEBIT,UPI,10.0,UPI PAYMENT/PAYTM101,,80da729f-1f76-41be-a745-097cac244ef9,Posted
LED100089,2023-09-18,MAIN_OPERATING_ACCOUNT,DEBIT,UPI,241.0,UPI PAYMENT/JIOINAPPDIRECT,,ca275aff-4c7c-415b-9f18-962dc7a2df69,Posted
LED100090,2023-09-18,MAIN_OPERATING_ACCOUNT,CREDIT,OTHERS,450.0,IMPS PAYMENT,,e6f497b6-446b-4f2b-8163-987ef32aae05,Posted
LED100091,2023-09-20,MAIN_OPERATING_ACCOUNT,DEBIT,UPI,60.0,UPI PAYMENT/36298/,,156b0720-ad19-4d54-a8da-446c44c447df,Posted
LED100092,2023-09-20,MAIN_OPERATING_ACCOUNT,DEBIT,UPI,19.0,UPI PAYMENT/JIOINAPPDIRECT,,4ac8f887-a601-4f56-be2b-5cc1ca6c6965,Posted
LED100093,2023-09-20,MAIN_OPERATING_ACCOUNT,DEBIT,UPI,50.0,UPI PAYMENT/BHARATPE6,,de00042e-b507-489e-8862-6efbf98e619c,Posted
LED100094,2023-09-21,MAIN_OPERATING_ACCOUNT,CREDIT,OTHERS,1550.0,NEFT PAYMENT,92202.0,8da5dea7-f101-4ad0-b139-414837511c68,Posted
LED100095,2023-09-21,MAIN_OPERATING_ACCOUNT,DEBIT,UPI,3500.0,UPI PAYMENT/3630,,dedecd53-f40c-4124-901b-0b400fc9758f,Posted
LED100096,2023-09-21,MAIN_OPERATING_ACCOUNT,CREDIT,UPI,1.0,UPI PAYMENT/3264,,97619cf6-f40f-4c05-9766-48c2a2860ee4,Posted
LED100097,2023-09-21,MAIN_OPERATING_ACCOUNT,CREDIT,UPI,2500.0,UPI PAYMENT/3264,,6d0349bd-1c9d-4717-9fe6-db9372baa936,Posted
LED100098,2023-09-22,MAIN_OPERATING_ACCOUNT,DEBIT,UPI,50.0,UPI PAYMENT/32655,,b6ff1b3f-979c-4fdd-8f5a-bbb1df4be12d,Posted
LED100099,2023-09-22,MAIN_OPERATING_ACCOUNT,DEBIT,UPI,1530.0,UPI PAYMENT/36311,,f51d2d6c-6fd9-4e14-b0e3-b73a0bbcb5cd,Posted
LED100100,2023-09-22,MAIN_OPERATING_ACCOUNT,DEBIT,UPI,2940.0,UPI PAYMENT/32659,,3df016c3-4a26-4786-94de-8eb634982994,Posted
LED100101,2023-09-22,MAIN_OPERATING_ACCOUNT,DEBIT,UPI,500.0,UPI PAYMENT/32654,,5230c540-d846-4481-af4b-259a9b4d26af,Posted
LED100102,2023-09-22,MAIN_OPERATING_ACCOUNT,DEBIT,UPI,400.0,UPI PAYMENT/BHARATPE,,ee1b82e0-c0ef-4b0b-8890-2c9a0e5f72e9,Posted
LED100103,2023-09-22,MAIN_OPERATING_ACCOUNT,DEBIT,UPI,140.0,UPI PAYMENT/PAYTM,,8eaa3e76-c910-47ef-9378-46e8ef464a35,Posted
LED100104,2023-09-22,MAIN_OPERATING_ACCOUNT,DEBIT,UPI,40.0,UPI PAYMENT/36318,,2e857865-defd-4882-9637-148669d40b3e,Posted
LED100105,2023-09-23,MAIN_OPERATING_ACCOUNT,CREDIT,OTHERS,1280.0,NEFT PAYMENT,92202.0,3ee3466b-ac57-4f9f-956b-a35f5d55e4b4,Posted
LED100106,2023-09-23,MAIN_OPERATING_ACCOUNT,DEBIT,UPI,20.0,UPI PAYMENT/GPAY,,71348f87-281d-4dac-815e-7c749f39106b,Posted
LED100107,2023-09-23,MAIN_OPERATING_ACCOUNT,DEBIT,UPI,40.0,UPI PAYMENT/PAYTM101,,0f13a626-bb42-4663-9043-403951ed5cbb,Posted
LED100108,2023-09-23,MAIN_OPERATING_ACCOUNT,DEBIT,UPI,17.0,UPI PAYMENT/BHARATPE,,74c43a11-f14e-4c0b-9a12-6ff003603c9d,Posted
LED100109,2023-09-23,MAIN_OPERATING_ACCOUNT,DEBIT,UPI,50.0,UPI PAYMENT/GPAY,,3260756f-954a-47b3-b46f-2c338f7f8b0a,Posted
LED100110,2023-09-24,MAIN_OPERATING_ACCOUNT,DEBIT,UPI,110.0,UPI PAYMENT/PAYTM101,,7d0dd7c6-8a00-4436-9823-009cd57b4d0e,Posted
LED100111,2023-09-25,MAIN_OPERATING_ACCOUNT,CREDIT,OTHERS,1100.0,NEFT PAYMENT,92202.0,802bb8ed-6cbd-4e2e-be90-09aef4da6794,Posted
LED100112,2023-09-25,MAIN_OPERATING_ACCOUNT,CREDIT,UPI,20.0,UPI PAYMENT/3268,,9125f055-f355-4d8d-9ac6-d9bb065ee25a,Posted
LED100113,2023-09-25,MAIN_OPERATING_ACCOUNT,DEBIT,UPI,20.0,UPI PAYMENT/PAYTMEP,,90c6e54f-6249-426a-9423-598892687d55,Posted
LED100114,2023-09-25,MAIN_OPERATING_ACCOUNT,DEBIT,UPI,40.0,UPI PAYMENT/36341,,f26df49f-0847-4da1-a06a-1f52e3b4fa9b,Posted
LED100115,2023-09-26,MAIN_OPERATING_ACCOUNT,DEBIT,UPI,1.0,UPI PAYMENT/32691,,8339b673-56e9-4517-aaf7-804da58d7ec4,Posted
LED100116,2023-09-26,MAIN_OPERATING_ACCOUNT,DEBIT,UPI,3000.0,UPI PAYMENT/36352,,6834106a-a1db-421a-a030-05b47ec0b49e,Posted
LED100117,2023-09-26,MAIN_OPERATING_ACCOUNT,DEBIT,UPI,1000.0,UPI PAYMENT/36351,,e4c9bdfc-0a18-4bc2-887b-f5d6449b7884,Posted
LED100118,2023-09-26,MAIN_OPERATING_ACCOUNT,CREDIT,UPI,400.0,UPI PAYMENT/32695,,380b58dc-3d3c-45b9-8acd-2b6f6822a954,Posted
LED100119,2023-09-27,MAIN_OPERATING_ACCOUNT,DEBIT,UPI,30.0,UPI PAYMENT/PAYTM,,9209e2ff-aabe-4148-82c9-3cfbb07572a5,Posted
LED100120,2023-09-27,MAIN_OPERATING_ACCOUNT,CREDIT,UPI,196.0,UPI PAYMENT/3270,,c843b30d-cb22-42e1-8c58-05d59e9b6410,Posted
LED100121,2023-09-27,MAIN_OPERATING_ACCOUNT,DEBIT,UPI,200.0,UPI PAYMENT/32709,,a7d31245-0cc9-446f-875f-efbed9a75bb1,Posted
LED100122,2023-09-27,MAIN_OPERATING_ACCOUNT,DEBIT,UPI,200.0,UPI PAYMENT/32706,,bbf7e57c-5c39-4c78-8faf-7a77a79fbebc,Posted
LED100123,2023-09-27,MAIN_OPERATING_ACCOUNT,CREDIT,OTHERS,400.0,NEFT PAYMENT,922020.0,a5f0be0a-122f-4b43-8333-14233b1d8c42,Posted
LED100124,2023-09-27,MAIN_OPERATING_ACCOUNT,DEBIT,UPI,100.0,UPI PAYMENT/36367,,756010f4-f8f3-4c81-81b9-62c25e8609e0,Posted
LED100125,2023-09-28,MAIN_OPERATING_ACCOUNT,CREDIT,OTHERS,1450.0,NEFT PAYMENT,8646845.0,b2ba5a7b-b5da-4563-831e-5cf406d85c8c,Posted
LED100126,2023-09-28,MAIN_OPERATING_ACCOUNT,DEBIT,UPI,1280.0,UPI PAYMENT/32712,,4b0f59fa-655b-4e30-9b83-f9514cf9b240,Posted
LED100127,2023-09-28,MAIN_OPERATING_ACCOUNT,DEBIT,UPI,10.0,UPI PAYMENT/36370,,3a4ff688-bef4-4aaf-8f45-61d0168ffc75,Posted
LED100128,2023-09-29,MAIN_OPERATING_ACCOUNT,CREDIT,OTHERS,600.0,NEFT PAYMENT,8646845.0,d8b45c85-45b2-4b13-9879-66a00fa7af65,Posted
LED100129,2023-09-29,MAIN_OPERATING_ACCOUNT,DEBIT,UPI,500.0,UPI PAYMENT/36381,,fa919e43-a6a1-4c55-9985-6f8b97d681eb,Posted
LED100130,2023-09-30,MAIN_OPERATING_ACCOUNT,CREDIT,OTHERS,480.0,NEFT PAYMENT,8646845.0,a100ec2b-95e6-40f8-a021-20b36afe2715,Posted
LED100131,2023-09-30,MAIN_OPERATING_ACCOUNT,DEBIT,UPI,150.0,UPI PAYMENT/PAYTM,,c9f6c8e9-e5b1-49e7-8f8b-442ebca30aaf,Posted
LED100132,2023-09-30,MAIN_OPERATING_ACCOUNT,DEBIT,UPI,35.0,UPI PAYMENT/PAYTMAP,,623990ca-7390-404b-82fa-5f10316863d2,Posted
LED100133,2023-09-30,MAIN_OPERATING_ACCOUNT,DEBIT,UPI,130.0,UPI PAYMENT/32738,,f8c83f63-6b3c-48b7-907e-1c7569881a5a,Posted
LED100134,2023-09-30,MAIN_OPERATING_ACCOUNT,DEBIT,UPI,50.0,UPI PAYMENT/BHARATPE,,3e3f3ee0-8eaf-456e-a475-f4aff84fd8a7,Posted
LED100135,2023-09-30,MAIN_OPERATING_ACCOUNT,DEBIT,UPI,10.0,AMZN,,9b3a0f22-6e89-4356-a5c5-f173fe76ff23,Posted
LED100136,2023-10-01,MAIN_OPERATING_ACCOUNT,CREDIT,OTHERS,700.0,NEFT PAYMENT,8646845.0,248af984-503d-4ca8-bd8f-00ba044859e7,Posted
LED100137,2023-10-01,MAIN_OPERATING_ACCOUNT,CREDIT,OTHERS,4550.0,IMPS PAYMENT,,ace38436-f415-45f8-bb95-3679ff3e0d43,Posted
LED100138,2023-10-01,MAIN_OPERATING_ACCOUNT,DEBIT,UPI,1.0,UPI PAYMENT/36406,,f820697b-3dd8-4e9b-88ed-27639dd662c3,Posted
LED100139,2023-10-01,MAIN_OPERATING_ACCOUNT,DEBIT,UPI,4000.0,UPI PAYMENT/36408,,ddcc8fa1-81c0-4d4b-8f71-180352bf97aa,Posted
LED100140,2023-10-01,MAIN_OPERATING_ACCOUNT,DEBIT,UPI,540.0,UPI PAYMENT/BHARATPE,,e3d156cc-dfbf-471b-b50c-75477e85847b,Posted
LED100141,2023-10-01,MAIN_OPERATING_ACCOUNT,DEBIT,UPI,50.0,UPI PAYMENT/BHARATPE,,edf8c5a8-b2d0-442d-bc16-8d739075ddaf,Posted
LED100142,2023-10-01,MAIN_OPERATING_ACCOUNT,CREDIT,OTHERS,540.0,IMPS PAYMENT,,7b4353e3-877e-4ae0-8437-22bb587225b4,Posted
LED100143,2023-10-02,MAIN_OPERATING_ACCOUNT,DEBIT,UPI,370.0,UPI PAYMENT/PAYTM9P,,5f109549-800e-46e7-9455-e0a9b4865360,Posted
LED100144,2023-10-03,MAIN_OPERATING_ACCOUNT,DEBIT,UPI,19.0,UPI PAYMENT/JIOINAPPDIRECT,,31668b32-0d2d-4dea-aa92-6b8c31ee848e,Posted
LED100145,2023-10-03,MAIN_OPERATING_ACCOUNT,CREDIT,OTHERS,600.0,NEFT PAYMENT,8646845.0,3108c01e-39f6-4c2f-a283-86db7439f95c,Posted
LED100146,2023-10-03,MAIN_OPERATING_ACCOUNT,DEBIT,UPI,10.0,UPI PAYMENT/36421,,0fce7629-1e60-4e18-a1b7-a8ca75f7f2f4,Posted
LED100147,2023-10-04,MAIN_OPERATING_ACCOUNT,CREDIT,OTHERS,250.0,NEFT PAYMENT,8646845.0,76615252-dfaf-4102-8f5d-75bc54d8387b,Posted
LED100148,2023-10-04,MAIN_OPERATING_ACCOUNT,DEBIT,UPI,40.0,UPI PAYMENT/32770,,51dcb4d5-7bad-400c-8a1b-8e6b8a8f24af,Posted
LED100149,2023-10-04,MAIN_OPERATING_ACCOUNT,DEBIT,UPI,10.0,UPI PAYMENT/32775,,c22fc6ad-c242-4538-91f2-53ca13770c6e,Posted
LED100150,2023-10-04,MAIN_OPERATING_ACCOUNT,DEBIT,UPI,30.0,UPI PAYMENT/36435,,9c02e93a-0999-41cc-95e4-279994bb3364,Posted
LED100151,2023-10-05,MAIN_OPERATING_ACCOUNT,CREDIT,OTHERS,408.0,NEFT PAYMENT,8646845.0,033d5608-e2b1-4858-b98b-99f3f9cf83d6,Posted
LED100152,2023-10-05,MAIN_OPERATING_ACCOUNT,CREDIT,UPI,200.0,UPI PAYMENT/32789,,8d61b7b8-6b32-47b2-ada2-1636ab6b0f56,Posted
LED100153,2023-10-05,MAIN_OPERATING_ACCOUNT,DEBIT,UPI,30.0,UPI PAYMENT/32783,,6b92418c-590d-42fd-abc0-fb5156683c35,Posted
LED100154,2023-10-05,MAIN_OPERATING_ACCOUNT,DEBIT,UPI,160.0,UPI PAYMENT/32784,,d3bc1598-5ded-4832-a6f9-069e5c28d7ac,Posted
LED100155,2023-10-06,MAIN_OPERATING_ACCOUNT,DEBIT,UPI,226.0,UPI PAYMENT/32795,,8e96f9b1-5fc7-489f-9566-35ac1f240252,Posted
LED100156,2023-10-06,MAIN_OPERATING_ACCOUNT,DEBIT,UPI,320.0,UPI PAYMENT/BHARATPE,,177a6ed6-5383-405b-b331-955da39f85c6,Posted
LED100157,2023-10-06,MAIN_OPERATING_ACCOUNT,DEBIT,UPI,10.0,UPI PAYMENT/36454,,39cad768-4f42-4879-9fa4-12f7d5f75fea,Posted
LED100159,2023-10-06,MAIN_OPERATING_ACCOUNT,DEBIT,UPI,220.0,UPI PAYMENT/BHARATPE,,979fab68-939e-4b78-8f89-09c0dbb46472,Posted
LED100160,2023-10-06,MAIN_OPERATING_ACCOUNT,CREDIT,UPI,220.0,UPI PAYMENT/3279,,e30a976a-ef08-44a4-88c2-9105178a4999,Posted
LED100161,2023-10-06,MAIN_OPERATING_ACCOUNT,DEBIT,UPI,30.0,UPI PAYMENT/36458,,9f694e56-84bb-4322-86d1-048ed5d7b7b0,Posted
LED100162,2023-10-07,MAIN_OPERATING_ACCOUNT,CREDIT,OTHERS,2330.0,NEFT PAYMENT,8646845.0,d59218dd-56a8-4c04-b1b4-ac13349f5d81,Posted
LED100163,2023-10-07,MAIN_OPERATING_ACCOUNT,DEBIT,UPI,19.0,UPI PAYMENT/GPAYBILLREACHARGE,,0cc87859-f3c0-4c5c-b51a-bfdd20a1433b,Posted
LED100164,2023-10-07,MAIN_OPERATING_ACCOUNT,DEBIT,UPI,2000.0,UPI PAYMENT/BHARATPE,,d8aaf10a-4bd0-4389-812e-1b1588d811a4,Posted
LED100165,2023-10-07,MAIN_OPERATING_ACCOUNT,DEBIT,UPI,20.0,UPI PAYMENT/36462,,50052b56-dc7d-48e4-a9c6-3875ab1497d0,Posted
LED100166,2023-10-07,MAIN_OPERATING_ACCOUNT,DEBIT,UPI,330.0,UPI PAYMENT/32802,,1bd129a3-31f0-4a9c-b646-532f3decb10a,Posted
LED100167,2023-10-08,MAIN_OPERATING_ACCOUNT,CREDIT,UPI,1900.0,UPI PAYMENT/3647,,1ae3ff28-9cdb-461b-921e-5137cbb992b8,Posted
LED100168,2023-10-08,MAIN_OPERATING_ACCOUNT,DEBIT,UPI,100.0,UPI PAYMENT/BHARATPE,,7c549684-4fc8-4b23-a781-d8f878d8ce29,Posted
LED100169,2023-10-09,MAIN_OPERATING_ACCOUNT,CREDIT,OTHERS,100.0,NEFT PAYMENT,8646845.0,c59fa33b-8458-44ce-be05-d5944e2325c6,Posted
LED100170,2023-10-09,MAIN_OPERATING_ACCOUNT,DEBIT,UPI,2000.0,UPI PAYMENT/36486,,b7b95690-4180-4dcc-90ae-b34aad750bbc,Posted
LED100171,2023-10-09,MAIN_OPERATING_ACCOUNT,DEBIT,UPI,50.0,UPI PAYMENT/BHARATPE4,,74d0b7b2-cd18-4910-bcff-e515a3c704f5,Posted
LED100172,2023-10-08,MAIN_OPERATING_ACCOUNT,CREDIT,UPI,100.0,UPI PAYMENT/3648,,bb88f510-b541-44e1-87a4-069ea4c9f816,Posted
LED100173,2023-10-09,MAIN_OPERATING_ACCOUNT,DEBIT,UPI,110.0,UPI PAYMENT/BHARATPE,,601ec0cd-17de-4fe2-906c-9ec67ac87798,Posted
LED100174,2023-10-10,MAIN_OPERATING_ACCOUNT,CREDIT,OTHERS,100.0,NEFT PAYMENT,8646845.0,f24446ac-dee7-4127-987f-14d106066704,Posted
LED100175,2023-10-10,MAIN_OPERATING_ACCOUNT,DEBIT,UPI,20.0,UPI PAYMENT/BHARATPE,,c96959bd-3737-4608-874d-112b99790eb0,Posted
LED100176,2023-10-10,MAIN_OPERATING_ACCOUNT,DEBIT,UPI,5.0,UPI PAYMENT/36499,,d5bdd359-5af3-40e1-a991-3e9346cdd63e,Posted
LED100177,2023-10-10,MAIN_OPERATING_ACCOUNT,DEBIT,UPI,310.0,UPI PAYMENT/PAYTM,,6d174e80-c032-4336-9133-dc7ac9817170,Posted
LED100178,2023-10-11,MAIN_OPERATING_ACCOUNT,DEBIT,UPI,500.0,UPI PAYMENT/32841,,6d30b4ce-41a8-490f-90df-6ecb91f6b32a,Posted
LED100179,2023-10-11,MAIN_OPERATING_ACCOUNT,CREDIT,OTHERS,250.0,NEFT PAYMENT,8646845.0,8078fdd5-2c46-4cae-8ee1-d51aa7f1e5f8,Posted
LED100180,2023-10-11,MAIN_OPERATING_ACCOUNT,DEBIT,UPI,100.0,UPI PAYMENT/3650,,2744f39f-7233-45ba-bcee-cc1da7ba8fe1,Posted
LED100181,2023-10-11,MAIN_OPERATING_ACCOUNT,DEBIT,UPI,120.0,UPI PAYMENT/PAYTM,,65eddd32-8d66-4c4d-a947-2b358232f3cb,Posted
LED100182,2023-10-11,MAIN_OPERATING_ACCOUNT,DEBIT,UPI,100.0,UPI PAYMENT/36509,,cac58514-4078-4a90-84cc-de42811911eb,Posted
LED100183,2023-10-12,MAIN_OPERATING_ACCOUNT,CREDIT,OTHERS,1000.0,NEFT PAYMENT,8646845.0,e1f83744-7362-4c54-89ce-1691eca8ef60,Posted
LED100184,2023-10-12,MAIN_OPERATING_ACCOUNT,CREDIT,UPI,200.0,UPI PAYMENT/3285,,809ea0c8-6adc-4383-bd99-7dbb099af5da,Posted
LED100185,2023-10-13,MAIN_OPERATING_ACCOUNT,CREDIT,OTHERS,600.0,NEFT PAYMENT,8646845.0,bce416a1-2b74-4d3f-b4c8-c9ae537fa9a1,Posted
LED100186,2023-10-14,MAIN_OPERATING_ACCOUNT,DEBIT,UPI,10.0,UPI PAYMENT/36530,,20393504-68b3-4b3f-9e1f-155fd831cebb,Posted
LED100188,2023-10-14,MAIN_OPERATING_ACCOUNT,DEBIT,UPI,10.0,UPI PAYMENT/PAYTM101,,558d36f0-3e16-4507-92b7-50e77e0d9a55,Posted
LED100189,2023-10-15,MAIN_OPERATING_ACCOUNT,DEBIT,UPI,55.0,UPI PAYMENT/32880,,7c8a8442-bf95-44d2-a3ee-d4e4eb117c1f,Posted
LED100190,2023-10-15,MAIN_OPERATING_ACCOUNT,DEBIT,UPI,300.0,UPI PAYMENT/32883,,4ff90fe0-c39d-4f1a-bda7-487800f1945e,Posted
LED100191,2023-10-15,MAIN_OPERATING_ACCOUNT,DEBIT,UPI,510.0,UPI PAYMENT/BHARATPE,,dc0ee0f8-829f-44f6-a5f5-6bd0ac36c81b,Posted
LED100192,2023-10-15,MAIN_OPERATING_ACCOUNT,DEBIT,UPI,50.0,UPI PAYMENT/PAYTMDP,,9cba4c27-7f9b-4a22-af17-67d5e193766f,Posted
LED100193,2023-10-16,MAIN_OPERATING_ACCOUNT,CREDIT,OTHERS,1300.0,NEFT PAYMENT,8646845.0,509f6222-7a2b-45a3-b813-e97da77b66fc,Posted
LED100194,2023-10-16,MAIN_OPERATING_ACCOUNT,DEBIT,UPI,1000.0,UPI PAYMENT/3289,,546f9c7a-6f58-40b0-9560-aca41605644d,Posted
LED100195,2023-10-17,MAIN_OPERATING_ACCOUNT,DEBIT,UPI,241.0,UPI PAYMENT/JIOINAPPDIRECT/,,8b021c7e-13a1-4b6c-b757-dc5a3dde97ec,Posted
LED100196,2023-10-17,MAIN_OPERATING_ACCOUNT,CREDIT,OTHERS,950.0,NEFT PAYMENT,8646845.0,d398a84c-b552-4023-9d8d-78af1b66d578,Posted
LED100197,2023-10-18,MAIN_OPERATING_ACCOUNT,CREDIT,OTHERS,930.0,NEFT PAYMENT,8646845.0,eb8c18e6-2871-446f-b7ea-dc8120b38fd7,Posted
LED100198,2023-10-19,MAIN_OPERATING_ACCOUNT,DEBIT,UPI,25.0,UPI PAYMENT/32925,,9603956b-ea80-4bce-b673-e19476398b45,Posted
LED100199,2023-10-19,MAIN_OPERATING_ACCOUNT,DEBIT,UPI,10.0,UPI PAYMENT/32924,,f5a83366-1dd6-4bd3-8f15-10cf41f7310b,Posted
LED100200,2023-10-20,MAIN_OPERATING_ACCOUNT,DEBIT,UPI,500.0,UPI PAYMENT/32931/,,0531c7aa-c1f2-414c-b136-fde68604ed61,Posted
LED100201,2023-10-20,MAIN_OPERATING_ACCOUNT,DEBIT,UPI,40.0,UPI PAYMENT/36597,,5c3b7e44-bf67-4d51-85ab-6894e2e9cde7,Posted
LED100202,2023-10-21,MAIN_OPERATING_ACCOUNT,CREDIT,OTHERS,830.0,NEFT PAYMENT,8646845.0,9aa8a7f5-4019-44be-a141-c712b1b8b334,Posted
LED100203,2023-10-21,MAIN_OPERATING_ACCOUNT,DEBIT,UPI,3300.0,UPI PAYMENT/GPAY,,fae0feb2-23d0-43c7-a0a4-f35a4d3b6497,Posted
LED100204,2023-10-21,MAIN_OPERATING_ACCOUNT,DEBIT,UPI,136.0,UPI PAYMENT/36606,,c097d89b-b2cf-4774-8309-4aaf893f1350,Posted
LED100205,2023-10-22,MAIN_OPERATING_ACCOUNT,DEBIT,UPI,200.0,UPI PAYMENT/36613,,359cbf7a-158a-4376-b7d1-bd9d5d529761,Posted
LED100206,2023-10-22,MAIN_OPERATING_ACCOUNT,DEBIT,UPI,10.0,UPI PAYMENT/32958,,d74640f5-bb06-4f9b-b21b-bce32d862fa4,Posted
LED100207,2023-10-23,MAIN_OPERATING_ACCOUNT,CREDIT,OTHERS,270.0,NEFT PAYMENT,8646845.0,e3dd02e3-2294-4620-8d6c-3c95db04a5e4,Posted
LED100208,2023-10-23,MAIN_OPERATING_ACCOUNT,DEBIT,UPI,20.0,UPI PAYMENT/BHARATPE,,5a663c28-a8fd-4077-9a65-48f682bb09e8,Posted
LED100209,2023-10-23,MAIN_OPERATING_ACCOUNT,CREDIT,UPI,100.0,UPI PAYMENT/3296,,e5cb5574-6f29-4d02-b71a-55f792af3ddb,Posted
LED100210,2023-10-23,MAIN_OPERATING_ACCOUNT,DEBIT,UPI,150.0,UPI PAYMENT/BHARATPE,,9c95a744-1b6d-44a6-be6a-3b4afed32e7c,Posted
LED100211,2023-10-24,MAIN_OPERATING_ACCOUNT,CREDIT,OTHERS,250.0,NEFT PAYMENT,8646845.0,49d3f474-c97e-4e36-b384-7014c001d5c7,Posted
LED100212,2023-10-24,MAIN_OPERATING_ACCOUNT,DEBIT,UPI,43.0,UPI PAYMENT/36636,,dfc6781b-58ff-4760-8291-04f0024601bd,Posted
LED100213,2023-10-24,MAIN_OPERATING_ACCOUNT,CREDIT,UPI,100.0,UPI PAYMENT/32971,,85b66477-4613-4666-9f2c-ae064034d79f,Posted
LED100214,2023-10-24,MAIN_OPERATING_ACCOUNT,DEBIT,UPI,150.0,UPI PAYMENT/PAYTM,,9cdca0b6-cb0b-4d91-8a61-8170d770ea87,Posted
LED100215,2023-10-24,MAIN_OPERATING_ACCOUNT,DEBIT,UPI,30.0,UPI PAYMENT/BHARATPE,,16c81143-37e9-4b8e-9a48-0e39158f0861,Posted
LED100217,2023-10-24,MAIN_OPERATING_ACCOUNT,DEBIT,UPI,200.0,UPI PAYMENT/32975,,edfc5007-2c33-48bd-bdc0-5a6c8bc291c3,Posted
LED100218,2023-10-25,MAIN_OPERATING_ACCOUNT,CREDIT,OTHERS,1000.0,NEFT PAYMENT,8646845.0,a4bc2686-8db0-4dd6-bfc2-25961ac95b73,Posted
LED100219,2023-10-25,MAIN_OPERATING_ACCOUNT,DEBIT,UPI,60.0,UPI PAYMENT/36640/U,,ee894c06-f873-4f7b-a2c2-a5dac5c3964f,Posted
LED100220,2023-10-25,MAIN_OPERATING_ACCOUNT,DEBIT,UPI,19.0,UPI PAYMENT/JIOINAPPDIRECT/,,8b680f57-f204-4e03-922f-9fd140fff54f,Posted
LED100221,2023-10-26,MAIN_OPERATING_ACCOUNT,DEBIT,UPI,10.0,UPI PAYMENT/36655,,1c439506-fc8d-45e5-ae81-7d0daab976fd,Posted
LED100222,2023-10-28,MAIN_OPERATING_ACCOUNT,CREDIT,OTHERS,400.0,NEFT PAYMENT,8646845.0,884e791b-e8bf-45aa-a63a-561667ae14ba,Posted
LED100223,2023-10-28,MAIN_OPERATING_ACCOUNT,DEBIT,UPI,239.0,UPI PAYMENT/EURONETGPAY,,3bc9eb42-0bb0-4e3a-b035-b49f0a058b82,Posted
LED100224,2023-10-28,MAIN_OPERATING_ACCOUNT,CREDIT,UPI,400.0,UPI PAYMENT/PAYTM,,7169dcf4-e9d8-4d10-910c-f39b4c1f93ae,Posted
LED100225,2023-10-28,MAIN_OPERATING_ACCOUNT,DEBIT,UPI,310.0,UPI PAYMENT/PAYTM,,1c3be831-b1a6-4243-b2a7-da4c2fb6f345,Posted
LED100226,2023-10-28,MAIN_OPERATING_ACCOUNT,DEBIT,UPI,215.0,UPI PAYMENT/36671,,8b0ce824-2823-4351-b7a4-5289a71f8458,Posted
LED100227,2023-10-30,MAIN_OPERATING_ACCOUNT,CREDIT,OTHERS,2.0,NEFT PAYMENT,8646845.0,0f0c4711-5d8c-46be-b8fd-f097ec067ca2,Posted
LED100228,2023-10-30,MAIN_OPERATING_ACCOUNT,DEBIT,UPI,22.0,UPI PAYMENT/33035,,8f29ee5f-6d09-4ffe-8b32-65a507519289,Posted
LED100229,2023-10-30,MAIN_OPERATING_ACCOUNT,CREDIT,UPI,200.0,UPI PAYMENT/3303,,f7a0a036-2ce3-4a7c-951d-2b6b9719b849,Posted
LED100230,2023-10-30,MAIN_OPERATING_ACCOUNT,DEBIT,UPI,200.0,UPI PAYMENT/BHARATPE,,1f52f45a-34af-4630-af73-0994db93492c,Posted
LED100231,2023-10-31,MAIN_OPERATING_ACCOUNT,DEBIT,UPI,30.0,UPI PAYMENT/BHARATPE,,bca2495e-7cce-432f-bdda-471b907ec613,Posted
LED100232,2023-11-01,MAIN_OPERATING_ACCOUNT,DEBIT,UPI,145.0,UPI PAYMENT/36716,,de44cd2d-0a16-4dbf-807a-b47d70c3c694,Posted
LED100233,2023-11-02,MAIN_OPERATING_ACCOUNT,CREDIT,OTHERS,280.0,NEFT PAYMENT,8646845.0,6fa60611-61be-4564-a3c8-b47e98c91994,Posted
LED100234,2023-11-02,MAIN_OPERATING_ACCOUNT,DEBIT,UPI,500.0,UPI PAYMENT/33061,,db47a064-9201-49ba-97b2-6bf457a6941b,Posted
LED100235,2023-11-02,MAIN_OPERATING_ACCOUNT,DEBIT,UPI,10.0,UPI PAYMENT/33060,,c37b3623-e44d-418f-91bc-8816abd60877,Posted
LED100236,2023-11-02,MAIN_OPERATING_ACCOUNT,DEBIT,UPI,150.0,UPI PAYMENT/PAYTMWP,,faab3b7e-102d-4fdf-95c3-9fbf354d8fa2,Posted
LED100237,2023-11-03,MAIN_OPERATING_ACCOUNT,DEBIT,UPI,60.0,UPI PAYMENT/PAYTM,,f67d2304-8bd9-424e-a19a-51f108ce0cb7,Posted
LED100238,2023-11-03,MAIN_OPERATING_ACCOUNT,DEBIT,UPI,180.0,UPI PAYMENT/33078,,848b08b3-d77c-4edf-b994-e3a62b42ae96,Posted
LED100239,2023-11-04,MAIN_OPERATING_ACCOUNT,DEBIT,UPI,500.0,UPI PAYMENT/36746,,21966ea9-f6f5-4f1c-94c3-a4aebb56cdb6,Posted
LED100240,2023-11-04,MAIN_OPERATING_ACCOUNT,DEBIT,UPI,19.0,UPI PAYMENT/BILLDESKRECHARGE,,f2402973-d02a-48e8-a071-606321e13384,Posted
LED100241,2023-11-05,MAIN_OPERATING_ACCOUNT,DEBIT,UPI,20.0,UPI PAYMENT/33095,,21e97e5d-ea16-4110-a444-37f81fdf8430,Posted
LED100242,2023-11-06,MAIN_OPERATING_ACCOUNT,CREDIT,UPI,200.0,UPI PAYMENT/3310,,c39571d4-4945-4c65-8d20-7bca996636a4,Posted
LED100243,2023-11-06,MAIN_OPERATING_ACCOUNT,DEBIT,UPI,200.0,UPI PAYMENT/36763,,367ea7ac-a367-4b43-9200-1d8f355b175e,Posted
LED100244,2023-11-06,MAIN_OPERATING_ACCOUNT,DEBIT,UPI,105.0,UPI PAYMENT/36761,,6ed93c29-40da-4cef-b3d2-10f05dbfe25b,Posted
LED100245,2023-11-07,MAIN_OPERATING_ACCOUNT,CREDIT,OTHERS,1150.0,NEFT PAYMENT,8646845.0,4f4d0daf-5ad6-49d4-a7a6-1e00c8737e63,Posted
LED100246,2023-11-07,MAIN_OPERATING_ACCOUNT,DEBIT,UPI,51.0,UPI PAYMENT/33115,,3ef28929-ec15-42e9-b289-6184b2b41521,Posted
LED100247,2023-11-07,MAIN_OPERATING_ACCOUNT,DEBIT,UPI,500.0,UPI PAYMENT/33113,,4ef8759e-641f-4ded-8f4d-b3a7431c7c7b,Posted
LED100248,2023-11-07,MAIN_OPERATING_ACCOUNT,DEBIT,UPI,10.0,UPI PAYMENT/36774,,8a3ccbf2-08d2-48dc-b75d-022493b7426c,Posted
LED100249,2023-11-07,MAIN_OPERATING_ACCOUNT,DEBIT,UPI,50.0,UPI PAYMENT/33112,,9be68c05-3054-4202-95d5-0f9ededc5d16,Posted
LED100250,2023-11-08,MAIN_OPERATING_ACCOUNT,CREDIT,OTHERS,250.0,NEFT PAYMENT,8646845.0,d4ecd289-3506-4423-a600-10a8c34bfde1,Posted
LED100251,2023-11-08,MAIN_OPERATING_ACCOUNT,CREDIT,UPI,180.0,UPI PAYMENT/3312,,d3935b54-131c-4c9d-9d0d-23f60439bb98,Posted
LED100252,2023-10-31,MAIN_OPERATING_ACCOUNT,CREDIT,OTHERS,15.0,518881000,,633820ea-fcd9-449f-9457-9392cfb54d66,Posted
LED100253,2023-11-08,MAIN_OPERATING_ACCOUNT,DEBIT,UPI,50.0,UPI PAYMENT/33128/,,e85c9e1a-eaac-423f-b630-14e357842c98,Posted
LED100254,2023-11-09,MAIN_OPERATING_ACCOUNT,CREDIT,OTHERS,2950.0,NEFT PAYMENT,8646845.0,5c8f92f9-7d43-4615-946e-dfbc51236589,Posted
LED100255,2023-11-09,MAIN_OPERATING_ACCOUNT,CREDIT,UPI,200.0,UPI PAYMENT/33131,,7f58d530-1042-4167-ad0c-705c51e04571,Posted
LED100256,2023-11-09,MAIN_OPERATING_ACCOUNT,DEBIT,UPI,140.0,UPI PAYMENT/33138,,2b308e5b-4d37-4c5e-bab3-a4046bf82c74,Posted
LED100257,2023-11-10,MAIN_OPERATING_ACCOUNT,CREDIT,OTHERS,10.0,NEFT PAYMENT,8646845.0,bf8ceac8-b9bf-4426-ba5d-6aef34194b89,Posted
LED100258,2023-11-10,MAIN_OPERATING_ACCOUNT,DEBIT,UPI,1250.0,UPI PAYMENT/PAYTMGP,,33b2d244-724a-45a2-a3be-5bff19944544,Posted
LED100259,2023-11-10,MAIN_OPERATING_ACCOUNT,DEBIT,UPI,50.0,UPI PAYMENT/36801,,03810f5c-a342-4261-81c1-c6dd5837109d,Posted
LED100260,2023-11-11,MAIN_OPERATING_ACCOUNT,CREDIT,OTHERS,3440.0,NEFT PAYMENT,8646845.0,6c1a5ee0-7414-40a4-9f36-8b6933f0fa83,Posted
LED100261,2023-11-11,MAIN_OPERATING_ACCOUNT,DEBIT,UPI,40.0,UPI PAYMENT/33153,,a8ef789c-e018-4091-ae3c-1a8dd3059cee,Posted
LED100262,2023-11-11,MAIN_OPERATING_ACCOUNT,DEBIT,UPI,120.0,UPI PAYMENT/PAYTM,,a1c54d9d-c9c1-4c41-b7e4-98f8432b533b,Posted
LED100263,2023-11-11,MAIN_OPERATING_ACCOUNT,DEBIT,UPI,30.0,UPI PAYMENT/PAYTMDP,,f33055c2-9880-4c3c-b579-bc9dbdba255f,Posted
LED100264,2023-11-11,MAIN_OPERATING_ACCOUNT,CREDIT,UPI,170.0,UPI PAYMENT/3315,,058be90e-d820-42c5-b220-eb68cb6d91e6,Posted
LED100265,2023-11-11,MAIN_OPERATING_ACCOUNT,DEBIT,UPI,330.0,UPI PAYMENT/3681,,3f84beb9-7021-4782-9647-5ba0284541a3,Posted
LED100266,2023-11-12,MAIN_OPERATING_ACCOUNT,CREDIT,OTHERS,4730.0,NEFT PAYMENT,8646845.0,edcbfa22-a7c9-45bf-98f3-1b66f9293d78,Posted
LED100267,2023-11-12,MAIN_OPERATING_ACCOUNT,DEBIT,UPI,1660.0,UPI PAYMENT/33167,,8b2832e2-79dc-4eec-ae84-d655ce623ccd,Posted
LED100268,2023-11-12,MAIN_OPERATING_ACCOUNT,DEBIT,UPI,50.0,UPI PAYMENT/33165,,330170cb-557c-4c51-a25f-dd1b3b1d6537,Posted
LED100269,2023-11-12,MAIN_OPERATING_ACCOUNT,DEBIT,UPI,1500.0,UPI PAYMENT/33167,,2893b10d-01cf-47ef-874a-94b8e5228b5c,Posted
LED100270,2023-11-13,MAIN_OPERATING_ACCOUNT,DEBIT,UPI,420.0,UPI PAYMENT/BHARATPE,,e2c705f9-beb3-4fb4-8c29-2a79c80e1523,Posted
LED100271,2023-11-13,MAIN_OPERATING_ACCOUNT,DEBIT,UPI,300.0,UPI PAYMENT/PAYTMNP,,508c0536-4c4d-428c-85f9-3a72cf1b941f,Posted
LED100272,2023-11-13,MAIN_OPERATING_ACCOUNT,DEBIT,UPI,500.0,UPI PAYMENT/PAYTMNP,,2dbc636c-ac81-4322-b587-ef23f2665eee,Posted
LED100273,2023-11-14,MAIN_OPERATING_ACCOUNT,DEBIT,UPI,239.0,UPI PAYMENT/EURONETGPAY,,de7e8802-ba29-422f-b0c5-db358c58cac4,Posted
LED100274,2023-11-14,MAIN_OPERATING_ACCOUNT,CREDIT,UPI,1.0,UPI PAYMENT/33183,,2f4a0006-8083-40fe-aad2-09fe6306597a,Posted
LED100275,2023-11-14,MAIN_OPERATING_ACCOUNT,CREDIT,UPI,1.0,UPI PAYMENT/33187P,,d6f48b90-8c0a-479c-86ab-566a322b65c1,Posted
LED100276,2023-11-14,MAIN_OPERATING_ACCOUNT,CREDIT,UPI,37999.0,UPI PAYMENT/33181,,0f82247c-fd15-4d2f-a6c5-cdcb72196f04,Posted
LED100277,2023-11-14,MAIN_OPERATING_ACCOUNT,DEBIT,UPI,1.0,UPI PAYMENT/PAYTMUP,,ed150d32-b72f-41de-8175-54316abd8bc8,Posted
LED100278,2023-11-14,MAIN_OPERATING_ACCOUNT,DEBIT,UPI,16500.0,UPI PAYMENT/PAYTMUP,,6d29d619-312a-4bdc-9371-636828f19d5f,Posted
LED100279,2023-11-14,MAIN_OPERATING_ACCOUNT,DEBIT,UPI,2000.0,UPI PAYMENT/33187,,afd49d96-1e4c-4fe9-9032-b46d7642c1bf,Posted
LED100280,2023-11-14,MAIN_OPERATING_ACCOUNT,DEBIT,UPI,340.0,UPI PAYMENT/PAYTM,,6b25f87d-9dd5-485a-8edb-fe376d57e6d8,Posted
LED100281,2023-11-14,MAIN_OPERATING_ACCOUNT,DEBIT,UPI,80.0,UPI PAYMENT/33182,,0030a0d2-6a89-4426-8a0d-49e66a45c790,Posted
LED100282,2023-11-15,MAIN_OPERATING_ACCOUNT,DEBIT,UPI,2000.0,UPI PAYMENT/3685/P,,4a9f3653-0a32-446f-9f4d-1e83cc6fbb2f,Posted
LED100283,2023-11-15,MAIN_OPERATING_ACCOUNT,CREDIT,UPI,2000.0,UPI PAYMENT/REVERSAL,,b24e9c76-675a-4eb5-a092-da3db90ee063,Posted
LED100284,2023-11-15,MAIN_OPERATING_ACCOUNT,DEBIT,UPI,2000.0,UPI PAYMENT/36856/,,e8c02bab-2c7c-4299-bfa2-46ca27ac4a9c,Posted
LED100285,2023-11-15,MAIN_OPERATING_ACCOUNT,DEBIT,UPI,1.0,UPI PAYMENT/36857,,b30b1251-a428-4d2c-9764-cedbe09ab33a,Posted
LED100286,2023-11-15,MAIN_OPERATING_ACCOUNT,DEBIT,UPI,10000.0,UPI PAYMENT/36858,,3d2ba381-c2df-42d5-b507-4bcc2bf44905,Posted
LED100287,2023-11-15,MAIN_OPERATING_ACCOUNT,DEBIT,UPI,500.0,UPI PAYMENT/33194,,887f429e-9db1-49e1-8707-4a5f39882b85,Posted
LED100288,2023-11-15,MAIN_OPERATING_ACCOUNT,DEBIT,UPI,10.0,UPI PAYMENT/36853,,470bc77a-380a-481f-abda-9434b0dbe745,Posted
LED100289,2023-11-16,MAIN_OPERATING_ACCOUNT,CREDIT,OTHERS,1320.0,NEFT PAYMENT,8646845.0,3b63ef24-de3c-49db-a7b4-c3eb758795b7,Posted
LED100290,2023-11-16,MAIN_OPERATING_ACCOUNT,CREDIT,UPI,400.0,,,bc58e33b-28f7-43fb-ab50-0dfddf2bf456,Posted
LED100291,2023-11-16,MAIN_OPERATING_ACCOUNT,DEBIT,UPI,1000.0,UPI PAYMENT/33200,,30cd1f8b-6261-43db-b452-515447228351,Posted
LED100292,2023-11-16,MAIN_OPERATING_ACCOUNT,CREDIT,CASH,45000.0,BY CASH TRANSACTION,,68f475c3-2160-4a3f-b897-06632242aa0c,Posted
LED100293,2023-11-17,MAIN_OPERATING_ACCOUNT,CREDIT,OTHERS,270.0,NEFT PAYMENT,8646845.0,f7c87c2d-5431-46df-89b7-25ce913627cc,Posted
LED100294,2023-11-17,MAIN_OPERATING_ACCOUNT,DEBIT,UPI,50.0,UPI PAYMENT/PAYTMWP,,1f3bd603-8abe-4e04-9c9b-1361e37f52ad,Posted
LED100295,2023-11-17,MAIN_OPERATING_ACCOUNT,DEBIT,UPI,2000.0,UPI PAYMENT/36879,,7d42455e-56a4-4198-8945-86451a4b337e,Posted
LED100296,2023-11-17,MAIN_OPERATING_ACCOUNT,DEBIT,UPI,21000.0,UPI PAYMENT/FASHIONEAZY,,a90254ac-1868-4bca-ac10-61964ac95367,Posted
LED100297,2023-11-17,MAIN_OPERATING_ACCOUNT,DEBIT,UPI,5200.0,UPI PAYMENT/36871,,9e5ed584-6d6c-411a-9554-d1bb99972aa1,Posted
LED100298,2023-11-18,MAIN_OPERATING_ACCOUNT,DEBIT,UPI,130.0,UPI PAYMENT/PAYTMWP,,d1af2bf6-4719-48f1-b8f1-c8bfe9352db6,Posted
LED100299,2023-11-18,MAIN_OPERATING_ACCOUNT,DEBIT,UPI,300.0,UPI PAYMENT/36881,,632b5bf8-f914-4f72-aa64-bb969d0fe81f,Posted
LED100300,2023-11-19,MAIN_OPERATING_ACCOUNT,CREDIT,OTHERS,600.0,NEFT PAYMENT,8646845.0,f7df2e6a-503d-4549-874c-48105ad17f2f,Posted
LED100301,2023-11-19,MAIN_OPERATING_ACCOUNT,DEBIT,UPI,1.0,UPI PAYMENT/PAYTMUP,,8b12d93f-d4f5-44c5-af6a-0fe30065dfe0,Posted
LED100302,2023-11-19,MAIN_OPERATING_ACCOUNT,DEBIT,UPI,499.0,UPI PAYMENT/PAYTMNA,,505c9f34-fa46-4e80-8a63-ac7028b4d457,Posted
LED100303,2023-11-19,MAIN_OPERATING_ACCOUNT,DEBIT,UPI,20.0,UPI PAYMENT/33234,,00d2ee8e-c73f-4576-857a-8b86116fe288,Posted
LED100304,2023-11-20,MAIN_OPERATING_ACCOUNT,CREDIT,OTHERS,1700.0,NEFT PAYMENT,8646845.0,9eeac9a2-6f46-4520-a72d-26dbca54809e,Posted
LED100305,2023-11-20,MAIN_OPERATING_ACCOUNT,DEBIT,UPI,200.0,UPI PAYMENT/33249,,d949c756-f0da-47d8-886b-4a266349697a,Posted
LED100306,2023-11-20,MAIN_OPERATING_ACCOUNT,DEBIT,UPI,45.0,UPI PAYMENT/GPAY,,51274ee8-3f86-4bc9-a947-b05ad81f259c,Posted
LED100307,2023-11-21,MAIN_OPERATING_ACCOUNT,CREDIT,OTHERS,2200.0,NEFT PAYMENT,8646845.0,7e3d56df-580b-4b13-a0f4-b16c6e499532,Posted
LED100308,2023-11-22,MAIN_OPERATING_ACCOUNT,CREDIT,OTHERS,1250.0,NEFT PAYMENT,8646845.0,88ea01a6-5933-4b8c-a0ed-ce17118cbeb0,Posted
LED100309,2023-11-22,MAIN_OPERATING_ACCOUNT,DEBIT,UPI,200.0,UPI PAYMENT/36921,,4346b532-d4f4-4de4-aa8d-b39c03387390,Posted
LED100310,2023-11-22,MAIN_OPERATING_ACCOUNT,DEBIT,UPI,290.0,UPI PAYMENT/33267,,2cd53cf9-5848-4a2d-8bd7-30cc9846c0ee,Posted
LED100311,2023-11-23,MAIN_OPERATING_ACCOUNT,CREDIT,OTHERS,350.0,NEFT PAYMENT,8646845.0,ac95c4fc-71ec-44e2-bf53-30a6c5e723ad,Posted
LED100312,2023-11-23,MAIN_OPERATING_ACCOUNT,CREDIT,UPI,100.0,UPI PAYMENT/33279,,5ff491fc-1e7f-48fd-a44f-32f9d5053b9f,Posted
LED100313,2023-11-23,MAIN_OPERATING_ACCOUNT,CREDIT,UPI,100.0,UPI PAYMENT/36936,,ad942ea9-d12b-48d0-9a0c-7c043724c06e,Posted
LED100314,2023-11-24,MAIN_OPERATING_ACCOUNT,CREDIT,OTHERS,1600.0,NEFT PAYMENT,8646845.0,343b62a0-8530-46dd-b4c2-7f4d87bff9fd,Posted
LED100315,2023-11-24,MAIN_OPERATING_ACCOUNT,DEBIT,UPI,10.0,UPI PAYMENT/36947,,cd342f20-d121-492e-a2ed-aecd75a71ea1,Posted
LED100316,2023-11-24,MAIN_OPERATING_ACCOUNT,DEBIT,UPI,201.0,UPI PAYMENT/JIOINAPPDIRECT/,,ae0dd897-8e9e-43cf-9922-2f83f71defb0,Posted
LED100317,2023-11-24,MAIN_OPERATING_ACCOUNT,DEBIT,UPI,60.0,UPI PAYMENT/33287,,7434e1b8-a31a-4daf-a3f0-3d5bbd85a091,Posted
LED100318,2023-11-25,MAIN_OPERATING_ACCOUNT,CREDIT,OTHERS,2200.0,NEFT PAYMENT,8646845.0,64359bb5-001f-4d75-bf3f-5a0f7a83721d,Posted
LED100319,2023-11-25,MAIN_OPERATING_ACCOUNT,DEBIT,UPI,241.0,UPI PAYMENT/AIRTELPREDIRECT,,d7a24290-3f7c-4a0f-bb10-59a35cadf7a7,Posted
LED100320,2023-11-27,MAIN_OPERATING_ACCOUNT,DEBIT,UPI,200.0,UPI PAYMENT/33293,,36d89541-efdd-4969-8c7d-54fd6cbe178a,Posted
LED100321,2023-11-26,MAIN_OPERATING_ACCOUNT,CREDIT,OTHERS,1070.0,NEFT PAYMENT,8646845.0,1812fb87-0dd6-4172-9978-79aecbd5185e,Posted
LED100322,2023-11-26,MAIN_OPERATING_ACCOUNT,DEBIT,UPI,1.0,UPI PAYMENT/33308,,9c98e1bf-3fa4-4993-aec1-1b4a4e1ca220,Posted
LED100323,2023-11-26,MAIN_OPERATING_ACCOUNT,DEBIT,UPI,5000.0,UPI PAYMENT/36963,,75635fc2-67a3-4539-8e05-ee1a20c78efa,Posted
LED100324,2023-11-27,MAIN_OPERATING_ACCOUNT,CREDIT,OTHERS,950.0,NEFT PAYMENT,8646845.0,5fc5f6a6-d30c-4463-8f06-837284784066,Posted
LED100325,2023-11-27,MAIN_OPERATING_ACCOUNT,DEBIT,UPI,120.0,UPI PAYMENT/36978,,4e2ffce6-1f63-47fd-a074-7fff8772141a,Posted
LED100326,2023-11-27,MAIN_OPERATING_ACCOUNT,DEBIT,UPI,19.0,UPI PAYMENT/JIOINAPPDIRECT/,,c166807b-bd8f-413c-8b0c-aa899e3a545d,Posted
LED100327,2023-11-28,MAIN_OPERATING_ACCOUNT,CREDIT,OTHERS,800.0,NEFT PAYMENT,8646845.0,c1d1e376-af63-471a-abe7-4f035facf30d,Posted
LED100328,2023-11-28,MAIN_OPERATING_ACCOUNT,CREDIT,UPI,100.0,UPI PAYMENT/3698,,275017b6-a00e-486f-a7f3-e0fb19e98644,Posted
LED100329,2023-11-28,MAIN_OPERATING_ACCOUNT,DEBIT,UPI,150.0,UPI PAYMENT/36989,,c6e2ea68-9079-40f8-8b4e-a7d294b69741,Posted
LED100330,2023-11-28,MAIN_OPERATING_ACCOUNT,DEBIT,UPI,19.0,UPI PAYMENT/EURONETGPAY,,115e3d52-56c4-4f3b-9f87-6d8bfc0370e3,Posted
LED100331,2023-11-29,MAIN_OPERATING_ACCOUNT,CREDIT,OTHERS,151.0,NEFT PAYMENT,8646845.0,5dcb09f6-be85-4846-8914-637047408ee6,Posted
LED100332,2023-11-29,MAIN_OPERATING_ACCOUNT,DEBIT,UPI,40.0,UPI PAYMENT/PAYTM,,60c58e3b-a75f-4961-b0ee-96cbaa0ec2f8,Posted
LED100333,2023-11-29,MAIN_OPERATING_ACCOUNT,DEBIT,UPI,19000.0,UPI PAYMENT/33333,,dfbb98e2-96b0-4992-aed0-acc3c73cd167,Posted
LED100334,2023-11-29,MAIN_OPERATING_ACCOUNT,DEBIT,UPI,12700.0,UPI PAYMENT/36992,,fa3a4eef-62d7-4983-bec0-de57682a2351,Posted
LED100335,2023-11-29,MAIN_OPERATING_ACCOUNT,DEBIT,UPI,100.0,UPI PAYMENT/33331,,d0f14f9d-9547-4627-bb53-fa14e241b4f5,Posted
LED100336,2023-11-29,MAIN_OPERATING_ACCOUNT,DEBIT,UPI,1.0,UPI PAYMENT/36990,,6c302bab-ff0d-4507-ac15-bf2df72368f3,Posted
LED100337,2023-11-29,MAIN_OPERATING_ACCOUNT,DEBIT,UPI,1.0,UPI PAYMENT/3699,,95e029ef-d7fb-452e-bfd9-7a537166c523,Posted
LED100338,2023-11-29,MAIN_OPERATING_ACCOUNT,CREDIT,UPI,2000.0,UPI PAYMENT/3699,,6743eb41-36cc-4ab6-ac49-2c1812d28960,Posted
LED100339,2023-11-29,MAIN_OPERATING_ACCOUNT,DEBIT,UPI,90.0,UPI PAYMENT/PAYTMFP,,aad12703-8c25-4ce0-b63a-2a2bf2523f35,Posted
LED100340,2023-12-01,MAIN_OPERATING_ACCOUNT,CREDIT,OTHERS,1575.0,NEFT PAYMENT,8646845.0,3ff4cfb5-eec0-42e2-b00b-f2fb7d63416f,Posted
LED100341,2023-12-01,MAIN_OPERATING_ACCOUNT,DEBIT,UPI,40.0,UPI PAYMENT/33357,,bd4a809c-2513-455a-8eae-115c1ecb11de,Posted
LED100342,2023-12-01,MAIN_OPERATING_ACCOUNT,DEBIT,UPI,199.0,UPI PAYMENT/BILLDESKRECHARGE,,3de3b4c1-b1c2-49af-9a0a-6ba45e489cb5,Posted
LED100343,2023-12-01,MAIN_OPERATING_ACCOUNT,DEBIT,UPI,250.0,UPI PAYMENT/33354,,014c4796-9ad0-473d-83bb-357fcea8e152,Posted
LED100344,2023-12-02,MAIN_OPERATING_ACCOUNT,CREDIT,OTHERS,600.0,NEFT PAYMENT,8646845.0,8a2f5e55-dfdd-427f-8870-0150f68cc498,Posted
LED100345,2023-12-02,MAIN_OPERATING_ACCOUNT,DEBIT,UPI,500.0,UPI PAYMENT/3702,,53009bee-6c73-4d5d-958f-b3258f552391,Posted
LED100346,2023-12-02,MAIN_OPERATING_ACCOUNT,DEBIT,UPI,40.0,UPI PAYMENT/33369,,b6c5da26-8ed8-49c5-ba4a-bf31127ce418,Posted
LED100347,2023-12-03,MAIN_OPERATING_ACCOUNT,CREDIT,OTHERS,1450.0,NEFT PAYMENT,8646845.0,67290c96-fe8b-44b2-9ab3-4c4b3b046cb7,Posted
LED100349,2023-12-04,MAIN_OPERATING_ACCOUNT,CREDIT,OTHERS,900.0,NEFT PAYMENT,8646845.0,048a160c-23ad-481e-a0ff-578c6fa5691a,Posted
LED100350,2023-12-04,MAIN_OPERATING_ACCOUNT,DEBIT,UPI,239.0,UPI PAYMENT/BILLDESKRECHARGE,,7e563d6a-9bd2-4e92-98d6-d1d5198fcd77,Posted
LED100351,2023-12-04,MAIN_OPERATING_ACCOUNT,DEBIT,UPI,1550.0,UPI PAYMENT/37044,,9cffe60a-004d-4301-be5d-65fec77679d4,Posted
LED100352,2023-12-05,MAIN_OPERATING_ACCOUNT,CREDIT,OTHERS,7560.0,NEFT PAYMENT,8646845.0,235cd63f-42dc-4c6c-937d-5edceea0515a,Posted
LED100353,2023-12-05,MAIN_OPERATING_ACCOUNT,DEBIT,UPI,61.2,UPI PAYMENT/PAYTM,,fbcbe993-694a-41b5-af91-b8849e09696d,Posted
LED100354,2023-12-05,MAIN_OPERATING_ACCOUNT,DEBIT,UPI,13000.0,UPI PAYMENT/BHARATPE,,069c0e2e-c49f-4381-b345-9fa78ad7005f,Posted
LED100355,2023-12-05,MAIN_OPERATING_ACCOUNT,DEBIT,UPI,200.0,UPI PAYMENT/33395,,9407b42d-53e7-482b-a58e-bace37332a4a,Posted
LED100356,2023-12-06,MAIN_OPERATING_ACCOUNT,DEBIT,UPI,138.0,UPI PAYMENT/37063,,8c80c555-956d-49d3-99f6-b69bf42fa411,Posted
LED100357,2023-12-07,MAIN_OPERATING_ACCOUNT,CREDIT,UPI,150.0,UPI PAYMENT/3707,,4840038d-9187-4690-9906-5e43c57e89e3,Posted
LED100358,2023-12-07,MAIN_OPERATING_ACCOUNT,DEBIT,UPI,18.0,UPI PAYMENT/33416,,6d952ab3-15ac-4eb6-8b62-a0359ab885b6,Posted
LED100359,2023-12-08,MAIN_OPERATING_ACCOUNT,DEBIT,UPI,70.0,UPI PAYMENT/37071,,c1bafebb-16c3-4b5f-a04f-84120657b604,Posted
LED100360,2023-12-08,MAIN_OPERATING_ACCOUNT,CREDIT,OTHERS,1630.0,NEFT PAYMENT,8646845.0,f440e241-295e-4d32-a083-38ba7ef51113,Posted
LED100361,2023-12-08,MAIN_OPERATING_ACCOUNT,DEBIT,UPI,40.0,UPI PAYMENT/GPAY,,a4235b82-f486-4a3e-b916-06be83f5f799,Posted
LED100362,2023-12-08,MAIN_OPERATING_ACCOUNT,DEBIT,UPI,35.0,UPI PAYMENT/PAYTMNP,,2e3bed8e-65ec-4ea4-99ad-01a8874875d5,Posted
LED100363,2023-12-09,MAIN_OPERATING_ACCOUNT,CREDIT,OTHERS,210.0,NEFT PAYMENT,8646845.0,3640935a-3ece-4d18-8870-c57f78152f20,Posted
LED100364,2023-12-09,MAIN_OPERATING_ACCOUNT,DEBIT,UPI,120.0,UPI PAYMENT/37090,,8ec29c92-1ba8-46a2-8d4f-a366ba1af469,Posted
LED100365,2023-12-08,MAIN_OPERATING_ACCOUNT,DEBIT,UPI,40.0,UPI PAYMENT/33430,,17e18e42-31d4-486a-8b20-992584eecf4f,Posted
LED100366,2023-12-10,MAIN_OPERATING_ACCOUNT,CREDIT,OTHERS,450.0,NEFT PAYMENT,8646845.0,dc1772d9-fcab-47f0-8577-4dfafb04b996,Posted
LED100367,2023-12-10,MAIN_OPERATING_ACCOUNT,DEBIT,UPI,10.0,UPI PAYMENT/3710,,8cd2ad3f-fa1b-4f03-8fc2-a4f280b5dc67,Posted
LED100368,2023-12-10,MAIN_OPERATING_ACCOUNT,DEBIT,UPI,5.0,UPI PAYMENT/37101-,,acc4f7ef-860b-4467-a566-94afb81e865f,Posted
LED100369,2023-12-11,MAIN_OPERATING_ACCOUNT,CREDIT,OTHERS,2300.0,NEFT PAYMENT,8646845.0,8a6d2118-2ffb-4bf2-a909-bb18224dc396,Posted
LED100370,2023-12-11,MAIN_OPERATING_ACCOUNT,DEBIT,UPI,30.0,UPI PAYMENT/33458,,1525ce13-ba65-4d9c-9b70-512ff424ee7a,Posted
LED100371,2023-12-12,MAIN_OPERATING_ACCOUNT,CREDIT,OTHERS,400.0,NEFT PAYMENT,8646845.0,824eedf2-cdec-4fa4-a64e-2571db8c400b,Posted
LED100372,2023-12-12,MAIN_OPERATING_ACCOUNT,DEBIT,UPI,239.0,UPI PAYMENT/BILLDESKRECHARGE,,8808c52c-487f-4c1a-a174-030cebd5dd51,Posted
LED100373,2023-12-13,MAIN_OPERATING_ACCOUNT,CREDIT,OTHERS,2150.0,NEFT PAYMENT,8646845.0,89d35324-ffed-4553-ae23-fe785440b61c,Posted
LED100374,2023-12-13,MAIN_OPERATING_ACCOUNT,DEBIT,UPI,55.0,UPI PAYMENT/37133,,a59ffb85-69d7-4c1d-b194-32d1c1d21160,Posted
LED100375,2023-12-13,MAIN_OPERATING_ACCOUNT,DEBIT,UPI,300.0,UPI PAYMENT/BHARATPE,,e5f9a203-43cf-45d0-9ee7-13b83ebc7c5a,Posted
LED100376,2023-12-13,MAIN_OPERATING_ACCOUNT,DEBIT,UPI,195.0,UPI PAYMENT/37136,,66ac8fe7-7c35-4ff3-afb1-42b4417e335c,Posted
LED100377,2023-12-14,MAIN_OPERATING_ACCOUNT,CREDIT,OTHERS,550.0,NEFT PAYMENT,8646845.0,50944c66-968b-4497-83e0-e6851e0cc277,Posted
LED100378,2023-12-14,MAIN_OPERATING_ACCOUNT,DEBIT,UPI,10.0,UPI PAYMENT/33481,,eb6c2f3d-fda7-4f6e-b1b5-1da1e8c31e0c,Posted
LED100379,2023-12-14,MAIN_OPERATING_ACCOUNT,DEBIT,UPI,2000.0,UPI PAYMENT/37144,,d2487a4d-ff70-479d-b733-e05dcc85e312,Posted
LED100380,2023-12-15,MAIN_OPERATING_ACCOUNT,DEBIT,UPI,30.0,UPI PAYMENT/37157,,da2103a4-9c9e-4c6a-85a1-52c3b4183238,Posted
LED100381,2023-12-16,MAIN_OPERATING_ACCOUNT,CREDIT,OTHERS,700.0,NEFT PAYMENT,8646845.0,17ad766b-af37-40c5-b682-d7dcf5c477f0,Posted
LED100382,2023-12-16,MAIN_OPERATING_ACCOUNT,DEBIT,UPI,30.0,UPI PAYMENT/GPAY,,8bc13a32-b96d-48cc-b3f4-44347d2bfa51,Posted
LED100383,2023-12-16,MAIN_OPERATING_ACCOUNT,DEBIT,UPI,500.0,UPI PAYMENT/33502,,61394046-351b-4ec4-a76c-d22a1ce7a56e,Posted
LED100384,2023-12-17,MAIN_OPERATING_ACCOUNT,CREDIT,OTHERS,1100.0,NEFT PAYMENT,8646845.0,1cb1dd5c-9dcd-42b2-b64d-e346ef69d09d,Posted
LED100385,2023-12-17,MAIN_OPERATING_ACCOUNT,CREDIT,UPI,500.0,UPI PAYMENT/33518,,1bd57b7d-e4d7-4c38-ba41-4217b0e19660,Posted
LED100386,2023-12-17,MAIN_OPERATING_ACCOUNT,DEBIT,UPI,120.0,UPI PAYMENT/37176,,0012eaa8-368a-4e35-b3c0-a95b33e8cd96,Posted
LED100387,2023-12-17,MAIN_OPERATING_ACCOUNT,DEBIT,UPI,20.0,UPI PAYMENT/33519,,d435bb20-9bd2-414a-bf2c-5e4f55769f08,Posted
LED100388,2023-12-17,MAIN_OPERATING_ACCOUNT,DEBIT,UPI,30.0,UPI PAYMENT/3717,,738ed782-9779-4e4d-a0ff-018c97d91632,Posted
LED100389,2023-12-18,MAIN_OPERATING_ACCOUNT,CREDIT,OTHERS,1150.0,NEFT PAYMENT,8646845.0,2fac0273-e8a0-4ede-ba72-406f9b86361e,Posted
LED100390,2023-12-18,MAIN_OPERATING_ACCOUNT,DEBIT,UPI,1300.0,UPI PAYMENT/37185/,,74391594-4b0a-4e9d-8349-9bb8270850f0,Posted
LED100391,2023-12-18,MAIN_OPERATING_ACCOUNT,CREDIT,OTHERS,1820.0,IMPS PAYMENT,,4d7c974b-2ebd-40b9-ab59-6fe7d3209753,Posted
LED100392,2023-12-19,MAIN_OPERATING_ACCOUNT,DEBIT,UPI,40.0,UPI PAYMENT/PAYTMGP,,8b6884ea-2f8e-42e1-ab66-0145777135bb,Posted
LED100393,2023-12-19,MAIN_OPERATING_ACCOUNT,DEBIT,UPI,500.0,UPI PAYMENT/33535,,cab97d3e-5468-4e30-bbfd-3067cfb83384,Posted
LED100394,2023-12-19,MAIN_OPERATING_ACCOUNT,DEBIT,UPI,25.0,UPI PAYMENT/PAYTMVP,,6c999f83-d09c-4d71-864f-64c31fde893a,Posted
LED100395,2023-12-20,MAIN_OPERATING_ACCOUNT,CREDIT,OTHERS,1100.0,NEFT PAYMENT,8646845.0,fa0a0894-4dbe-46d1-b601-aedc49fd803a,Posted
LED100396,2023-12-20,MAIN_OPERATING_ACCOUNT,DEBIT,UPI,900.0,UPI PAYMENT/37208,,27da12ab-450e-4b8c-b7e2-34e090da6f25,Posted
LED100397,2023-12-21,MAIN_OPERATING_ACCOUNT,CREDIT,OTHERS,1175.51,NEFT PAYMENT,8646845.0,e24aee89-6149-4ac9-89eb-76eb8503c08d,Posted
LED100398,2023-12-21,MAIN_OPERATING_ACCOUNT,CREDIT,UPI,300.0,,,d06f3238-931b-4299-87a6-0fed0b5c1ce1,Posted
LED100399,2023-12-21,MAIN_OPERATING_ACCOUNT,DEBIT,UPI,490.0,UPI PAYMENT/37210,,1dca6210-82bd-4786-888d-eab1f5510d35,Posted
LED100400,2023-12-22,MAIN_OPERATING_ACCOUNT,CREDIT,OTHERS,2440.0,NEFT PAYMENT,8646845.0,a4ed9eb6-61da-4cf5-ae2b-c82f01d92ae5,Posted
LED100401,2023-12-22,MAIN_OPERATING_ACCOUNT,DEBIT,UPI,30.0,UPI PAYMENT/37227,,ad3456cf-708e-42c3-a4ab-0e1b010b78ba,Posted
LED100402,2023-12-22,MAIN_OPERATING_ACCOUNT,DEBIT,UPI,25.0,UPI PAYMENT/37226,,f8d5c5ec-f06b-4077-ab4a-d9654f079fdd,Posted
LED100403,2023-12-23,MAIN_OPERATING_ACCOUNT,CREDIT,OTHERS,2730.0,NEFT PAYMENT,REF-646845.0,bb67ffaf-673e-4001-88a8-3fe5525e8547,Posted
LED100404,2023-12-24,MAIN_OPERATING_ACCOUNT,DEBIT,UPI,240.9,UPI PAYMENT/EURONETGPAY,,78842830-5518-49e4-98d7-1d18237b8900,Posted
LED100405,2023-12-23,MAIN_OPERATING_ACCOUNT,DEBIT,UPI,15.0,UPI PAYMENT/GPAYBILLREACHARGE,,1379293d-e6de-490d-a4c8-c8ccbc222f55,Posted
LED100406,2023-12-24,MAIN_OPERATING_ACCOUNT,CREDIT,OTHERS,800.0,NEFT PAYMENT,8646845.0,c4c402ee-91b0-4c1b-b343-cd5d4b6ad4b4,Posted
LED100407,2023-12-24,MAIN_OPERATING_ACCOUNT,DEBIT,UPI,55.0,UPI PAYMENT/37249,,11492697-fa31-47ab-a78d-cc61497d4aa5,Posted
LED100408,2023-12-24,MAIN_OPERATING_ACCOUNT,DEBIT,UPI,3000.0,UPI PAYMENT/33584,,66741393-18f7-4753-9623-6b0e092077eb,Posted
LED100409,2023-12-24,MAIN_OPERATING_ACCOUNT,DEBIT,UPI,500.0,UPI PAYMENT/33586,,5028b245-0d4b-4efc-afb5-167c28362579,Posted
LED100410,2023-12-24,MAIN_OPERATING_ACCOUNT,DEBIT,UPI,500.0,UPI PAYMENT/37240,,852f4b65-53cf-40b6-96c7-d6fd5175cbae,Posted
LED100411,2023-12-24,MAIN_OPERATING_ACCOUNT,DEBIT,UPI,100.0,UPI PAYMENT/BHARATPE6,,4fbf0fac-deec-4188-a05b-35cbf08cef1a,Posted
LED100412,2023-12-25,MAIN_OPERATING_ACCOUNT,DEBIT,UPI,1000.0,UPI PAYMENT/37256,,a95a11cb-13da-4251-87ba-0e756e454568,Posted
LED100413,2023-12-25,MAIN_OPERATING_ACCOUNT,CREDIT,UPI,700.0,UPI PAYMENT/33597,,0023242d-1db9-4e07-8220-f9641e53f407,Posted
LED100414,2023-12-25,MAIN_OPERATING_ACCOUNT,CREDIT,UPI,1.0,UPI PAYMENT/33592/GOOG-PAYMENT,,5b80c7f9-951b-438f-952c-47221d453adb,Posted
LED100415,2023-12-25,MAIN_OPERATING_ACCOUNT,DEBIT,UPI,2400.0,UPI PAYMENT/33594,,9ccad65c-9862-4d10-9f9b-7d23080cb7b1,Posted
LED100416,2023-12-25,MAIN_OPERATING_ACCOUNT,DEBIT,UPI,2520.0,UPI PAYMENT/37252,,180cf57a-a5c1-499f-b244-c1a7f947fd02,Posted
LED100417,2023-12-26,MAIN_OPERATING_ACCOUNT,CREDIT,OTHERS,850.0,NEFT PAYMENT,8646845.0,88dc08eb-4d59-49dd-b0aa-e78d9add4e2c,Posted
LED100418,2023-12-27,MAIN_OPERATING_ACCOUNT,CREDIT,OTHERS,200.0,NEFT PAYMENT,8646845.0,1e037adf-c2e8-49c6-a9f7-2b73bbdc34cc,Posted
LED100419,2023-12-27,MAIN_OPERATING_ACCOUNT,DEBIT,UPI,240.9,UPI PAYMENT/EURONETGPAY,,639e951c-916f-4215-953c-97d751ce6ed8,Posted
LED100420,2023-12-27,MAIN_OPERATING_ACCOUNT,DEBIT,UPI,5000.0,UPI PAYMENT/33610,,24c9cfcd-9ea9-411f-85df-98faebff3b25,Posted
LED100421,2023-12-27,MAIN_OPERATING_ACCOUNT,DEBIT,UPI,500.0,UPI PAYMENT/37273,,9a3605e0-3524-4ec7-83da-85fb7675ebb9,Posted
LED100422,2023-12-27,MAIN_OPERATING_ACCOUNT,DEBIT,UPI,475.0,UPI PAYMENT/33613,,193526b9-3727-4792-94a4-db19dd9f5ea7,Posted
LED100423,2023-12-27,MAIN_OPERATING_ACCOUNT,DEBIT,UPI,15.0,UPI PAYMENT/3727,,7f1d2a75-1a8b-436a-be96-06bb383a7153,Posted
LED100424,2023-12-28,MAIN_OPERATING_ACCOUNT,CREDIT,OTHERS,228.0,NEFT PAYMENT,8646845.0,862ad5d8-cf18-4308-a3e6-4c7bc06c34df,Posted
LED100425,2023-12-28,MAIN_OPERATING_ACCOUNT,DEBIT,UPI,20.0,UPI PAYMENT/3728,,6bc28a65-1437-4c07-aa79-c9b563bc5265,Posted
LED100426,2023-12-29,MAIN_OPERATING_ACCOUNT,CREDIT,OTHERS,550.0,NEFT PAYMENT,8646845.0,62254c56-0884-4f06-bf06-2bc1264348b3,Posted
LED100428,2023-12-30,MAIN_OPERATING_ACCOUNT,DEBIT,UPI,500.0,UPI PAYMENT/33647,,62202a0c-8ad2-4b14-ac71-f60b6d75f61e,Posted
LED100429,2023-12-30,MAIN_OPERATING_ACCOUNT,DEBIT,UPI,79.56,UPI PAYMENT/3730,,4137df5c-c8b0-4f8c-b0ff-a0618ab05e36,Posted
LED100430,2023-12-31,MAIN_OPERATING_ACCOUNT,CREDIT,OTHERS,1059.0,NEFT PAYMENT,8646845.0,aa0dcff2-c956-46a6-96ce-efbdf01d5d9b,Posted
LED100431,2023-12-31,MAIN_OPERATING_ACCOUNT,CREDIT,UPI,700.0,UPI PAYMENT/3731,,55476aac-ad49-4aaf-84b8-95c06cfe2b22,Posted
LED100432,2024-01-01,MAIN_OPERATING_ACCOUNT,CREDIT,OTHERS,250.0,NEFT PAYMENT,8646845.0,e5c67e48-2712-413e-a53d-6dd9996e11ae,Posted
LED100433,2024-01-01,MAIN_OPERATING_ACCOUNT,CREDIT,UPI,5000.0,UPI PAYMENT/4367,,b20c5a06-a9ec-4f85-b905-f5f595851a46,Posted
LED100434,2024-01-01,MAIN_OPERATING_ACCOUNT,CREDIT,OTHERS,900.0,IMPS PAYMENT,,2996bcc7-9f66-4df3-8e7c-09a8fa75163a,Posted
LED100435,2024-01-01,MAIN_OPERATING_ACCOUNT,DEBIT,UPI,1720.0,UPI PAYMENT/43677,,45bd7eda-edf6-4d6a-abef-ca41658bb597,Posted
LED100436,2024-01-01,MAIN_OPERATING_ACCOUNT,CREDIT,UPI,120.0,UPI PAYMENT/40013/,,198742d6-1048-43de-aa4e-41cc27c472e0,Posted
LED100437,2024-01-01,MAIN_OPERATING_ACCOUNT,DEBIT,UPI,3375.0,UPI PAYMENT/43672,,c15cb3cc-f7f3-4876-a2d1-55bbdea480f0,Posted
LED100438,2024-01-02,MAIN_OPERATING_ACCOUNT,DEBIT,UPI,500.0,UPI PAYMENT/43681,,cf816ca2-9fc0-4e43-b8ce-6e8a8f22211c,Posted
LED100439,2024-01-02,MAIN_OPERATING_ACCOUNT,DEBIT,UPI,60.0,UPI PAYMENT/43683,,8ee308dd-abf8-4647-a620-446e808ed0ef,Posted
LED100440,2024-01-02,MAIN_OPERATING_ACCOUNT,DEBIT,UPI,250.0,UPI PAYMENT/43685,,451c2fc7-caaa-43e6-a9d9-f1fef5f04fd5,Posted
LED100441,2024-01-03,MAIN_OPERATING_ACCOUNT,CREDIT,OTHERS,70.0,NEFT PAYMENT,8646845.0,5d37f0e9-2445-4da1-8f90-9db6918dffb7,Posted
LED100442,2024-01-03,MAIN_OPERATING_ACCOUNT,DEBIT,UPI,20.0,UPI PAYMENT/43699,,5f4d9d8c-ad15-4521-a4ef-78ce8a7bc41f,Posted
LED100443,2024-01-04,MAIN_OPERATING_ACCOUNT,CREDIT,OTHERS,600.0,NEFT PAYMENT,8646845.0,1862c07d-6102-47a5-8cfe-9be7d7ac500f,Posted
LED100444,2024-01-04,MAIN_OPERATING_ACCOUNT,DEBIT,UPI,1500.0,UPI PAYMENT/BHARATPE,,f7cdffdc-88ab-4e12-a0cd-fc8afb8cedcf,Posted
LED100445,2024-01-04,MAIN_OPERATING_ACCOUNT,DEBIT,UPI,241.0,UPI PAYMENT/JIOINAPPDIRECT/,,ab016bb8-dfba-4171-8adf-2e4737c99d8b,Posted
LED100446,2024-01-06,MAIN_OPERATING_ACCOUNT,CREDIT,OTHERS,550.0,NEFT PAYMENT,8646845.0,1115107b-8f3c-4048-a6bf-cd73d8ca2315,Posted
LED100447,2024-01-06,MAIN_OPERATING_ACCOUNT,DEBIT,UPI,1500.0,UPI PAYMENT/PAYTMUP,,4d94c4b0-086b-4f5c-a7c7-fd861ef2a2f6,Posted
LED100448,2024-01-08,MAIN_OPERATING_ACCOUNT,CREDIT,OTHERS,2100.0,NEFT PAYMENT,8646845.0,ce4a5a75-f6f6-469f-a474-6af88d46068a,Posted
LED100449,2024-01-08,MAIN_OPERATING_ACCOUNT,DEBIT,UPI,500.0,UPI PAYMENT/43747/,,f8d997e5-7366-4a8f-bdd2-db5f3255c418,Posted
LED100450,2024-01-08,MAIN_OPERATING_ACCOUNT,DEBIT,UPI,500.0,UPI PAYMENT/40084/,,714a7169-2cb5-4d1b-b862-26ee6df6534f,Posted
LED100451,2024-01-08,MAIN_OPERATING_ACCOUNT,DEBIT,UPI,200.0,UPI PAYMENT/40086/,,ea3b8828-50eb-4c18-826d-badcc15f5f44,Posted
LED100452,2024-01-09,MAIN_OPERATING_ACCOUNT,DEBIT,UPI,240.9,UPI PAYMENT/EURONETGPAY,,04a2fd59-6e28-4bea-841b-eb19416faace,Posted
LED100453,2024-01-09,MAIN_OPERATING_ACCOUNT,DEBIT,UPI,15.0,UPI PAYMENT/GPAYBILLREACHARGE,,0bf5340d-2711-4f50-971d-0f218701732f,Posted
LED100454,2024-01-09,MAIN_OPERATING_ACCOUNT,DEBIT,UPI,300.0,UPI PAYMENT/GPAY,,02fb796f-83a5-4935-bd8a-94a2d5545f0c,Posted
LED100455,2024-01-10,MAIN_OPERATING_ACCOUNT,CREDIT,OTHERS,790.0,NEFT PAYMENT,8646845.0,264fc9ff-d326-4ff3-b453-23596ce53c7a,Posted
LED100456,2024-01-10,MAIN_OPERATING_ACCOUNT,DEBIT,UPI,500.0,UPI PAYMENT/40101,,fefda690-3a17-4220-83c2-9efa5f59b365,Posted
LED100457,2024-01-10,MAIN_OPERATING_ACCOUNT,DEBIT,UPI,140.0,UPI PAYMENT/40108,,70b8c222-792d-4db2-a7b4-f1922e0ac67b,Posted
LED100458,2024-01-10,MAIN_OPERATING_ACCOUNT,CREDIT,UPI,1.0,UPI PAYMENT/4376,,acf395c0-4bf7-4767-8821-e0a099972b69,Posted
LED100459,2024-01-10,MAIN_OPERATING_ACCOUNT,CREDIT,UPI,1999.0,UPI PAYMENT/4376,,ed0cd356-1ae5-43f4-8178-c22ff9fe61ed,Posted
LED100460,2024-01-11,MAIN_OPERATING_ACCOUNT,DEBIT,UPI,1000.0,UPI PAYMENT/43775,,a9ff7b75-7cac-4d51-9e3b-2d78c9af1965,Posted
LED100461,2024-01-12,MAIN_OPERATING_ACCOUNT,CREDIT,OTHERS,470.0,NEFT PAYMENT,8646845.0,62c9d5e2-428e-4a79-bd11-92d8f07db62c,Posted
LED100462,2024-01-12,MAIN_OPERATING_ACCOUNT,DEBIT,UPI,110.0,UPI PAYMENT/43787,,c7cbcd85-01cf-4dc9-b995-fccb5906ff33,Posted
LED100463,2024-01-12,MAIN_OPERATING_ACCOUNT,CREDIT,OTHERS,724.5,IMPS PAYMENT,,e96afe40-f953-486a-8a3b-e031a1901448,Posted
LED100464,2024-01-12,MAIN_OPERATING_ACCOUNT,DEBIT,UPI,220.0,UPI PAYMENT/40123,,3fe91676-7889-4829-a932-6d8b2755cb08,Posted
LED100465,2024-01-13,MAIN_OPERATING_ACCOUNT,DEBIT,UPI,500.0,UPI PAYMENT/43791,,4e5f8715-5a80-43d6-bf83-56a26a12d55d,Posted
LED100466,2024-01-13,MAIN_OPERATING_ACCOUNT,DEBIT,UPI,350.0,UPI PAYMENT/PAYTM,,7e3b7c17-647b-45b7-8baf-79d338c2a6fd,Posted
LED100467,2024-01-13,MAIN_OPERATING_ACCOUNT,DEBIT,UPI,100.0,UPI PAYMENT/40135,,c1795188-ceec-4f70-a41f-b54e5ca02f5d,Posted
LED100468,2024-01-14,MAIN_OPERATING_ACCOUNT,CREDIT,OTHERS,290.0,NEFT PAYMENT,8646845.0,2d13afe7-357d-425c-a331-09ce27110425,Posted
LED100469,2024-01-14,MAIN_OPERATING_ACCOUNT,DEBIT,UPI,15.3,UPI PAYMENT/BILLDESKRECHARGE,,f5e5f32a-7d3e-427d-a391-3c8ede50d9c5,Posted
LED100470,2024-01-15,MAIN_OPERATING_ACCOUNT,DEBIT,UPI,110.0,UPI PAYMENT/43817,,21b1114b-b2dd-46c5-b71d-7b261bc4fb63,Posted
LED100471,2024-01-15,MAIN_OPERATING_ACCOUNT,DEBIT,UPI,80.0,UPI PAYMENT/43811,,d070801c-7401-4b6f-bc6f-33a8e5a840f1,Posted
LED100472,2024-01-16,MAIN_OPERATING_ACCOUNT,CREDIT,OTHERS,1500.0,NEFT PAYMENT,8646845.0,1b937e4f-f0f1-41d8-9dad-ec57557ffef6,Posted
LED100473,2024-01-16,MAIN_OPERATING_ACCOUNT,DEBIT,UPI,10.0,UPI PAYMENT/43824,,55b413a1-929e-418d-b353-f3867142573c,Posted
LED100474,2024-01-16,MAIN_OPERATING_ACCOUNT,CREDIT,UPI,150.0,UPI PAYMENT/40168/,,a1143671-1045-46d8-8f37-fe367402e90e,Posted
LED100475,2024-01-17,MAIN_OPERATING_ACCOUNT,DEBIT,UPI,10.0,UPI PAYMENT/GPAY,,0da5a399-c646-4b72-aa52-8d009ca1a91c,Posted
LED100476,2024-01-17,MAIN_OPERATING_ACCOUNT,DEBIT,UPI,10.0,UPI PAYMENT/4383,,45778d12-35b5-412d-b6e4-ef3882626971,Posted
LED100477,2024-01-18,MAIN_OPERATING_ACCOUNT,DEBIT,UPI,300.0,UPI PAYMENT/43846,,2e32ecbb-f985-43d6-8993-a41220da1f0a,Posted
LED100478,2024-01-18,MAIN_OPERATING_ACCOUNT,DEBIT,UPI,15.0,GPAY BILL PAYMENT,,7fa370c4-156e-413a-a692-e597f5ce0483,Posted
LED100479,2024-01-19,MAIN_OPERATING_ACCOUNT,DEBIT,UPI,240.9,UPI PAYMENT/EURONETGPAY,,e785ff49-b468-4823-a5ef-e441e86f9b6f,Posted
LED100480,2024-01-19,MAIN_OPERATING_ACCOUNT,DEBIT,UPI,500.0,UPI PAYMENT/43857/,,a52446ee-379a-4d3f-9ea2-b77924d94cb1,Posted
LED100481,2024-01-19,MAIN_OPERATING_ACCOUNT,DEBIT,UPI,155.0,UPI PAYMENT/43856/,,4a553536-d496-4f81-9e10-ee18ecbc34dc,Posted
LED100482,2024-01-20,MAIN_OPERATING_ACCOUNT,CREDIT,OTHERS,90.0,NEFT PAYMENT,8646845.0,3643d209-2c06-4e4c-870f-ba26700256c7,Posted
LED100483,2024-01-21,MAIN_OPERATING_ACCOUNT,CREDIT,OTHERS,568.4,NEFT PAYMENT,8646845.0,8481b283-de2a-4f1d-aa70-ec139e19ddfb,Posted
LED100484,2024-01-21,MAIN_OPERATING_ACCOUNT,DEBIT,UPI,300.0,UPI PAYMENT/43876,,6387b594-6998-47c4-bc67-75f6d22c97c2,Posted
LED100485,2024-01-21,MAIN_OPERATING_ACCOUNT,DEBIT,UPI,50.0,UPI PAYMENT/PAYTM,,61dc4e95-c640-4fb5-8497-5b76fc6ef8cc,Posted
LED100486,2024-01-22,MAIN_OPERATING_ACCOUNT,DEBIT,UPI,10.0,UPI PAYMENT/40220/UP,,24da6ab1-cf94-447f-862f-04a7da71e23e,Posted
LED100487,2024-01-24,MAIN_OPERATING_ACCOUNT,CREDIT,OTHERS,350.0,NEFT PAYMENT,8646845.0,2a1f7267-bfc4-418b-b545-639119d674e8,Posted
LED100488,2024-01-24,MAIN_OPERATING_ACCOUNT,DEBIT,UPI,240.9,GPAY BILL PAYMENT,,c86f88f3-0dda-4247-a903-f66640ce38ec,Posted
LED100489,2024-01-24,MAIN_OPERATING_ACCOUNT,DEBIT,UPI,500.0,UPI PAYMENT/40246,,0746569b-5e27-437f-84aa-9f06e4286be7,Posted
LED100490,2024-01-26,MAIN_OPERATING_ACCOUNT,CREDIT,OTHERS,300.0,NEFT PAYMENT,8646845.0,eef93922-2306-4b7d-93d5-c95986a33666,Posted
LED100491,2024-01-26,MAIN_OPERATING_ACCOUNT,DEBIT,UPI,260.0,UPI PAYMENT/43923-,,1341bb31-78dc-4d05-88a7-a971235de080,Posted
LED100492,2024-01-27,MAIN_OPERATING_ACCOUNT,CREDIT,OTHERS,550.0,NEFT PAYMENT,8646845.0,f489760e-afcc-45d5-9a73-9ce9d7c52f5f,Posted
LED100493,2024-01-27,MAIN_OPERATING_ACCOUNT,DEBIT,UPI,120.0,UPI PAYMENT/43933,,46c5404b-1418-423a-bd01-e4e4310461c5,Posted
LED100494,2024-01-27,MAIN_OPERATING_ACCOUNT,DEBIT,UPI,500.0,UPI PAYMENT/40278,,6a348480-54f6-4ee7-87bc-86a7312a5709,Posted
LED100495,2024-01-27,MAIN_OPERATING_ACCOUNT,DEBIT,UPI,35.0,UPI PAYMENT/40279,,c76f9685-7f8e-4bba-8477-1253137a3ef5,Posted
LED100496,2024-01-28,MAIN_OPERATING_ACCOUNT,CREDIT,OTHERS,1720.0,NEFT PAYMENT,8646845.0,1f8b3234-a7be-47e7-bfe6-b369a62c4a18,Posted
LED100497,2024-01-28,MAIN_OPERATING_ACCOUNT,DEBIT,UPI,15.0,UPI PAYMENT/BILLDESKRECHARGE,,31452e9f-03fd-4d51-aa53-e51ef763c2eb,Posted
LED100498,2024-01-28,MAIN_OPERATING_ACCOUNT,DEBIT,UPI,800.0,UPI PAYMENT/43941,,debc511b-ad48-4d6a-a7d6-07232fd917fe,Posted
LED100499,2024-01-28,MAIN_OPERATING_ACCOUNT,DEBIT,UPI,50.0,UPI PAYMENT/BHARATPE6,,118471d8-da4d-4b27-bfea-94539b969998,Posted
LED100500,2024-01-29,MAIN_OPERATING_ACCOUNT,CREDIT,OTHERS,1850.0,NEFT PAYMENT,8646845.0,5bb081ab-1a92-4b2e-a6f4-2c9cc7580ce1,Posted
LED100501,2024-01-29,MAIN_OPERATING_ACCOUNT,CREDIT,UPI,100.0,UPI PAYMENT/40295/,,9b39127d-c6b9-48df-a402-0e584deb0560,Posted
LED100502,2024-01-30,MAIN_OPERATING_ACCOUNT,CREDIT,OTHERS,800.0,NEFT PAYMENT,8646845.0,d41d0c9b-b7a9-47d0-a10f-b26c69a5dbc1,Posted
LED100503,2024-01-30,MAIN_OPERATING_ACCOUNT,DEBIT,UPI,80.0,UPI PAYMENT/40300/,,349f18e4-cd8c-48f3-b550-f2121e8aba84,Posted
LED100504,2024-01-30,MAIN_OPERATING_ACCOUNT,DEBIT,UPI,7.0,UPI PAYMENT/BHARATPE,,3de88f18-de2e-4291-91ff-e7074f11180e,Posted
LED100505,2024-01-30,MAIN_OPERATING_ACCOUNT,DEBIT,UPI,500.0,UPI PAYMENT/40308,,f0b28162-2bce-4103-b00d-aa1b80fd80c3,Posted
LED100506,2024-01-31,MAIN_OPERATING_ACCOUNT,CREDIT,OTHERS,207.0,NEFT PAYMENT,8646845.0,f158a569-b980-4e45-a944-31b42a31d557,Posted
LED100507,2024-01-31,MAIN_OPERATING_ACCOUNT,DEBIT,UPI,5000.0,UPI PAYMENT/43972,,73617a32-1890-46c5-bb78-b8a858d966fd,Posted
LED100508,2024-01-31,MAIN_OPERATING_ACCOUNT,CREDIT,UPI,100.0,UPI PAYMENT/43970/,,7c8fce48-1a00-461b-b6e3-af37130eee0c,Posted
LED100509,2024-01-31,MAIN_OPERATING_ACCOUNT,DEBIT,UPI,100.0,UPI PAYMENT/43975,,809adb3c-d3ef-4b7a-b146-2802f3f35753,Posted
LED100510,2024-02-01,MAIN_OPERATING_ACCOUNT,CREDIT,OTHERS,900.0,NEFT PAYMENT,8646845.0,08a34f7b-850e-457e-a038-0b000f4d6847,Posted
LED100511,2024-02-01,MAIN_OPERATING_ACCOUNT,DEBIT,UPI,19.0,UPI PAYMENT/EURONETGPAY,,4f8b69e5-2851-4253-8a0f-ecff15cc9e25,Posted
LED100512,2024-01-31,MAIN_OPERATING_ACCOUNT,CREDIT,OTHERS,58.0,5188810000,,cae6321d-8ab5-49f2-b02d-843cd3714362,Posted
LED100513,2024-02-03,MAIN_OPERATING_ACCOUNT,CREDIT,UPI,200.0,UPI PAYMENT/40344/,,ce72ebe9-c56f-40b3-a370-c94123047f03,Posted
LED100514,2024-02-03,MAIN_OPERATING_ACCOUNT,DEBIT,UPI,400.0,UPI PAYMENT/BHARATPE,,cda774a4-0998-4448-b64b-d38c751b6046,Posted
LED100515,2024-02-03,MAIN_OPERATING_ACCOUNT,DEBIT,UPI,50.0,UPI PAYMENT/BHARATPE6,,bf600bd4-ff26-4656-8075-1330fc2bfeab,Posted
LED100516,2024-02-03,MAIN_OPERATING_ACCOUNT,DEBIT,UPI,120.0,UPI PAYMENT/40340/,,dffb7b0b-809d-4693-b9d3-39cb325ab763,Posted
LED100517,2024-02-04,MAIN_OPERATING_ACCOUNT,CREDIT,OTHERS,800.0,NEFT PAYMENT,8646845.0,77909c14-8e91-4e22-8eb5-22d1a9c9fd70,Posted
LED100518,2024-02-04,MAIN_OPERATING_ACCOUNT,DEBIT,UPI,120.0,UPI PAYMENT/40353,,328ac14b-ef6c-458b-b092-dd9824a77f94,Posted
LED100519,2024-02-05,MAIN_OPERATING_ACCOUNT,DEBIT,UPI,50.0,UPI PAYMENT/44024/,,88d1bfe6-2c26-4dd2-b0e7-cd5fb5c5ccae,Posted
LED100520,2024-02-05,MAIN_OPERATING_ACCOUNT,DEBIT,UPI,500.0,UPI PAYMENT/44022/U,,e7959102-13e1-47f3-a99f-347df1210bad,Posted
LED100521,2024-02-05,MAIN_OPERATING_ACCOUNT,DEBIT,UPI,150.0,UPI PAYMENT/BHARATPE,,467a3d65-2ad0-4f2c-b016-25c1663e8fb7,Posted
LED100522,2024-02-06,MAIN_OPERATING_ACCOUNT,DEBIT,UPI,10.0,UPI PAYMENT/40379,,1575967c-306e-4a3e-bc03-1a9be7cbdf23,Posted
LED100523,2024-02-07,MAIN_OPERATING_ACCOUNT,DEBIT,UPI,200.0,UPI PAYMENT/44049,,7b9eb3f7-923f-459a-a9d7-af5ee039bd7e,Posted
LED100524,2024-02-07,MAIN_OPERATING_ACCOUNT,DEBIT,UPI,10.0,UPI PAYMENT/4404,,ae8b77c8-30cb-4342-ad58-cc2f00e44242,Posted
LED100525,2024-02-08,MAIN_OPERATING_ACCOUNT,CREDIT,OTHERS,2600.0,NEFT PAYMENT,8646845.0,61b9360f-31da-4c9d-97ae-5ea710d1891b,Posted
LED100526,2024-02-08,MAIN_OPERATING_ACCOUNT,DEBIT,UPI,50.0,UPI PAYMENT/40397,,8ebd0800-7e9e-4590-832d-153baecaada8,Posted
LED100527,2024-02-08,MAIN_OPERATING_ACCOUNT,DEBIT,UPI,120.0,UPI PAYMENT/PAYTM,,2b43e999-36ab-4f34-916c-9d86d25799cc,Posted
LED100528,2024-02-08,MAIN_OPERATING_ACCOUNT,DEBIT,UPI,240.0,UPI PAYMENT/40391,,7ce9315c-ed05-4556-b612-d0e08e5cb385,Posted
LED100529,2024-02-09,MAIN_OPERATING_ACCOUNT,DEBIT,UPI,100.0,UPI PAYMENT/PAYTM,,95b1eec3-0171-4116-b682-4059d2a7bc24,Posted
LED100530,2024-02-10,MAIN_OPERATING_ACCOUNT,CREDIT,OTHERS,750.0,NEFT PAYMENT,8646845.0,0a69922e-7224-4efd-9a72-3dcbd3aec1e3,Posted
LED100531,2024-02-10,MAIN_OPERATING_ACCOUNT,DEBIT,UPI,500.0,UPI PAYMENT/40411,,47c6ee84-d148-4fd1-805a-888e13d4634e,Posted
LED100532,2024-02-11,MAIN_OPERATING_ACCOUNT,DEBIT,UPI,15.0,GPAY BILL PAYMENT,,d8feb565-b6d2-4762-92b6-56f8bd03bd31,Posted
LED100533,2024-02-11,MAIN_OPERATING_ACCOUNT,DEBIT,UPI,30.0,UPI PAYMENT/40423,,37a15083-777f-4d71-a2da-bc6572399071,Posted
LED100534,2024-02-11,MAIN_OPERATING_ACCOUNT,CREDIT,UPI,200.0,UPI PAYMENT/40426/,,3e7727fd-f4f5-4979-ba30-1fb191e78ea0,Posted
LED100535,2024-02-12,MAIN_OPERATING_ACCOUNT,CREDIT,OTHERS,590.0,NEFT PAYMENT,8646845.0,68b32c0e-caf8-4f3d-9f43-9a98020a9370,Posted
LED100536,2024-02-12,MAIN_OPERATING_ACCOUNT,CREDIT,UPI,10000.0,UPI PAYMENT/4409,,4e097305-2394-4ddb-9194-b5ba2c4f1f3c,Posted
LED100537,2024-02-12,MAIN_OPERATING_ACCOUNT,DEBIT,UPI,500.0,UPI PAYMENT/40437,,155249a3-f94d-4d7d-a50c-a15707c31c56,Posted
LED100538,2024-02-13,MAIN_OPERATING_ACCOUNT,DEBIT,ATM,10000.0,ATM WITHDRAWAL,,6984b44d-3a50-409f-a3ca-1194f0d8f98e,Posted
LED100539,2024-02-13,MAIN_OPERATING_ACCOUNT,DEBIT,UPI,300.0,UPI PAYMENT/40448,,3059a741-a85a-4cc2-a0f4-11780aafa0f6,Posted
LED100540,2024-02-13,MAIN_OPERATING_ACCOUNT,DEBIT,UPI,40.0,UPI PAYMENT/44103/,,9e7a4dfb-6f70-4c0e-8d53-5c2aa1492cf7,Posted
LED100541,2024-02-13,MAIN_OPERATING_ACCOUNT,DEBIT,UPI,30.0,UPI PAYMENT/4410,,363c26a7-ebd0-4c0c-a36a-b6bed63cf0e3,Posted
LED100542,2024-02-14,MAIN_OPERATING_ACCOUNT,CREDIT,OTHERS,50.0,NEFT PAYMENT,8646845.0,50e265b9-2f5e-4163-bdd0-d55a48a0a727,Posted
LED100543,2024-02-14,MAIN_OPERATING_ACCOUNT,DEBIT,UPI,1.0,UPI PAYMENT/40453/,,760b87fd-0dfb-4eaf-a588-28a70a0fbb24,Posted
LED100544,2024-02-14,MAIN_OPERATING_ACCOUNT,DEBIT,UPI,2544.0,UPI PAYMENT/44115/,,97e01898-2b72-4fcc-9336-13bee9d494ac,Posted
LED100545,2024-02-14,MAIN_OPERATING_ACCOUNT,DEBIT,UPI,100.0,UPI PAYMENT/44112/,,fc6dd8a6-6a87-4085-8758-da5587ccfe6c,Posted
LED100546,2024-02-14,MAIN_OPERATING_ACCOUNT,DEBIT,UPI,60.0,UPI PAYMENT/44112,,547f17dc-2d2c-4ccc-b95d-614ed96c2542,Posted
LED100547,2024-02-15,MAIN_OPERATING_ACCOUNT,CREDIT,UPI,4.0,UPI PAYMENT/40465//U,,b521bda5-63fd-4820-a488-87dcce7d18eb,Posted
LED100548,2024-02-15,MAIN_OPERATING_ACCOUNT,CREDIT,UPI,3000.0,UPI PAYMENT/4412,,39510c4f-f246-4921-a15e-d22d663c1f50,Posted
LED100549,2024-02-16,MAIN_OPERATING_ACCOUNT,DEBIT,UPI,40.0,UPI PAYMENT/40472,,716027fa-f0f3-44d8-bb92-55d7762cd9fb,Posted
LED100550,2024-02-16,MAIN_OPERATING_ACCOUNT,DEBIT,UPI,15.0,UPI PAYMENT/EURONETGPAY,,cce59018-2488-43ca-aa86-d9ff212dd00e,Posted
LED100551,2024-02-16,MAIN_OPERATING_ACCOUNT,DEBIT,UPI,180.0,UPI PAYMENT/44134,,404ebe38-19f4-46fb-b243-1d5c19991d80,Posted
LED100552,2024-02-17,MAIN_OPERATING_ACCOUNT,DEBIT,UPI,240.9,GPAY BILL PAYMENT,,c13cf27a-9082-4ed9-bc55-2aa2cd004082,Posted
LED100553,2024-02-17,MAIN_OPERATING_ACCOUNT,DEBIT,UPI,2500.0,UPI PAYMENT/40484/,,268af40a-ed4a-4149-bef1-f970b138f39f,Posted
LED100554,2024-02-18,MAIN_OPERATING_ACCOUNT,CREDIT,OTHERS,440.0,NEFT PAYMENT,8646845.0,4561ad20-4ca2-4a37-b71a-dbce319c18a6,Posted
LED100555,2024-02-19,MAIN_OPERATING_ACCOUNT,DEBIT,UPI,80.0,UPI PAYMENT/44160,,d61c1b73-4e1e-4a4b-b099-4c8327dec7e8,Posted
LED100556,2024-02-19,MAIN_OPERATING_ACCOUNT,CREDIT,UPI,40.0,UPI PAYMENT/40501/,,077bbc95-956c-4f2d-82cf-cacf04660222,Posted
LED100557,2024-02-19,MAIN_OPERATING_ACCOUNT,DEBIT,UPI,40.0,UPI PAYMENT/40501/,,d758358b-e740-40d6-a65f-0b6d82a23718,Posted
LED100558,2024-02-19,MAIN_OPERATING_ACCOUNT,DEBIT,UPI,10.0,UPI PAYMENT/BHARATPE,,2b1ef787-d245-498e-9a80-5deef7e5fbf3,Posted
LED100559,2024-02-20,MAIN_OPERATING_ACCOUNT,CREDIT,UPI,100.0,UPI PAYMENT/4417,,a2ea20f3-98cc-4fdd-bdc5-482c09a70a28,Posted
LED100560,2024-02-20,MAIN_OPERATING_ACCOUNT,DEBIT,UPI,290.0,UPI PAYMENT/PAYTM,,e402d2ed-3f56-4017-b072-e15dbe3ff156,Posted
LED100561,2024-02-21,MAIN_OPERATING_ACCOUNT,DEBIT,UPI,130.0,UPI PAYMENT/GPAY,,562e1a89-513e-4a1c-b585-9ca61edec1b0,Posted
LED100562,2024-02-22,MAIN_OPERATING_ACCOUNT,CREDIT,OTHERS,3600.0,NEFT PAYMENT,8646845.0,e976a032-cc2a-4722-aa49-3899c4aadbfd,Posted
LED100563,2024-02-22,MAIN_OPERATING_ACCOUNT,DEBIT,UPI,40.0,UPI PAYMENT/44194,,f4393fd4-814a-4c06-b9f3-cb0a6b555638,Posted
LED100564,2024-02-22,MAIN_OPERATING_ACCOUNT,DEBIT,UPI,25.0,UPI PAYMENT/PAYTM,,5905637d-1510-4729-90b5-c8b29f8a2f57,Posted
LED100565,2024-02-22,MAIN_OPERATING_ACCOUNT,DEBIT,UPI,15.0,GPAY BILL PAYMENT,,2117d0d3-a975-4c98-8ee9-593fc980872e,Posted
LED100566,2024-02-22,MAIN_OPERATING_ACCOUNT,DEBIT,UPI,19.0,UPI PAYMENT/EURONETGPAY,,fdb8846f-2141-4a94-afb9-bf0d660b403e,Posted
LED100567,2024-02-23,MAIN_OPERATING_ACCOUNT,DEBIT,UPI,200.0,UPI PAYMENT/40543//U,,39d0261e-e3a6-4b5b-b904-f5a574b2fd8c,Posted
LED100568,2024-02-23,MAIN_OPERATING_ACCOUNT,DEBIT,UPI,20.0,UPI PAYMENT/BHARATPE,,1a13197a-7581-4fe9-8df2-6ce1c3ab68d2,Posted
LED100569,2024-02-23,MAIN_OPERATING_ACCOUNT,DEBIT,UPI,40.0,UPI PAYMENT/PAYTM,,7c4343de-fef1-4103-a67b-96359536988c,Posted
LED100570,2024-02-24,MAIN_OPERATING_ACCOUNT,DEBIT,UPI,35.0,UPI PAYMENT/40552,,76de83a7-ec01-4af0-8652-8b5825712cfc,Posted
LED100571,2024-02-24,MAIN_OPERATING_ACCOUNT,CREDIT,UPI,20000.0,UPI PAYMENT/44219/-2YBL/PA,,6b6c4e13-5aac-4518-a71b-f26c60a2a75d,Posted
LED100572,2024-02-24,MAIN_OPERATING_ACCOUNT,CREDIT,UPI,200.0,UPI PAYMENT/40552//U,,a24223e8-7dd5-4bcc-8828-576bbd20077e,Posted
LED100573,2024-02-25,MAIN_OPERATING_ACCOUNT,DEBIT,UPI,20000.0,UPI PAYMENT/40563,,9fe6046f-e43d-40dd-ac7b-d82f76c2e355,Posted
LED100574,2024-02-25,MAIN_OPERATING_ACCOUNT,CREDIT,UPI,100.0,UPI PAYMENT/40564//U,,d3ba77c6-0c56-498a-9fc2-2bc8b61800b4,Posted
LED100575,2024-02-25,MAIN_OPERATING_ACCOUNT,DEBIT,UPI,100.0,UPI PAYMENT/44224,,e8ce2f81-4214-4218-939d-6d5930874d98,Posted
LED100576,2024-02-25,MAIN_OPERATING_ACCOUNT,DEBIT,UPI,19.0,UPI PAYMENT/EURONETGPAY,,b9b53ed3-3f7f-49fb-bd7f-b79ef18b5882,Posted
LED100577,2024-02-25,MAIN_OPERATING_ACCOUNT,CREDIT,UPI,20000.0,UPI PAYMENT/4422,,aa5b784e-f688-48fa-8dbd-3d6a39c30bac,Posted
LED100578,2024-02-26,MAIN_OPERATING_ACCOUNT,DEBIT,UPI,60.0,UPI PAYMENT/44239,,0959ae69-6542-4d98-a6a5-addc16ed8a2e,Posted
LED100579,2024-02-27,MAIN_OPERATING_ACCOUNT,DEBIT,UPI,10.0,UPI PAYMENT/BHARATPE,,cb3e84dd-a910-4a75-a81c-9b8fd8108fd9,Posted
LED100580,2024-02-28,MAIN_OPERATING_ACCOUNT,CREDIT,UPI,100.0,UPI PAYMENT/40597//U,,b2586b28-ae7f-4826-965d-282c0bc48d1b,Posted
LED100581,2024-02-28,MAIN_OPERATING_ACCOUNT,CREDIT,UPI,50.0,UPI PAYMENT/4425,,21384d30-e170-4c75-bd9d-c15b3f0479ed,Posted
LED100582,2024-02-28,MAIN_OPERATING_ACCOUNT,DEBIT,UPI,140.0,UPI PAYMENT/PAYTM,,d2ba0a4e-dcd6-46fb-87f3-be44a3a569a5,Posted
LED100583,2024-02-29,MAIN_OPERATING_ACCOUNT,DEBIT,UPI,500.0,UPI PAYMENT/40602,,be18d1f7-6e51-4cbb-8549-b380008a41fa,Posted
LED100584,2024-02-29,MAIN_OPERATING_ACCOUNT,DEBIT,UPI,200.0,UPI PAYMENT/44268/-,,8762ab07-fefd-41fd-b8d7-3d3232acf374,Posted
LED100585,2024-03-01,MAIN_OPERATING_ACCOUNT,DEBIT,UPI,500.0,UPI PAYMENT/44272,,f81bb60c-6adc-4719-a457-91d2dd8231ab,Posted
LED100586,2024-03-01,MAIN_OPERATING_ACCOUNT,DEBIT,UPI,50.0,UPI PAYMENT/40618/-P,,ff4cf795-4d04-435f-8499-c39c361e04f9,Posted
LED100587,2024-03-02,MAIN_OPERATING_ACCOUNT,DEBIT,UPI,10.0,UPI PAYMENT/44283,,0459f55e-d37d-46d5-ab22-384bbde0a291,Posted
LED100588,2024-03-02,MAIN_OPERATING_ACCOUNT,DEBIT,UPI,10.0,UPI PAYMENT/BHARATPE,,df9253c6-51a1-44c1-9037-7f73073ef3d5,Posted
LED100589,2024-03-03,MAIN_OPERATING_ACCOUNT,DEBIT,UPI,95.0,UPI PAYMENT/40630,,41680136-08c1-4b68-9061-d1b16433eb83,Posted
LED100590,2024-03-03,MAIN_OPERATING_ACCOUNT,DEBIT,UPI,40.0,UPI PAYMENT/GPAY,,ce328726-c42d-4af8-bb36-e3f6c52c780a,Posted
LED100591,2024-03-03,MAIN_OPERATING_ACCOUNT,DEBIT,UPI,55.0,UPI PAYMENT/40633,,47710eaf-c809-45b1-8bc3-887f7d0bc2a2,Posted
LED100592,2024-03-03,MAIN_OPERATING_ACCOUNT,DEBIT,UPI,10.0,UPI PAYMENT/44292,,ddb6d9e7-a185-41d8-bdf5-2018193c0e21,Posted
LED100593,2024-03-03,MAIN_OPERATING_ACCOUNT,DEBIT,UPI,80.0,UPI PAYMENT/BHARATPE6,,2470f599-b47c-4ddc-b9bd-89149c28acdb,Posted
LED100594,2024-03-03,MAIN_OPERATING_ACCOUNT,CREDIT,UPI,200.0,UPI PAYMENT/4429,,0a895b35-b757-4b4a-97c3-2ec7fb404791,Posted
LED100595,2024-03-03,MAIN_OPERATING_ACCOUNT,DEBIT,UPI,18.0,UPI PAYMENT/40635,,93f862fe-63f1-4f6b-ada2-1f7fbdb9717b,Posted
LED100596,2024-03-03,MAIN_OPERATING_ACCOUNT,DEBIT,UPI,130.0,UPI PAYMENT/GPAY,,47808daf-cee5-47ae-b6be-8addd0856de9,Posted
LED100597,2024-03-04,MAIN_OPERATING_ACCOUNT,DEBIT,UPI,20.0,UPI PAYMENT/44308,,b306cfe4-e1ff-4d81-ba46-6f1b1762ec46,Posted
LED100598,2024-03-04,MAIN_OPERATING_ACCOUNT,CREDIT,UPI,100.0,UPI PAYMENT/40640/U,,3cc02484-fa72-4012-95d6-d8f61c3fa198,Posted
LED100599,2024-03-04,MAIN_OPERATING_ACCOUNT,CREDIT,UPI,100.0,UPI PAYMENT/40640/U,,45f0884d-d67a-4e6d-9ecb-d6fd20ae6720,Posted
LED100600,2024-03-04,MAIN_OPERATING_ACCOUNT,DEBIT,UPI,55.0,UPI PAYMENT/44306,,6b0c4066-498c-40cb-b797-b7619f6d154b,Posted
LED100601,2024-03-06,MAIN_OPERATING_ACCOUNT,DEBIT,UPI,30.0,UPI PAYMENT/44301/,,5d78ab92-3f74-4e01-855a-52c90070705e,Posted
LED100602,2024-03-04,MAIN_OPERATING_ACCOUNT,DEBIT,UPI,60.0,UPI PAYMENT/44304,,d96af22f-b6aa-4d88-9850-d4334015e1a1,Posted
LED100603,2024-03-04,MAIN_OPERATING_ACCOUNT,DEBIT,UPI,10.0,UPI PAYMENT/PAYTM,,54a5ad39-1ba0-4a81-8eea-631e0b5ba234,Posted
LED100604,2024-03-04,MAIN_OPERATING_ACCOUNT,DEBIT,UPI,10.0,UPI PAYMENT/44304,,6a0df95a-67ff-4421-ac44-dedfb7142ec0,Posted
LED100605,2024-03-05,MAIN_OPERATING_ACCOUNT,DEBIT,UPI,240.9,GPAY BILL PAYMENT,,c401dde9-6473-4b2e-aea7-fdfb985796ba,Posted
LED100606,2024-03-06,MAIN_OPERATING_ACCOUNT,DEBIT,UPI,60.0,UPI PAYMENT/40664,,93d3fab1-dd94-43d3-bddc-51081ccb90b3,Posted
LED100607,2024-03-06,MAIN_OPERATING_ACCOUNT,DEBIT,UPI,420.0,UPI PAYMENT/44325,,33a1cf04-ddbe-41d4-951f-633e855cdba3,Posted
LED100608,2024-03-06,MAIN_OPERATING_ACCOUNT,CREDIT,UPI,100.0,UPI PAYMENT/44328/,,c3f1f389-51b9-483d-a8e8-aa8c6ca9ca29,Posted
LED100609,2024-03-06,MAIN_OPERATING_ACCOUNT,CREDIT,UPI,100.0,UPI PAYMENT/44323/A,,260b0276-87f2-44b1-bbb0-6716e3a081ac,Posted
LED100610,2024-03-06,MAIN_OPERATING_ACCOUNT,DEBIT,UPI,140.0,UPI PAYMENT/PAYTM,,f6b6ca0d-5449-4012-8397-db10fba6fdc5,Posted
LED100611,2024-03-06,MAIN_OPERATING_ACCOUNT,CREDIT,UPI,100.0,UPI PAYMENT/4432,,fca1fae7-6068-481d-a250-5ddf8f3fb6e8,Posted
LED100612,2024-03-07,MAIN_OPERATING_ACCOUNT,DEBIT,UPI,4600.0,UPI PAYMENT/40675/,,0362ec16-2086-46cb-a139-93d985922644,Posted
LED100613,2024-03-08,MAIN_OPERATING_ACCOUNT,DEBIT,UPI,22.0,UPI PAYMENT/BHARATPE,,95752022-958b-4366-83c6-f73b02729b1f,Posted
LED100614,2024-03-08,MAIN_OPERATING_ACCOUNT,DEBIT,UPI,10.0,UPI PAYMENT/BHARATPE,,436348d2-b929-4920-a467-6652d7d83b11,Posted
LED100615,2024-03-08,MAIN_OPERATING_ACCOUNT,DEBIT,UPI,85.0,UPI PAYMENT/44340,,fc243606-81bf-4c65-bd3e-59b6b61803b0,Posted
LED100616,2024-03-08,MAIN_OPERATING_ACCOUNT,DEBIT,UPI,180.0,UPI PAYMENT/PAYTM,,2ae8e8f3-ec5a-4e13-a0f6-2c6ea927c5ef,Posted
LED100617,2024-03-09,MAIN_OPERATING_ACCOUNT,DEBIT,UPI,290.0,UPI PAYMENT/44351,,3c3c3478-b858-4753-95f7-e35212ed5234,Posted
LED100618,2024-03-09,MAIN_OPERATING_ACCOUNT,DEBIT,UPI,500.0,UPI PAYMENT/40696,,66fe3137-8eb3-4a1c-9ea0-6eef9b9192bd,Posted
LED100619,2024-03-10,MAIN_OPERATING_ACCOUNT,DEBIT,UPI,520.0,UPI PAYMENT/PAYTM,,98754b97-26a8-4001-9dd9-50882881f4b4,Posted
LED100620,2024-03-10,MAIN_OPERATING_ACCOUNT,DEBIT,UPI,15.0,GPAY BILL PAYMENT,,ba8ac0f2-7161-460d-96d1-a76c01939731,Posted
LED100621,2024-03-11,MAIN_OPERATING_ACCOUNT,DEBIT,UPI,200.0,UPI PAYMENT/40714/,,d56ac532-fbf2-4101-8625-64df0e39c679,Posted
LED100622,2024-03-12,MAIN_OPERATING_ACCOUNT,CREDIT,OTHERS,1630.0,NEFT PAYMENT,8646845.0,8f445b17-73be-41f5-8bf2-ea2d84374f5d,Posted
LED100623,2024-03-13,MAIN_OPERATING_ACCOUNT,CREDIT,OTHERS,140.0,NEFT PAYMENT,8646845.0,e68fd2fa-6961-4432-8b5d-8eb6da045406,Posted
LED100624,2024-03-13,MAIN_OPERATING_ACCOUNT,DEBIT,UPI,59.0,UPI PAYMENT/44399,,5532db55-3191-4e9f-abcd-c34908dc09d2,Posted
LED100625,2024-03-13,MAIN_OPERATING_ACCOUNT,DEBIT,UPI,15.0,UPI PAYMENT/BHARATPE,,5a056440-1410-4c5a-916f-d182fb72fbf4,Posted
LED100626,2024-03-14,MAIN_OPERATING_ACCOUNT,DEBIT,UPI,5000.0,UPI PAYMENT/40740,,8744a935-c9c8-4bef-a7e9-86fc94cd21a8,Posted
LED100627,2024-03-14,MAIN_OPERATING_ACCOUNT,DEBIT,UPI,500.0,UPI PAYMENT/44401,,f38f3e02-7a59-4fcf-bbf7-00b3948b0d77,Posted
LED100628,2024-03-14,MAIN_OPERATING_ACCOUNT,CREDIT,UPI,200.0,UPI PAYMENT/44404/,,ef1a6f46-94c8-4026-a360-91d0c6658fe4,Posted
LED100629,2024-03-14,MAIN_OPERATING_ACCOUNT,DEBIT,UPI,15.0,GPAY BILL PAYMENT,,9332a1ae-6a36-46da-8642-b73c5e7fd1d7,Posted
LED100630,2024-03-14,MAIN_OPERATING_ACCOUNT,DEBIT,UPI,126.0,UPI PAYMENT/BHARATPE,,03f8329f-77fc-493a-98a8-e39598a1ba6d,Posted
LED100631,2024-03-15,MAIN_OPERATING_ACCOUNT,CREDIT,OTHERS,300.0,NEFT PAYMENT,8646845.0,0f043ecc-3aeb-44a3-a79f-56c9c276126f,Posted
LED100632,2024-03-15,MAIN_OPERATING_ACCOUNT,DEBIT,UPI,10.0,UPI PAYMENT/44416,,aefcdc88-ef11-44d8-bc6b-36eea768c42d,Posted
LED100633,2024-03-15,MAIN_OPERATING_ACCOUNT,DEBIT,UPI,10.0,UPI PAYMENT/40754,,190db62e-68de-419b-8145-9827715b4a2c,Posted
LED100634,2024-03-15,MAIN_OPERATING_ACCOUNT,DEBIT,UPI,60.0,UPI PAYMENT/44412,,efe8ec9c-118e-4d64-b5b7-2245c31a541a,Posted
LED100635,2024-03-15,MAIN_OPERATING_ACCOUNT,DEBIT,UPI,20.0,UPI PAYMENT/PAYTM,,469a9e31-c604-43a3-804a-4a065fa40981,Posted
LED100636,2024-03-16,MAIN_OPERATING_ACCOUNT,CREDIT,OTHERS,800.0,NEFT PAYMENT,8646845.0,7d6b1ec0-0940-4f18-a559-c54b33c9d152,Posted
LED100637,2024-03-16,MAIN_OPERATING_ACCOUNT,DEBIT,UPI,240.9,GPAY BILL PAYMENT,,f469aadc-068d-4845-8c97-e4ce775231a1,Posted
LED100638,2024-03-17,MAIN_OPERATING_ACCOUNT,CREDIT,OTHERS,2150.0,NEFT PAYMENT,8646845.0,bc8eae11-ce87-4d53-a375-425b7a069146,Posted
LED100639,2024-03-17,MAIN_OPERATING_ACCOUNT,DEBIT,UPI,300.0,UPI PAYMENT/40770,,313bb93b-e4ba-46df-90b3-712075050537,Posted
LED100640,2024-03-17,MAIN_OPERATING_ACCOUNT,DEBIT,UPI,19.0,GPAY BILL PAYMENT,,4bd90e4b-af6c-4e50-b3ff-8581ec810545,Posted
LED100641,2024-03-18,MAIN_OPERATING_ACCOUNT,CREDIT,OTHERS,250.0,NEFT PAYMENT,8646845.0,a4faed24-6ce4-4217-aa69-a7c32a52807a,Posted
LED100642,2024-03-18,MAIN_OPERATING_ACCOUNT,DEBIT,UPI,10.0,UPI PAYMENT/40788,,98d7c60c-6e18-46c6-9de5-08d369c95123,Posted
LED100643,2024-03-19,MAIN_OPERATING_ACCOUNT,CREDIT,OTHERS,1150.0,NEFT PAYMENT,8646845.0,9c68ab5c-e8e1-460e-8d80-c0c3968e9d30,Posted
LED100644,2024-03-19,MAIN_OPERATING_ACCOUNT,DEBIT,UPI,30.0,UPI PAYMENT/BHARATPE,,be13eda8-1963-422d-bb1c-30151ccf176a,Posted
LED100645,2024-03-19,MAIN_OPERATING_ACCOUNT,DEBIT,UPI,15.0,UPI PAYMENT/44458,,a204f520-c876-4853-9dd0-fd6f8856e234,Posted
LED100646,2024-03-19,MAIN_OPERATING_ACCOUNT,DEBIT,UPI,130.0,UPI PAYMENT/GPAY,,6e72467f-3721-48ea-9b48-461dfe1f88b1,Posted
LED100647,2024-03-19,MAIN_OPERATING_ACCOUNT,DEBIT,UPI,3000.0,UPI PAYMENT/PAYTMUP,,ad0d873d-e298-4bbc-a180-5bc3405ca1c9,Posted
LED100648,2024-03-20,MAIN_OPERATING_ACCOUNT,CREDIT,OTHERS,920.0,NEFT PAYMENT,8646845.0,299555c9-77b1-4b40-95bc-344f4dd2a4c8,Posted
LED100649,2024-03-20,MAIN_OPERATING_ACCOUNT,DEBIT,UPI,12000.0,UPI PAYMENT/44465,,7d7fc9ef-04b8-4bd9-9c9c-d0004c7e80a8,Posted
LED100650,2024-03-20,MAIN_OPERATING_ACCOUNT,DEBIT,UPI,500.0,UPI PAYMENT/40806,,16b89c73-9259-4655-834e-7434b64b814d,Posted
LED100651,2024-03-20,MAIN_OPERATING_ACCOUNT,DEBIT,UPI,125.0,UPI PAYMENT/40804,,07d32ae8-a744-4320-b8bb-e394d9a60030,Posted
LED100652,2024-03-21,MAIN_OPERATING_ACCOUNT,CREDIT,OTHERS,270.0,NEFT PAYMENT,8646845.0,fe452049-1057-4837-8d1b-069c2658aa80,Posted
LED100653,2024-03-21,MAIN_OPERATING_ACCOUNT,DEBIT,UPI,170.0,UPI PAYMENT/44470,,508c73b9-db53-4a7c-80c7-fe3829cacf0c,Posted
LED100654,2024-03-21,MAIN_OPERATING_ACCOUNT,DEBIT,UPI,4.75,UPI PAYMENT/BHARATPE,,764b99fb-ade2-434e-80d8-e79d1dcdb15b,Posted
LED100655,2024-03-22,MAIN_OPERATING_ACCOUNT,CREDIT,OTHERS,1370.0,NEFT PAYMENT,8646845.0,00cac92b-da3e-4ba7-83f4-10e060a1d03f,Posted
LED100656,2024-03-22,MAIN_OPERATING_ACCOUNT,CREDIT,UPI,3000.0,UPI PAYMENT/4448,,50c37c64-7cce-4928-bfd9-724014a1b6b7,Posted
LED100657,2024-03-22,MAIN_OPERATING_ACCOUNT,DEBIT,UPI,11.0,UPI PAYMENT/BHARATPE,,e83d17d0-3ef4-4381-83ce-92a38212fdac,Posted
LED100658,2024-03-22,MAIN_OPERATING_ACCOUNT,DEBIT,UPI,100.0,UPI PAYMENT/40821,,da240577-8841-4712-9479-8816122ea3c3,Posted
LED100659,2024-03-23,MAIN_OPERATING_ACCOUNT,DEBIT,UPI,4380.0,AMZN,,d0a961ad-fecd-41e7-b06a-5df0258bf566,Posted
LED100660,2024-03-23,MAIN_OPERATING_ACCOUNT,DEBIT,UPI,130.0,UPI PAYMENT/GPAY,,3177e226-acae-4ec3-8843-3874b4361d5c,Posted
LED100661,2024-03-24,MAIN_OPERATING_ACCOUNT,CREDIT,OTHERS,4300.0,NEFT PAYMENT,8646845.0,5f86c92a-4e28-4a3d-aa31-7be396663f5b,Posted
LED100662,2024-03-24,MAIN_OPERATING_ACCOUNT,DEBIT,UPI,40.0,UPI PAYMENT/40846/-2,,df48ddbf-f64d-456c-9e25-41a0b42687e9,Posted
LED100663,2024-03-24,MAIN_OPERATING_ACCOUNT,CREDIT,UPI,1500.0,UPI PAYMENT/4084,,b59f667d-f903-4bf0-97c4-e977869adc2b,Posted
LED100664,2024-03-24,MAIN_OPERATING_ACCOUNT,DEBIT,UPI,500.0,UPI PAYMENT/44505,,abab07fe-0d91-45b4-89d2-8842b9306dfb,Posted
LED100665,2024-03-24,MAIN_OPERATING_ACCOUNT,DEBIT,UPI,200.0,UPI PAYMENT/40840,,26b6b56a-c7d5-4ec4-86fc-3a6ca3978eba,Posted
LED100666,2024-03-27,MAIN_OPERATING_ACCOUNT,DEBIT,UPI,30.0,UPI PAYMENT/BHARATPE,,4f2fc8cc-599c-4ffa-b157-e30f44ed18c6,Posted
LED100667,2024-03-25,MAIN_OPERATING_ACCOUNT,CREDIT,UPI,100.0,UPI PAYMENT/4451,,19ea4502-0cb0-484f-b995-03cf27b0cd6e,Posted
LED100669,2024-03-26,MAIN_OPERATING_ACCOUNT,DEBIT,UPI,120.0,UPI PAYMENT/40861,,fff28fb6-5163-4ca5-aa89-8cbc53034790,Posted
LED100670,2024-03-27,MAIN_OPERATING_ACCOUNT,DEBIT,UPI,10.0,UPI PAYMENT/44535,,0955a422-1f1f-401e-8836-5e9efc1c1a42,Posted
LED100671,2024-03-27,MAIN_OPERATING_ACCOUNT,DEBIT,UPI,50.0,UPI PAYMENT/BHARATPE6,,4aba3c22-3f45-4194-8dc2-885cb24cab0e,Posted
LED100672,2024-03-27,MAIN_OPERATING_ACCOUNT,DEBIT,UPI,20.0,UPI PAYMENT/EAZYPAY,,e72ca825-8866-402c-a05b-cf0f7cad5a84,Posted
LED100673,2024-03-27,MAIN_OPERATING_ACCOUNT,DEBIT,UPI,15.0,UPI PAYMENT/BHARATPE,,8a0bc213-13a3-4f10-9c69-dd5ca1a1f985,Posted
LED100674,2024-03-28,MAIN_OPERATING_ACCOUNT,DEBIT,UPI,50.0,UPI PAYMENT/BHARATPE,,c9b1f653-377c-4d55-9de0-6515d8ac1093,Posted
LED100675,2024-03-28,MAIN_OPERATING_ACCOUNT,DEBIT,UPI,10.0,UPI PAYMENT/BHARATPE,,6030242a-7557-4afd-9054-02085fbd32d2,Posted
LED100676,2024-03-28,MAIN_OPERATING_ACCOUNT,CREDIT,UPI,500.0,UPI PAYMENT/44544,,b628fdc3-476b-44aa-8830-92e25a4727ab,Posted
LED100677,2024-03-28,MAIN_OPERATING_ACCOUNT,DEBIT,UPI,5000.0,UPI PAYMENT/40883,,53d7e363-1b51-4239-9f25-7b50dc61c822,Posted
LED100678,2024-03-28,MAIN_OPERATING_ACCOUNT,CREDIT,UPI,5000.0,UPI PAYMENT/4454,,1e07f769-eae0-4b00-b474-f0b2c3c8b3a9,Posted
LED100679,2024-03-28,MAIN_OPERATING_ACCOUNT,DEBIT,UPI,10.0,UPI PAYMENT/BHARATPE,,d23a4bf4-e4b2-462b-b793-687de9e958fe,Posted
LED100680,2024-03-29,MAIN_OPERATING_ACCOUNT,CREDIT,OTHERS,170.0,NEFT PAYMENT,8646845.0,cc5842ed-918f-4cc6-96ba-c07cd8ddbdaa,Posted
LED100681,2024-03-29,MAIN_OPERATING_ACCOUNT,DEBIT,UPI,500.0,UPI PAYMENT/40891,,c3646735-a4fc-4856-9023-730fa71e7992,Posted
LED100682,2024-03-29,MAIN_OPERATING_ACCOUNT,DEBIT,UPI,260.0,UPI PAYMENT/GPAY,,b4c75e0f-9aaf-4d34-a1a8-49ef5752c3bc,Posted
LED100683,2024-03-29,MAIN_OPERATING_ACCOUNT,DEBIT,UPI,10.0,UPI PAYMENT/EAZYPAY,,fa5e8f02-f34d-45d3-abc7-8aeacc50b5bc,Posted
LED100684,2024-03-29,MAIN_OPERATING_ACCOUNT,DEBIT,UPI,10.0,UPI PAYMENT/BHARATPE,,842a8f38-d8b0-4a7e-8aa4-f13bc5d2c5c1,Posted
LED100685,2024-03-30,MAIN_OPERATING_ACCOUNT,DEBIT,UPI,500.0,UPI PAYMENT/44561,,8f10df08-f90e-439d-83b7-1095c0083eff,Posted
LED100686,2024-03-30,MAIN_OPERATING_ACCOUNT,DEBIT,UPI,50.0,UPI PAYMENT/BHARATPE6,,53a022f9-d213-44bc-9a29-f6e7a6330a02,Posted
LED100687,2024-03-31,MAIN_OPERATING_ACCOUNT,CREDIT,OTHERS,950.0,NEFT PAYMENT,8646845.0,e8dc38f4-bc2b-4ad8-a22a-914e0c8c5b99,Posted
LED100688,2024-03-31,MAIN_OPERATING_ACCOUNT,CREDIT,UPI,20.0,UPI PAYMENT/40914/,,faacddaa-6100-4529-8eda-f40d27d687f8,Posted
LED100689,2024-03-31,MAIN_OPERATING_ACCOUNT,DEBIT,UPI,1.0,UPI PAYMENT/PAYTM,,be2eb8dd-c96e-4319-9477-c3d63755b7c1,Posted
LED100690,2024-03-31,MAIN_OPERATING_ACCOUNT,DEBIT,UPI,500.0,UPI PAYMENT/PAYTM,,005c84fb-14b4-4970-b712-f80305df0996,Posted
LED100691,2024-03-31,MAIN_OPERATING_ACCOUNT,DEBIT,UPI,130.0,UPI PAYMENT/GPAY,,df528a6b-d779-4129-8580-066666bc8023,Posted
LED100692,2024-03-31,MAIN_OPERATING_ACCOUNT,DEBIT,UPI,160.0,UPI PAYMENT/40912,,ab4cc569-2be7-44ed-b583-f85d70c56b0a,Posted
LED100693,2024-04-01,MAIN_OPERATING_ACCOUNT,DEBIT,UPI,10.0,UPI PAYMENT/PAYTM101,,b83a0ca7-aa35-40ac-a728-29dcaf674b87,Posted
LED100694,2024-04-01,MAIN_OPERATING_ACCOUNT,DEBIT,UPI,560.0,UPI PAYMENT/CLOTHFASHION,,0573bfbc-7117-40dc-a570-b23600b18af4,Posted
LED100695,2024-04-01,MAIN_OPERATING_ACCOUNT,DEBIT,UPI,50.0,UPI PAYMENT/GPAY,,9b1f60ea-af42-4fc0-9e3f-8f17f383fecd,Posted
LED100696,2024-04-01,MAIN_OPERATING_ACCOUNT,DEBIT,UPI,10.0,UPI PAYMENT/40925,,7bae1b38-451a-4d08-b35e-ac4f70c5ab02,Posted
LED100697,2024-04-01,MAIN_OPERATING_ACCOUNT,DEBIT,UPI,500.0,UPI PAYMENT/44588,,9bec421b-435a-44b6-9f98-0d11f9e1d134,Posted
LED100698,2024-04-01,MAIN_OPERATING_ACCOUNT,CREDIT,UPI,500.0,UPI PAYMENT/4458,,2c92002f-ccac-4af8-8763-75e570f2f5f2,Posted
LED100699,2024-04-01,MAIN_OPERATING_ACCOUNT,DEBIT,UPI,500.0,UPI PAYMENT/40921,,2562f2e7-2b2d-4a0d-8163-afb075006348,Posted
LED100700,2024-04-01,MAIN_OPERATING_ACCOUNT,CREDIT,OTHERS,100.0,IMPS PAYMENT,,ac7e1149-a292-4252-ad5b-d4a1155864c5,Posted
LED100701,2024-04-02,MAIN_OPERATING_ACCOUNT,CREDIT,UPI,500.0,UPI PAYMENT/44562,,92fc8952-00af-49d0-820c-e5adc5e222ab,Posted
LED100702,2024-04-02,MAIN_OPERATING_ACCOUNT,DEBIT,UPI,240.0,UPI PAYMENT/4093,,eb264545-fd4c-461a-b7b9-dda3d6e7e927,Posted
LED100703,2024-04-03,MAIN_OPERATING_ACCOUNT,CREDIT,OTHERS,30.0,NEFT PAYMENT,8646845.0,eb279db8-edeb-47af-b20d-81475b5b2ce6,Posted
LED100704,2024-04-04,MAIN_OPERATING_ACCOUNT,DEBIT,UPI,200.0,UPI PAYMENT/40959,,2df8c2fa-e6f9-400d-b407-58c3f4d11f2a,Posted
LED100705,2024-04-04,MAIN_OPERATING_ACCOUNT,DEBIT,UPI,500.0,UPI PAYMENT/40954,,80c36ee5-c2c8-4f06-becc-312415bb6d17,Posted
LED100706,2024-04-04,MAIN_OPERATING_ACCOUNT,DEBIT,UPI,100.0,UPI PAYMENT/PAYTMFP,,01fc58d3-6435-466d-88ee-5db8532ad7c2,Posted
LED100707,2024-04-05,MAIN_OPERATING_ACCOUNT,DEBIT,UPI,120.0,UPI PAYMENT/PAYTM,,27d1a385-d5f2-463d-9bfa-e5fe17d6b0f4,Posted
LED100709,2024-04-05,MAIN_OPERATING_ACCOUNT,DEBIT,UPI,10.0,UPI PAYMENT/40968,,e824e557-4782-48ec-96a3-b50e816aefe6,Posted
LED100710,2024-04-05,MAIN_OPERATING_ACCOUNT,DEBIT,UPI,136.5,UPI PAYMENT/GPAY,,f1521dfa-a412-4ca2-9ff5-2a1a06fab4b3,Posted
LED100711,2024-04-06,MAIN_OPERATING_ACCOUNT,CREDIT,OTHERS,280.0,NEFT PAYMENT,8646845.0,924e81d9-cf72-4dcf-a36e-3d0b5ca57990,Posted
LED100712,2024-04-06,MAIN_OPERATING_ACCOUNT,DEBIT,UPI,10.0,UPI PAYMENT/40977/,,1dd3067a-0912-4071-84c7-4ca22f24dbea,Posted
LED100713,2024-04-06,MAIN_OPERATING_ACCOUNT,DEBIT,UPI,10.0,UPI PAYMENT/40976,,430ffb27-227a-45a4-ae1d-589f6202c8cb,Posted
LED100714,2024-04-06,MAIN_OPERATING_ACCOUNT,DEBIT,UPI,50.0,UPI PAYMENT/40970/,,da6725b1-f797-4bd3-9836-a437064a1aac,Posted
LED100715,2024-04-06,MAIN_OPERATING_ACCOUNT,DEBIT,UPI,130.0,UPI PAYMENT/GPAY,,0f95d184-2f54-4906-85d3-f44806965243,Posted
LED100716,2024-04-06,MAIN_OPERATING_ACCOUNT,DEBIT,UPI,160.0,UPI PAYMENT/GPAY,,bcb05dbe-7eac-43d3-ad3b-ff323366be9a,Posted
LED100717,2024-04-07,MAIN_OPERATING_ACCOUNT,DEBIT,UPI,10.0,UPI PAYMENT/BHARATPE,,4b7bbdfe-023d-4cbc-98ff-003e65c09a37,Posted
LED100718,2024-04-07,MAIN_OPERATING_ACCOUNT,CREDIT,OTHERS,1350.0,NEFT PAYMENT,8646845.0,1ebf1279-8c51-4c61-a1bd-2bcc2a4de239,Posted
LED100719,2024-04-07,MAIN_OPERATING_ACCOUNT,DEBIT,UPI,1000.0,UPI PAYMENT/40982/,,a46708c7-46bf-4b66-bb57-650058b62a76,Posted
LED100720,2024-04-07,MAIN_OPERATING_ACCOUNT,DEBIT,UPI,500.0,UPI PAYMENT/40986,,fe997736-a700-4544-9a15-be0a6e5ee1d7,Posted
LED100721,2024-04-07,MAIN_OPERATING_ACCOUNT,CREDIT,UPI,500.0,UPI PAYMENT/40989/,,703d7b8e-bfef-4b24-b685-cc1a5f9521d1,Posted
LED100722,2024-04-07,MAIN_OPERATING_ACCOUNT,DEBIT,UPI,130.0,UPI PAYMENT/GPAY,,4eab974e-3558-4c51-996c-c108ad60ea3a,Posted
LED100723,2024-04-07,MAIN_OPERATING_ACCOUNT,DEBIT,UPI,240.0,UPI PAYMENT/4464,,e86c8bcc-4185-47d3-b914-37c867deca5f,Posted
LED100724,2024-04-08,MAIN_OPERATING_ACCOUNT,DEBIT,ATM,2500.0,ATM WITHDRAWAL,,94b76a54-2e1c-4a80-af58-f1b189d34d50,Posted
LED100725,2024-04-09,MAIN_OPERATING_ACCOUNT,CREDIT,OTHERS,1346.4,NEFT PAYMENT,8646845.0,eb8b9362-13ba-4748-b96c-7859e182e71d,Posted
LED100726,2024-04-09,MAIN_OPERATING_ACCOUNT,DEBIT,UPI,400.0,UPI PAYMENT/GPAY,,6ffa1c41-563b-4ecc-a5c0-783cf5ac225a,Posted
LED100727,2024-04-09,MAIN_OPERATING_ACCOUNT,DEBIT,UPI,200.0,UPI PAYMENT/44663,,9f046c8e-64c3-4523-8f05-d1019f79d618,Posted
LED100728,2024-04-09,MAIN_OPERATING_ACCOUNT,DEBIT,UPI,132.6,UPI PAYMENT/41001,,12572708-6315-4ff5-a52c-a45b81491cc7,Posted
LED100729,2024-04-09,MAIN_OPERATING_ACCOUNT,DEBIT,UPI,260.0,UPI PAYMENT/GPAY,,2b745460-472a-446f-8826-28559ec27571,Posted
LED100730,2024-04-09,MAIN_OPERATING_ACCOUNT,DEBIT,UPI,130.0,UPI PAYMENT/GPAY,,245bc332-d24e-4d96-867f-3ae8e50ee119,Posted
LED100731,2024-04-09,MAIN_OPERATING_ACCOUNT,DEBIT,UPI,16.0,UPI PAYMENT/4466,,dd474d55-d822-446e-8453-d5909149b760,Posted
LED100732,2024-04-09,MAIN_OPERATING_ACCOUNT,CREDIT,OTHERS,700.0,NEFT PAYMENT,8646845.0,ad13ed90-1000-48b0-8fde-73046469eb27,Posted
LED100733,2024-04-10,MAIN_OPERATING_ACCOUNT,DEBIT,UPI,19.0,GPAY BILL PAYMENT,,33187176-bca9-420f-9323-3f1486f53f11,Posted
LED100734,2024-04-10,MAIN_OPERATING_ACCOUNT,DEBIT,UPI,130.0,UPI PAYMENT/GPAY,,e55066e8-f39b-45e6-b250-f21d33d55a5f,Posted
LED100735,2024-04-10,MAIN_OPERATING_ACCOUNT,DEBIT,UPI,21.0,UPI PAYMENT/4467,,3dce87cb-b074-437c-8ec3-f319eefd3b9d,Posted
LED100736,2024-04-10,MAIN_OPERATING_ACCOUNT,DEBIT,UPI,35.0,UPI PAYMENT/GPAY,,1b46bf5a-787b-4f3b-bf86-c83335dbaaf2,Posted
LED100737,2024-04-11,MAIN_OPERATING_ACCOUNT,CREDIT,OTHERS,230.0,NEFT PAYMENT,8646845.0,cedd9244-e391-4620-a617-cb74a5dcc3f2,Posted
LED100738,2024-04-11,MAIN_OPERATING_ACCOUNT,DEBIT,UPI,720.9,GPAY BILL PAYMENT,,402447c4-3d83-4ffc-a44e-711d43d31166,Posted
LED100739,2024-04-11,MAIN_OPERATING_ACCOUNT,DEBIT,UPI,130.0,UPI PAYMENT/GPAY,,88ce5bfd-faed-4efd-86e6-f071ad50b738,Posted
LED100740,2024-04-11,MAIN_OPERATING_ACCOUNT,DEBIT,UPI,220.0,UPI PAYMENT/44685,,b6fbcaae-3328-4df0-9671-ab3de27578c5,Posted
LED100741,2024-04-12,MAIN_OPERATING_ACCOUNT,CREDIT,OTHERS,2589.0,NEFT PAYMENT,8646845.0,ce5fb11c-c452-4eea-be12-59c856443ba0,Posted
LED100742,2024-04-12,MAIN_OPERATING_ACCOUNT,DEBIT,UPI,500.0,UPI PAYMENT/44698,,52c92988-becd-46dc-9be1-66a9b42835e6,Posted
LED100743,2024-04-12,MAIN_OPERATING_ACCOUNT,DEBIT,UPI,450.0,UPI PAYMENT/41036,,55ef304c-6a2b-43f6-896a-2eae1158edba,Posted
LED100744,2024-04-12,MAIN_OPERATING_ACCOUNT,CREDIT,UPI,30000.0,UPI PAYMENT/4103,,1a1e700d-5dc5-4f23-8dfb-16b8ab71866e,Posted
LED100745,2024-04-12,MAIN_OPERATING_ACCOUNT,DEBIT,UPI,30000.0,UPI PAYMENT/44693/,,2fc1e504-df86-401f-9146-71944565913f,Posted
LED100746,2024-04-13,MAIN_OPERATING_ACCOUNT,CREDIT,OTHERS,800.0,NEFT PAYMENT,8646845.0,50d08a25-be70-4f56-b5b9-485cf402f196,Posted
LED100747,2024-04-13,MAIN_OPERATING_ACCOUNT,DEBIT,UPI,2350.0,UPI PAYMENT/41043/-1,,5dfe460d-e225-4a55-86d4-d2f132301dcc,Posted
LED100748,2024-04-13,MAIN_OPERATING_ACCOUNT,CREDIT,UPI,1500.0,UPI PAYMENT/44702/PAY,,b9409d8a-bc4b-4568-8e2a-12a8dff60b40,Posted
LED100749,2024-04-14,MAIN_OPERATING_ACCOUNT,DEBIT,UPI,1500.0,UPI PAYMENT/44712//PAY,,8b52db23-e26f-4823-8a0e-917f13b683e4,Posted
LED100750,2024-04-14,MAIN_OPERATING_ACCOUNT,DEBIT,UPI,150.0,UPI PAYMENT/44716/,,496212ca-209e-46cc-91fc-4d986b8907e6,Posted
LED100751,2024-04-15,MAIN_OPERATING_ACCOUNT,CREDIT,OTHERS,950.0,NEFT PAYMENT,8646845.0,f4eb23f3-f400-45a9-9a35-4156afe34210,Posted
LED100752,2024-04-14,MAIN_OPERATING_ACCOUNT,DEBIT,UPI,10.0,UPI PAYMENT/44724/,,3b247dfc-76a4-4463-9d4d-0c888884bd80,Posted
LED100753,2024-04-15,MAIN_OPERATING_ACCOUNT,DEBIT,UPI,50.0,UPI PAYMENT/41066/,,6a3b2349-6313-408c-9710-a6f5b895f6f8,Posted
LED100754,2024-04-15,MAIN_OPERATING_ACCOUNT,DEBIT,UPI,200.0,UPI PAYMENT/44728,,5b6fa850-d624-4cfa-8007-47efe7a12d1e,Posted
LED100755,2024-04-15,MAIN_OPERATING_ACCOUNT,DEBIT,UPI,15.0,GPAY BILL PAYMENT,,f582fe20-87cb-4f68-807f-00f587efd4a1,Posted
LED100756,2024-04-15,MAIN_OPERATING_ACCOUNT,DEBIT,UPI,130.0,UPI PAYMENT/GPAY,,ada7b712-ec48-41f6-b75c-f90c883b71a4,Posted
LED100757,2024-04-16,MAIN_OPERATING_ACCOUNT,CREDIT,OTHERS,600.0,NEFT PAYMENT,8646845.0,f6766ad5-7c4e-4f6a-872d-fed300945e94,Posted
LED100758,2024-04-16,MAIN_OPERATING_ACCOUNT,DEBIT,UPI,130.0,UPI PAYMENT/GPAY,,939a1089-30ec-4eac-8722-90a2ca45876c,Posted
LED100759,2024-04-17,MAIN_OPERATING_ACCOUNT,CREDIT,OTHERS,3420.0,NEFT PAYMENT,8646845.0,db5fb96c-37cd-4f3e-b486-921c466de084,Posted
LED100760,2024-04-17,MAIN_OPERATING_ACCOUNT,DEBIT,UPI,100.0,UPI PAYMENT/44741,,4aa43469-3e3d-4d52-9744-d722da66903a,Posted
LED100761,2024-04-17,MAIN_OPERATING_ACCOUNT,DEBIT,UPI,130.0,UPI PAYMENT/41081,,81c116c0-737d-4e26-beb3-3ecfb6a087c3,Posted
LED100762,2024-04-17,MAIN_OPERATING_ACCOUNT,DEBIT,UPI,4000.0,UPI PAYMENT/41080/,,3b1c58fc-7816-4bfb-89c0-5f565ff2cedd,Posted
LED100763,2024-04-17,MAIN_OPERATING_ACCOUNT,DEBIT,UPI,40.0,UPI PAYMENT/PAYTM8P,,ab7dc2d6-89ba-477d-9826-26f4e67a3c28,Posted
LED100764,2024-04-18,MAIN_OPERATING_ACCOUNT,DEBIT,UPI,130.0,UPI PAYMENT/41098,,f30f3bc0-6e04-4d0a-ac40-fab88dd3bdaf,Posted
LED100765,2024-04-19,MAIN_OPERATING_ACCOUNT,CREDIT,OTHERS,500.0,NEFT PAYMENT,8646845.0,0e00e4aa-83ff-45f2-a887-fbc85a828059,Posted
LED100766,2024-04-19,MAIN_OPERATING_ACCOUNT,DEBIT,UPI,400.0,UPI PAYMENT/44767/O,,d803f517-c060-49df-a739-0f0b6968d70f,Posted
LED100767,2024-04-19,MAIN_OPERATING_ACCOUNT,DEBIT,UPI,20.0,UPI PAYMENT/44763,,3ce42a10-e653-4b1d-8457-dd708f957c67,Posted
LED100768,2024-04-19,MAIN_OPERATING_ACCOUNT,DEBIT,UPI,10.0,UPI PAYMENT/4476,,49d7cf57-79ab-498e-96db-9c503222741a,Posted
LED100769,2024-04-20,MAIN_OPERATING_ACCOUNT,CREDIT,OTHERS,1450.0,NEFT PAYMENT,8646845.0,c48dffdb-6b3c-44be-8156-0062dde4798f,Posted
LED100770,2024-04-20,MAIN_OPERATING_ACCOUNT,DEBIT,UPI,130.0,UPI PAYMENT/GPAY,,2c9edfcb-2464-4e78-9dae-b964a77b68ea,Posted
LED100771,2024-04-20,MAIN_OPERATING_ACCOUNT,DEBIT,UPI,200.0,UPI PAYMENT/44779,,fccef286-4526-4726-863d-d4750a1d8781,Posted
LED100772,2024-04-20,MAIN_OPERATING_ACCOUNT,DEBIT,UPI,60.0,UPI PAYMENT/41110,,54f6d8b0-d9c9-4577-a5e8-806bec7cc0ca,Posted
LED100773,2024-04-20,MAIN_OPERATING_ACCOUNT,DEBIT,UPI,10.0,UPI PAYMENT/4477,,d3ab8c88-06f1-4355-b11c-3894692904e1,Posted
LED100774,2024-04-21,MAIN_OPERATING_ACCOUNT,CREDIT,OTHERS,780.0,NEFT PAYMENT,8646845.0,37023f20-cd29-4d67-b6da-815dc8e4495b,Posted
LED100775,2024-04-22,MAIN_OPERATING_ACCOUNT,CREDIT,OTHERS,2970.0,NEFT PAYMENT,8646845.0,4a55456d-1578-4384-99f0-d0551a3ce353,Posted
LED100776,2024-04-24,MAIN_OPERATING_ACCOUNT,DEBIT,UPI,130.0,UPI PAYMENT/GPAY,,c31f75bc-d203-433f-958f-f289992bb0f3,Posted
LED100777,2024-04-22,MAIN_OPERATING_ACCOUNT,DEBIT,UPI,380.0,UPI PAYMENT/BHARATPE,,b58f6d36-ed03-46ad-b47e-9325045a76b2,Posted
LED100778,2024-04-22,MAIN_OPERATING_ACCOUNT,DEBIT,UPI,15.0,EURO NET BILL,,c91bc3a7-9f6b-48f1-9561-46c3ece2baab,Posted
LED100779,2024-04-22,MAIN_OPERATING_ACCOUNT,DEBIT,UPI,10.0,UPI PAYMENT/BHARATPE,,cf93bcfe-484a-471a-81ba-16dcba6fd2f1,Posted
LED100780,2024-04-23,MAIN_OPERATING_ACCOUNT,CREDIT,OTHERS,300.0,NEFT PAYMENT,8646845.0,ad4dbbaa-9053-468f-9e11-258b8b237e51,Posted
LED100781,2024-04-23,MAIN_OPERATING_ACCOUNT,DEBIT,UPI,130.0,UPI PAYMENT/GPAY,,d517b9fc-3e85-49f8-b6cc-20d2efecba79,Posted
LED100782,2024-04-23,MAIN_OPERATING_ACCOUNT,DEBIT,UPI,130.0,UPI PAYMENT/GPAY,,fa7e80c4-58ad-4790-9959-ec7e59fbc67f,Posted
LED100783,2024-04-23,MAIN_OPERATING_ACCOUNT,DEBIT,UPI,400.0,UPI PAYMENT/41146,,d1ebf28b-4b9d-4c68-9003-33ae87f0fe17,Posted
LED100784,2024-04-24,MAIN_OPERATING_ACCOUNT,CREDIT,OTHERS,1570.0,NEFT PAYMENT,8646845.0,da512c6c-d2b6-40eb-aa3d-1c5f649fe763,Posted
LED100785,2024-04-24,MAIN_OPERATING_ACCOUNT,DEBIT,UPI,1.0,UPI PAYMENT/41150/AUTOPAYHDFCBANK,,99a18bcb-b126-45e5-84e1-25e32794d6a3,Posted
LED100786,2024-04-24,MAIN_OPERATING_ACCOUNT,CREDIT,UPI,1.0,UPI PAYMENT/41150/AUTOPAYHDFCBANK,,c5c1c4d3-bc90-40e9-9752-4e1a892f0f08,Posted
LED100787,2024-04-24,MAIN_OPERATING_ACCOUNT,DEBIT,UPI,130.0,UPI PAYMENT/GPAY,,31aab463-ccca-46d0-bb22-cbc89cf43f14,Posted
LED100788,2024-04-25,MAIN_OPERATING_ACCOUNT,CREDIT,OTHERS,1200.0,NEFT PAYMENT,8646845.0,ab8fba2a-2754-458a-b932-83ede34ed0e4,Posted
LED100789,2024-04-26,MAIN_OPERATING_ACCOUNT,CREDIT,OTHERS,1218.0,NEFT PAYMENT,8646845.0,1c4acb99-d93b-44a5-a973-a7731913870c,Posted
LED100790,2024-04-26,MAIN_OPERATING_ACCOUNT,DEBIT,UPI,250.0,UPI PAYMENT/41176/,,ef92af33-1002-4eca-8ca5-234fd4e50438,Posted
LED100791,2024-04-26,MAIN_OPERATING_ACCOUNT,DEBIT,UPI,130.0,UPI PAYMENT/GPAY,,3a845d1a-0d45-4baf-9df1-9fed3beac079,Posted
LED100792,2024-04-26,MAIN_OPERATING_ACCOUNT,DEBIT,UPI,260.0,UPI PAYMENT/GPAY,,a57a70e9-a28f-4456-8ade-f37288d7dc9b,Posted
LED100793,2024-04-27,MAIN_OPERATING_ACCOUNT,CREDIT,OTHERS,1060.0,NEFT PAYMENT,8646845.0,5a833f4f-4923-41a0-975e-e981311578a2,Posted
LED100794,2024-04-27,MAIN_OPERATING_ACCOUNT,DEBIT,UPI,1.0,AMZN/,,4d895602-777e-4035-8414-d438d151b72f,Posted
LED100795,2024-04-27,MAIN_OPERATING_ACCOUNT,DEBIT,UPI,7500.0,AMZN/,,de0b0d9c-069b-44d8-80cf-965e1b8eb56b,Posted
LED100796,2024-04-27,MAIN_OPERATING_ACCOUNT,DEBIT,UPI,12.0,UPI PAYMENT/GPAY,,c718d820-6d0d-4193-a7b4-96e78efe4348,Posted
LED100797,2024-04-27,MAIN_OPERATING_ACCOUNT,DEBIT,UPI,400.0,UPI PAYMENT/4484,,f13916de-1fed-432f-b431-c92101ecf97f,Posted
LED100798,2024-04-28,MAIN_OPERATING_ACCOUNT,CREDIT,OTHERS,1100.0,NEFT PAYMENT,8646845.0,1f3e92e3-0a90-4c73-aec3-27a7a5056511,Posted
LED100799,2024-04-28,MAIN_OPERATING_ACCOUNT,DEBIT,UPI,50.0,UPI PAYMENT/4485,,c5ab64ea-0396-4a7c-8be2-100c3b71479c,Posted
LED100800,2024-04-28,MAIN_OPERATING_ACCOUNT,DEBIT,UPI,10.0,UPI PAYMENT/GPAY,,6cf2ffde-995f-4b76-aa3f-fc89a49a063b,Posted
LED100801,2024-04-28,MAIN_OPERATING_ACCOUNT,DEBIT,UPI,50.0,UPI PAYMENT/4485,,5787039c-d591-4037-b405-41f479eab738,Posted
LED100802,2024-04-28,MAIN_OPERATING_ACCOUNT,CREDIT,UPI,1.0,UPI PAYMENT/44851,,3671ec65-a102-4085-a87e-dff09f0cbee8,Posted
LED100803,2024-04-28,MAIN_OPERATING_ACCOUNT,CREDIT,UPI,499.0,UPI PAYMENT/41198/,,bb44094f-ffae-4f0c-a470-64db270135e3,Posted
LED100804,2024-04-28,MAIN_OPERATING_ACCOUNT,DEBIT,UPI,15.0,UPI PAYMENT/44852/JIOINAPPDIRECT,,2693e44b-2c17-4ca1-bc5b-e2d5a70a8a16,Posted
LED100805,2024-04-29,MAIN_OPERATING_ACCOUNT,CREDIT,OTHERS,650.0,NEFT PAYMENT,8646845.0,485c56b1-d27b-401c-91e7-1bf1819af65e,Posted
LED100806,2024-04-30,MAIN_OPERATING_ACCOUNT,CREDIT,OTHERS,50.0,NEFT PAYMENT,8646845.0,fd59d877-049e-4437-999c-aa3708cf4f35,Posted
LED100807,2024-04-30,MAIN_OPERATING_ACCOUNT,DEBIT,UPI,70.0,UPI PAYMENT/4487,,3e3da725-f004-4c1d-bf1a-38152f6fd861,Posted
LED100808,2024-04-30,MAIN_OPERATING_ACCOUNT,DEBIT,UPI,10.0,UPI PAYMENT/41213,,8d035697-5860-4674-b4f9-c3069fd3430b,Posted
LED100809,2024-04-30,MAIN_OPERATING_ACCOUNT,DEBIT,UPI,15.0,UPI PAYMENT/41213,,d6cceb33-4191-4155-a920-409f86132852,Posted
LED100810,2024-04-30,MAIN_OPERATING_ACCOUNT,DEBIT,UPI,480.0,UPI PAYMENT/4487,,0496d418-8cae-4098-a82d-cbd898b35b41,Posted
LED100811,2024-04-30,MAIN_OPERATING_ACCOUNT,DEBIT,UPI,1000.0,UPI PAYMENT/4487,,34f26469-0133-4b42-b636-4723bfe87d5a,Posted
LED100812,2024-04-30,MAIN_OPERATING_ACCOUNT,DEBIT,UPI,130.0,UPI PAYMENT/GPAY,,871f81b0-9a74-44f7-b768-dc8dfe6b1162,Posted
LED100813,2024-04-30,MAIN_OPERATING_ACCOUNT,DEBIT,UPI,600.0,UPI PAYMENT/41,,ef2366dd-5641-4f8d-b20d-7d7939805ada,Posted
LED100814,2024-05-01,MAIN_OPERATING_ACCOUNT,CREDIT,OTHERS,1650.0,NEFT PAYMENT,8646845.0,bba4b15f-1786-439f-a2a1-bf997b3b4752,Posted
LED100815,2024-05-01,MAIN_OPERATING_ACCOUNT,DEBIT,UPI,242.0,UPI PAYMENT/JIOINAPPDIRECT/,,677511e3-dfb7-4881-958d-5dde8afffba0,Posted
LED100816,2024-04-30,MAIN_OPERATING_ACCOUNT,CREDIT,OTHERS,47.0,518881000,,21384645-789d-4f28-adbd-ee1fcb2c11c4,Posted
LED100817,2024-05-02,MAIN_OPERATING_ACCOUNT,CREDIT,OTHERS,860.0,NEFT PAYMENT,8646845.0,7a29d991-5022-4824-9ad1-a03be38ae62f,Posted
LED100818,2024-05-03,MAIN_OPERATING_ACCOUNT,DEBIT,UPI,20.0,UPI PAYMENT/41232,,8ebb1040-10d1-4bbb-8134-630b5d3e5831,Posted
LED100819,2024-05-02,MAIN_OPERATING_ACCOUNT,DEBIT,UPI,10.0,UPI PAYMENT/41232,,1a9f6f0a-2a9a-48d9-98ac-70440ef6c411,Posted
LED100820,2024-05-02,MAIN_OPERATING_ACCOUNT,DEBIT,UPI,80.0,UPI PAYMENT/PAYTMAP,,647ab463-69b0-44a6-aff9-1ccc2b286aac,Posted
LED100821,2024-05-02,MAIN_OPERATING_ACCOUNT,DEBIT,UPI,1500.0,AMZN,,97d36ab3-0c08-4eeb-8f67-2bc3855889d7,Posted
LED100822,2024-05-02,MAIN_OPERATING_ACCOUNT,DEBIT,UPI,130.0,UPI PAYMENT/GPAY,,c4676bc4-dd7c-4c36-b6b9-64645fd25530,Posted
LED100823,2024-05-02,MAIN_OPERATING_ACCOUNT,DEBIT,UPI,130.0,UPI PAYMENT/GPAY,,480a7681-c5f5-4a9f-b57a-69e8c889cab2,Posted
LED100824,2024-05-02,MAIN_OPERATING_ACCOUNT,DEBIT,UPI,400.0,UPI PAYMENT/41234,,273f8cf5-89b5-4bc0-93f9-5579657b690f,Posted
LED100825,2024-05-02,MAIN_OPERATING_ACCOUNT,DEBIT,UPI,130.0,UPI PAYMENT/GPAY,,7a6ce6c6-9f59-4718-85a5-9fb34af27dd5,Posted
LED100826,2024-05-03,MAIN_OPERATING_ACCOUNT,CREDIT,OTHERS,320.0,NEFT PAYMENT,8646845.0,e4c7abc2-955a-4555-862f-70563324d33e,Posted
LED100827,2024-05-03,MAIN_OPERATING_ACCOUNT,DEBIT,UPI,50.0,UPI PAYMENT/PAYTMAP,,14326b1d-1770-4776-9b6a-7a90e5e4bbe0,Posted
LED100828,2024-05-03,MAIN_OPERATING_ACCOUNT,DEBIT,UPI,180.0,UPI PAYMENT/PAYTMMP,,55b55f0e-0b96-4b6e-9aa0-049d73bc4ed9,Posted
LED100829,2024-05-04,MAIN_OPERATING_ACCOUNT,CREDIT,OTHERS,1380.0,NEFT PAYMENT,8646845.0,61dcecc9-1d67-4edc-a8a6-50d066a74c1b,Posted
LED100830,2024-05-04,MAIN_OPERATING_ACCOUNT,DEBIT,UPI,20.0,UPI PAYMENT/GPAY,,f3b86d1b-1889-44d6-8907-786dd2ed001e,Posted
LED100831,2024-05-04,MAIN_OPERATING_ACCOUNT,DEBIT,UPI,130.0,UPI PAYMENT/GPAY,,f34cd85b-f0ce-4c09-852a-b4b324eda39e,Posted
LED100832,2024-05-04,MAIN_OPERATING_ACCOUNT,DEBIT,UPI,400.0,UPI PAYMENT/41252,,196523fd-76f6-4768-a8ce-2f18d4267f9e,Posted
LED100833,2024-05-05,MAIN_OPERATING_ACCOUNT,CREDIT,OTHERS,800.0,NEFT PAYMENT,8646845.0,dcca75fb-d339-4ffe-b22d-954bcbbca240,Posted
LED100834,2024-05-05,MAIN_OPERATING_ACCOUNT,DEBIT,UPI,110.0,UPI PAYMENT/4492,,0637105c-449b-444e-af57-b2e4931fbdea,Posted
LED100835,2024-05-05,MAIN_OPERATING_ACCOUNT,DEBIT,UPI,80.0,UPI PAYMENT/4492,,330e7027-ae47-4c04-82c1-91d807149cd2,Posted
LED100836,2024-05-05,MAIN_OPERATING_ACCOUNT,DEBIT,UPI,130.0,UPI PAYMENT/GPAY,,b9b6bad7-6254-46fb-aa99-37f5babcc33d,Posted
LED100837,2024-05-05,MAIN_OPERATING_ACCOUNT,DEBIT,UPI,110.0,UPI PAYMENT/41267,,b36a0b25-74d6-4f3a-a22d-92e4705e2912,Posted
LED100838,2024-05-06,MAIN_OPERATING_ACCOUNT,CREDIT,OTHERS,250.0,NEFT PAYMENT,8646845.0,bccb9467-1f3e-4a20-a6ba-d2b18c216feb,Posted
LED100839,2024-05-06,MAIN_OPERATING_ACCOUNT,DEBIT,UPI,20.0,UPI PAYMENT/PAYTMVP,,811b5dfe-d24b-420a-9701-e0fbd6460b74,Posted
LED100840,2024-05-06,MAIN_OPERATING_ACCOUNT,DEBIT,UPI,130.0,UPI PAYMENT/4493,,e42b0839-6287-4080-9234-0de28682ee0e,Posted
LED100841,2024-05-06,MAIN_OPERATING_ACCOUNT,DEBIT,UPI,130.0,UPI PAYMENT/GPAY,,73e3e6b0-5bda-4368-9bc6-f1d8a5628bb4,Posted
LED100842,2024-05-06,MAIN_OPERATING_ACCOUNT,DEBIT,UPI,20.0,UPI PAYMENT/4493,,8a0f0f1d-02f2-471e-81bb-b5dea44309f4,Posted
LED100843,2024-05-06,MAIN_OPERATING_ACCOUNT,DEBIT,UPI,20.0,UPI PAYMENT/PAYTM,,603bb328-4050-415f-b8d6-22d8ddd45959,Posted
LED100845,2024-05-07,MAIN_OPERATING_ACCOUNT,DEBIT,UPI,10.0,UPI PAYMENT/4494,,d35629ad-db75-483f-8ebc-fa9833468f9c,Posted
LED100846,2024-05-07,MAIN_OPERATING_ACCOUNT,CREDIT,UPI,150.0,UPI PAYMENT/4494,,96a8396d-5075-43e0-9676-ec189c238104,Posted
LED100847,2024-05-07,MAIN_OPERATING_ACCOUNT,DEBIT,UPI,310.0,UPI PAYMENT/PAYTM,,edc422af-eef4-4c75-9f54-e7ed8c24796c,Posted
LED100848,2024-05-07,MAIN_OPERATING_ACCOUNT,DEBIT,UPI,30.0,UPI PAYMENT/4494,,e32eb683-aefb-4611-8431-03f8460adb84,Posted
LED100849,2024-05-07,MAIN_OPERATING_ACCOUNT,DEBIT,UPI,1500.0,UPI PAYMENT/4494,,2f538e5f-64cf-4990-bf87-c644770ff18d,Posted
LED100850,2024-05-07,MAIN_OPERATING_ACCOUNT,DEBIT,UPI,600.0,UPI PAYMENT/41284,,c1a6ae0d-a73f-4219-9e99-7b0b3d8cf600,Posted
LED100851,2024-05-07,MAIN_OPERATING_ACCOUNT,DEBIT,UPI,130.0,UPI PAYMENT/GPAY,,dc9033f5-ae18-41f9-92fc-02141a9d23d6,Posted
LED100852,2024-05-07,MAIN_OPERATING_ACCOUNT,DEBIT,UPI,130.0,UPI PAYMENT/GPAY,,d63df3de-1e30-4bbb-885a-d586fffcf5de,Posted
LED100853,2024-05-07,MAIN_OPERATING_ACCOUNT,DEBIT,UPI,19.0,UPI PAYMENT/GPAYRECHARGE,,f7c914d8-dfc6-4467-ac97-768ce788631a,Posted
LED100854,2024-05-08,MAIN_OPERATING_ACCOUNT,CREDIT,OTHERS,860.0,NEFT PAYMENT,8646845.0,fb0898df-03aa-4f3f-a35a-d962da0d4df0,Posted
LED100855,2024-05-08,MAIN_OPERATING_ACCOUNT,DEBIT,UPI,10.0,UPI PAYMENT/41296,,f33ed4cf-7758-48e5-bce8-1d47947f7bb5,Posted
LED100856,2024-05-08,MAIN_OPERATING_ACCOUNT,DEBIT,UPI,80.0,UPI PAYMENT/PAYTMAP,,d018937b-c15b-4d7d-9f18-15a44e989b69,Posted
LED100857,2024-05-08,MAIN_OPERATING_ACCOUNT,DEBIT,UPI,50.0,UPI PAYMENT/PAYTMAP,,fdc988b6-c087-4b75-9459-a5433148e943,Posted
LED100858,2024-05-08,MAIN_OPERATING_ACCOUNT,DEBIT,UPI,250.0,UPI PAYMENT/GPAY,,ab2722fa-4db7-4bd6-ac92-67da806770c3,Posted
LED100859,2024-05-08,MAIN_OPERATING_ACCOUNT,CREDIT,UPI,200.0,UPI PAYMENT/4495,,7cbb62cb-58c9-4d7a-9e70-4c73656b4357,Posted
LED100860,2024-05-09,MAIN_OPERATING_ACCOUNT,DEBIT,UPI,100.0,UPI PAYMENT/4496,,7f51347c-e02c-4f1e-abb4-4213890448ae,Posted
LED100861,2024-05-09,MAIN_OPERATING_ACCOUNT,DEBIT,UPI,30.0,UPI PAYMENT/4496,,dbbfc153-bd45-4094-8eeb-538d435adf9e,Posted
LED100862,2024-05-09,MAIN_OPERATING_ACCOUNT,DEBIT,UPI,20.0,UPI PAYMENT/PAYTMLP,,b89c59e1-2116-4cfc-a8ec-7440c36a6853,Posted
LED100863,2024-05-09,MAIN_OPERATING_ACCOUNT,DEBIT,UPI,25.0,UPI PAYMENT/BHARATPE,,46c380b7-c110-4b54-98f7-6acd26467908,Posted
LED100864,2024-05-09,MAIN_OPERATING_ACCOUNT,DEBIT,UPI,20.0,UPI PAYMENT/4496,,97769eb5-f3e4-4f68-af86-233a0616915d,Posted
LED100865,2024-05-09,MAIN_OPERATING_ACCOUNT,DEBIT,UPI,900.0,UPI PAYMENT/44964,,f8df0c27-3ef1-450d-a5b5-b9ce9de6fddb,Posted
LED100866,2024-05-09,MAIN_OPERATING_ACCOUNT,CREDIT,OTHERS,50.0,IMPS PAYMENT,,8548326a-8594-46b2-97de-1adcaab9a74a,Posted
LED100867,2024-05-09,MAIN_OPERATING_ACCOUNT,DEBIT,UPI,19.0,UPI PAYMENT/GPAYRECHARGE,,c785f6d9-41ce-4222-8e7e-56acda2689b2,Posted
LED100868,2024-05-10,MAIN_OPERATING_ACCOUNT,CREDIT,UPI,4000.0,UPI PAYMENT/44971,,2e15a8d1-b54d-4048-b590-f779e0aba88d,Posted
LED100869,2024-05-10,MAIN_OPERATING_ACCOUNT,DEBIT,UPI,20.0,UPI PAYMENT/BHARATPE,,ce62273d-0213-4c01-ab97-0a92567a1945,Posted
LED100870,2024-05-10,MAIN_OPERATING_ACCOUNT,DEBIT,UPI,2000.0,UPI PAYMENT/4497,,2f0ed765-4807-4bc9-ba7f-621994f2115b,Posted
LED100871,2024-05-10,MAIN_OPERATING_ACCOUNT,DEBIT,UPI,78.4,UPI PAYMENT/PAYTMAP,,c0b480d3-9bd1-4d7b-a3e7-46675b6adb3c,Posted
LED100872,2024-05-10,MAIN_OPERATING_ACCOUNT,DEBIT,UPI,130.0,UPI PAYMENT/GPAY,,45b50201-8fd6-434b-9d50-574d7ca588aa,Posted
LED100873,2024-05-11,MAIN_OPERATING_ACCOUNT,CREDIT,OTHERS,570.0,NEFT PAYMENT,8646845.0,d179e30f-bd27-4ed2-a1c5-0ba7be5259a4,Posted
LED100874,2024-05-11,MAIN_OPERATING_ACCOUNT,DEBIT,UPI,10.0,UPI PAYMENT/4498,,30bb69bd-f41c-403e-8b9a-b979b7677247,Posted
LED100875,2024-05-11,MAIN_OPERATING_ACCOUNT,DEBIT,UPI,130.0,UPI PAYMENT/GPAY,,3963a4d4-ba7d-481e-969b-9a44ae20a864,Posted
LED100876,2024-05-11,MAIN_OPERATING_ACCOUNT,DEBIT,UPI,80.0,UPI PAYMENT/PAYTMAP,,cbefc487-a0fd-41da-a201-25bd1e7a413f,Posted
LED100877,2024-05-11,MAIN_OPERATING_ACCOUNT,DEBIT,UPI,1000.0,UPI PAYMENT/44987,,430f553a-f354-4228-9c05-eb2d7ae79d96,Posted
LED100878,2024-05-11,MAIN_OPERATING_ACCOUNT,DEBIT,UPI,240.9,UPI PAYMENT/GPAYRECHARGE,,1abd45bf-1688-44de-a4d5-959f48b5155e,Posted
LED100879,2024-05-12,MAIN_OPERATING_ACCOUNT,CREDIT,OTHERS,1750.0,NEFT PAYMENT,8646845.0,23fb0efc-e983-48df-a46d-1062a787f8e4,Posted
LED100880,2024-05-12,MAIN_OPERATING_ACCOUNT,DEBIT,UPI,10.0,UPI PAYMENT/4499,,ef15596a-7bdf-4188-8515-96ad1f22c2c4,Posted
LED100881,2024-05-12,MAIN_OPERATING_ACCOUNT,DEBIT,UPI,70.0,UPI PAYMENT/41331,,d03a38bf-6960-4ba2-9c36-5bbaf088a36d,Posted
LED100882,2024-05-12,MAIN_OPERATING_ACCOUNT,DEBIT,UPI,200.0,UPI PAYMENT/41,,4cd145a0-d0eb-4731-bb29-266c20c33205,Posted
LED100883,2024-05-12,MAIN_OPERATING_ACCOUNT,DEBIT,UPI,205.0,UPI PAYMENT/BHARATPE,,ae6f3208-d206-4215-8052-0f979e326278,Posted
LED100884,2024-05-13,MAIN_OPERATING_ACCOUNT,DEBIT,UPI,20.0,UPI PAYMENT/4500,,9cf29963-4d2b-4c9c-99e6-134b394dadd8,Posted
LED100885,2024-05-13,MAIN_OPERATING_ACCOUNT,CREDIT,OTHERS,11530.0,NEFT PAYMENT,8646845.0,7141e406-9738-4db3-8092-123d8dabec38,Posted
LED100886,2024-05-13,MAIN_OPERATING_ACCOUNT,DEBIT,UPI,40.0,UPI PAYMENT/45003,,50ba70db-724a-443e-bc6c-d61587d9763d,Posted
LED100887,2024-05-13,MAIN_OPERATING_ACCOUNT,DEBIT,UPI,30.0,UPI PAYMENT/4500,,dffc4904-9780-4817-b679-f7d95da78607,Posted
LED100888,2024-05-13,MAIN_OPERATING_ACCOUNT,DEBIT,UPI,40.0,UPI PAYMENT/4500,,ecf802b6-d1d7-43de-b9e0-f41a43a67ce0,Posted
LED100889,2024-05-14,MAIN_OPERATING_ACCOUNT,DEBIT,UPI,10.0,UPI PAYMENT/BHARATPE,,c63622f7-6dc7-4c0d-9da1-026ff7e8f83f,Posted
LED100890,2024-05-15,MAIN_OPERATING_ACCOUNT,DEBIT,UPI,10000.0,UPI PAYMENT/41350,,8fb6e718-26d2-4cea-a1d9-aa8fb11ffa83,Posted
LED100891,2024-05-14,MAIN_OPERATING_ACCOUNT,DEBIT,UPI,40.0,UPI PAYMENT/BHARATPE,,f368130f-61d1-44b0-940c-aad28b39bea2,Posted
LED100892,2024-05-14,MAIN_OPERATING_ACCOUNT,DEBIT,UPI,600.0,UPI PAYMENT/41,,32499502-516f-44ba-ace3-9d7f4851515c,Posted
LED100893,2024-05-14,MAIN_OPERATING_ACCOUNT,DEBIT,UPI,500.0,UPI PAYMENT/BHARATPE,,374bdc9e-c30b-4d08-8aaf-baa7f00edc68,Posted
LED100894,2024-05-14,MAIN_OPERATING_ACCOUNT,DEBIT,UPI,150.0,UPI PAYMENT/PAYTM,,82a23b7d-b949-430b-9925-ac41f1d9ab9e,Posted
LED100895,2024-05-15,MAIN_OPERATING_ACCOUNT,CREDIT,OTHERS,650.0,NEFT PAYMENT,8646845.0,97f77a7d-37d0-4e8f-8d96-c2603541c6ab,Posted
LED100896,2024-05-15,MAIN_OPERATING_ACCOUNT,DEBIT,UPI,15.0,UPI PAYMENT/45025/JIOINAPPDIRECT,,4b213377-c845-4d68-b4a3-47adfd333d67,Posted
LED100897,2024-05-15,MAIN_OPERATING_ACCOUNT,DEBIT,UPI,130.0,UPI PAYMENT/GPAY,,21459fcb-7f53-4a2b-98e6-b92e38ac3562,Posted
LED100898,2024-05-15,MAIN_OPERATING_ACCOUNT,DEBIT,UPI,100.0,UPI PAYMENT/4502,,a27bd0c5-66c9-41e7-8350-0d74d43a464f,Posted
LED100899,2024-05-15,MAIN_OPERATING_ACCOUNT,DEBIT,UPI,500.0,UPI PAYMENT/4502,,7fad5e57-1b2d-440e-a3ff-43aab42e4688,Posted
LED100900,2024-05-15,MAIN_OPERATING_ACCOUNT,DEBIT,UPI,15.0,UPI PAYMENT/45028/JIOINAPPDIRECT,,5a48353c-1b4b-4378-baf4-a75f9ed2e03a,Posted
LED100901,2024-05-15,MAIN_OPERATING_ACCOUNT,DEBIT,UPI,10.0,UPI PAYMENT/4502,,8e88e324-d8bb-4920-b8f2-c98a49e51f84,Posted
LED100902,2024-05-16,MAIN_OPERATING_ACCOUNT,CREDIT,OTHERS,130.0,NEFT PAYMENT,8646845.0,6b33e460-d49f-465e-833d-b6c8843c3e21,Posted
LED100903,2024-05-16,MAIN_OPERATING_ACCOUNT,DEBIT,UPI,30.0,UPI PAYMENT/GPAY,,ac706267-eb14-4772-89e5-a4a30cba2740,Posted
LED100904,2024-05-16,MAIN_OPERATING_ACCOUNT,DEBIT,UPI,130.0,UPI PAYMENT/GPAY,,51f628f6-d430-41bf-b227-72fc7a89ae8b,Posted
LED100905,2024-05-16,MAIN_OPERATING_ACCOUNT,DEBIT,UPI,392.0,UPI PAYMENT/41,,5957e0d0-1550-4a27-9f50-4e276d34f00e,Posted
LED100906,2024-05-16,MAIN_OPERATING_ACCOUNT,CREDIT,UPI,1000.0,UPI PAYMENT/41374,,a240c84e-8916-4307-95f5-a722ad0287d6,Posted
LED100907,2024-05-16,MAIN_OPERATING_ACCOUNT,DEBIT,UPI,130.0,UPI PAYMENT/GPAY,,544ae2ba-f779-4c9e-a192-faeff9f795fd,Posted
LED100908,2024-05-16,MAIN_OPERATING_ACCOUNT,DEBIT,UPI,500.0,UPI PAYMENT/4503,,9436c34b-0490-4466-a238-6e945334cb4b,Posted
LED100909,2024-05-17,MAIN_OPERATING_ACCOUNT,CREDIT,OTHERS,650.0,NEFT PAYMENT,8646845.0,b0b21466-ac5c-452c-899c-7f3d1971295d,Posted
LED100910,2024-05-17,MAIN_OPERATING_ACCOUNT,DEBIT,UPI,110.0,UPI PAYMENT/4504,,c5913173-57bc-4340-88b2-f9c330e26eaf,Posted
LED100911,2024-05-17,MAIN_OPERATING_ACCOUNT,DEBIT,UPI,95.0,UPI PAYMENT/4504,,891568f3-3d71-48e1-a416-5854239541a4,Posted
LED100912,2024-05-17,MAIN_OPERATING_ACCOUNT,DEBIT,UPI,1300.0,UPI PAYMENT/41382,,327b7200-ee13-4179-b6d0-41bc618589f8,Posted
LED100913,2024-05-18,MAIN_OPERATING_ACCOUNT,DEBIT,UPI,260.0,UPI PAYMENT/GPAY,,4cf0a4da-ff24-4659-a5c0-3827552759ee,Posted
LED100914,2024-05-18,MAIN_OPERATING_ACCOUNT,DEBIT,UPI,15.0,UPI PAYMENT/45051/JIOINAPPDIRECT,,c93cffda-0d4a-4228-bd3b-6dd8be20afe8,Posted
LED100915,2024-05-18,MAIN_OPERATING_ACCOUNT,DEBIT,UPI,50.0,UPI PAYMENT/PAYTMAP,,7907ca94-6546-4a7f-b8ff-0beb996e787b,Posted
LED100916,2024-05-18,MAIN_OPERATING_ACCOUNT,DEBIT,UPI,50.0,UPI PAYMENT/41394/LOAD/LITE,,50261313-f646-465d-9bfa-09983019e719,Posted
LED100917,2024-05-19,MAIN_OPERATING_ACCOUNT,DEBIT,UPI,60.0,UPI PAYMENT/4506,,b7963334-f585-4191-b319-eba6a2a2456e,Posted
LED100918,2024-05-19,MAIN_OPERATING_ACCOUNT,CREDIT,UPI,100.0,UPI PAYMENT/4506,,d2aa0378-2ce2-4e10-933c-e13c2f583cf2,Posted
LED100919,2024-05-19,MAIN_OPERATING_ACCOUNT,DEBIT,UPI,20.0,UPI PAYMENT/PAYTMAP,,2869a12e-d89f-40ec-bd80-10d9b45a6e53,Posted
LED100920,2024-05-19,MAIN_OPERATING_ACCOUNT,DEBIT,UPI,130.0,UPI PAYMENT/GPAY,,f0dbfbd2-2203-4f8f-a872-fa89b7d761d1,Posted
LED100921,2024-05-19,MAIN_OPERATING_ACCOUNT,DEBIT,UPI,50.0,UPI PAYMENT/PAYTMAP,,3aea12bb-ef0e-4bbe-8eaa-cbfddf5dbfb8,Posted
LED100922,2024-05-19,MAIN_OPERATING_ACCOUNT,DEBIT,UPI,400.0,UPI PAYMENT/41402,,8b196063-5ca4-443b-b5a2-eafa8e081903,Posted
LED100923,2024-05-19,MAIN_OPERATING_ACCOUNT,DEBIT,UPI,15.0,UPI PAYMENT/45065/JIOINAPPDIRECT,,ced19446-2522-40a4-8fa2-a87201c91562,Posted
LED100924,2024-05-20,MAIN_OPERATING_ACCOUNT,DEBIT,UPI,130.0,UPI PAYMENT/GPAY,,68a1453d-c79c-40ce-b13d-29a59857331c,Posted
LED100925,2024-05-20,MAIN_OPERATING_ACCOUNT,DEBIT,UPI,130.0,UPI PAYMENT/GPAY,,1dc53379-c75d-49ff-94fd-1b5ccae6cd7f,Posted
LED100926,2024-05-21,MAIN_OPERATING_ACCOUNT,CREDIT,OTHERS,1070.0,NEFT PAYMENT,8646845.0,729dabc3-ec33-4996-bf21-48bde4b3579c,Posted
LED100927,2024-05-21,MAIN_OPERATING_ACCOUNT,DEBIT,UPI,55.0,UPI PAYMENT/4508,,9f4bc29e-a3f6-4fc1-84c2-8f46afba045c,Posted
LED100928,2024-05-21,MAIN_OPERATING_ACCOUNT,DEBIT,UPI,130.0,UPI PAYMENT/GPAY,,64ccdc6c-1f54-40ad-830c-238eb2b287b3,Posted
LED100929,2024-05-21,MAIN_OPERATING_ACCOUNT,DEBIT,UPI,400.0,UPI PAYMENT/41420,,be7a3c9f-d51d-47d3-bb11-ba07b4b26b9c,Posted
LED100930,2024-05-21,MAIN_OPERATING_ACCOUNT,DEBIT,UPI,130.0,UPI PAYMENT/GPAY,,a4e3a401-60d7-4b5d-8fb0-7c219062717b,Posted
LED100931,2024-05-22,MAIN_OPERATING_ACCOUNT,CREDIT,OTHERS,2050.0,NEFT PAYMENT,8646845.0,f339783e-6bb5-4882-b1dc-dea34a4ada59,Posted
LED100932,2024-05-22,MAIN_OPERATING_ACCOUNT,DEBIT,UPI,19.0,UPI PAYMENT/45095/JIOINAPPDIRECT,,a6f63dce-5cb7-4695-a0b1-68b2000bf9dc,Posted
LED100934,2024-05-22,MAIN_OPERATING_ACCOUNT,DEBIT,UPI,20.0,UPI PAYMENT/GPAY,,9670c45a-c512-440d-b884-02c0535ee8bf,Posted
LED100935,2024-05-22,MAIN_OPERATING_ACCOUNT,DEBIT,UPI,10.0,UPI PAYMENT/4509,,d83f984f-6105-4d15-bbb2-c85d206b5e20,Posted
LED100936,2024-05-22,MAIN_OPERATING_ACCOUNT,CREDIT,UPI,3920.0,UPI PAYMENT/45096,,cf8cd6ae-83c6-4786-82e9-8ac13aa35a5f,Posted
LED100937,2024-05-22,MAIN_OPERATING_ACCOUNT,DEBIT,UPI,3920.0,UPI PAYMENT/45090,,18dd5138-6e8f-4659-8826-9f53b6fe19ee,Posted
LED100938,2024-05-22,MAIN_OPERATING_ACCOUNT,DEBIT,UPI,130.0,UPI PAYMENT/GPAY,,5f691ada-c06c-420e-b75a-f03190a0b58b,Posted
LED100939,2024-05-23,MAIN_OPERATING_ACCOUNT,CREDIT,OTHERS,650.0,NEFT PAYMENT,8646845.0,c6594f09-c02f-4cee-9ef9-5f7b1a4e012b,Posted
LED100940,2024-05-23,MAIN_OPERATING_ACCOUNT,DEBIT,UPI,260.0,UPI PAYMENT/GPAY,,2e634379-f3e6-415f-b0bc-b118bcef5a99,Posted
LED100941,2024-05-23,MAIN_OPERATING_ACCOUNT,DEBIT,UPI,260.0,UPI PAYMENT/GPAY,,afee02c8-95f7-407a-ac0b-1102446d5fcd,Posted
LED100942,2024-05-23,MAIN_OPERATING_ACCOUNT,DEBIT,UPI,15.0,UPI PAYMENT/PAYTM5P,,2226ae5f-116e-4b55-91d4-c7e76f4f80e4,Posted
LED100943,2024-05-23,MAIN_OPERATING_ACCOUNT,DEBIT,UPI,260.0,UPI PAYMENT/GPAY,,1c781ae2-c0d5-4884-b2f7-26609545cedf,Posted
LED100944,2024-05-23,MAIN_OPERATING_ACCOUNT,DEBIT,UPI,20.0,UPI PAYMENT/4510,,a287d40c-92bb-4271-bdfa-142faff50a63,Posted
LED100945,2024-05-23,MAIN_OPERATING_ACCOUNT,DEBIT,UPI,260.0,UPI PAYMENT/GPAY,,e28a05a7-b00f-430e-ba92-18ba473d99b3,Posted
LED100946,2024-05-23,MAIN_OPERATING_ACCOUNT,DEBIT,UPI,260.0,UPI PAYMENT/41448,,3b30bf89-e93a-469f-bb1c-245eb2baa81a,Posted
LED100947,2024-05-24,MAIN_OPERATING_ACCOUNT,DEBIT,UPI,130.0,UPI PAYMENT/GPAY,,ec0ea4f1-7480-4cc8-97b8-fc06082f60fa,Posted
LED100948,2024-05-23,MAIN_OPERATING_ACCOUNT,DEBIT,UPI,600.0,UPI PAYMENT/41451,,11aae491-d422-4bc6-88be-e0981a6555a3,Posted
LED100949,2024-05-24,MAIN_OPERATING_ACCOUNT,CREDIT,UPI,600.0,UPI PAYMENT/41454/REVERSAL,,e1da6560-137c-4531-b0d1-4068e7b3ec00,Posted
LED100950,2024-05-24,MAIN_OPERATING_ACCOUNT,DEBIT,UPI,130.0,UPI PAYMENT/GPAY,,3e1974e3-ed9f-409b-a7f1-0f0a261f5b1c,Posted
LED100951,2024-05-25,MAIN_OPERATING_ACCOUNT,CREDIT,OTHERS,600.0,NEFT PAYMENT,8646845.0,1b5435dc-d9ff-406c-9dc9-b5142dfb6b00,Posted
LED100952,2024-05-25,MAIN_OPERATING_ACCOUNT,DEBIT,UPI,50.0,UPI PAYMENT/BHARATPE,,11f63bd4-d130-46bf-8750-fbc765b13a25,Posted
LED100953,2024-05-25,MAIN_OPERATING_ACCOUNT,DEBIT,UPI,60.0,UPI PAYMENT/4512,,0aa75e81-6e8b-4b55-9c96-97368b0d6659,Posted
LED100954,2024-05-25,MAIN_OPERATING_ACCOUNT,DEBIT,UPI,10.0,UPI PAYMENT/4512,,64989ec7-0c73-4710-89f3-d861eacfe326,Posted
LED100955,2024-05-25,MAIN_OPERATING_ACCOUNT,DEBIT,UPI,640.0,UPI PAYMENT/4512,,0efc1af2-5a91-4176-922b-f89a6614085f,Posted
LED100956,2024-05-25,MAIN_OPERATING_ACCOUNT,DEBIT,UPI,130.0,UPI PAYMENT/GPAY,,55c5d6de-5b14-4d88-89bf-bb336319b910,Posted
LED100957,2024-05-25,MAIN_OPERATING_ACCOUNT,DEBIT,UPI,10.0,UPI PAYMENT/4512,,a51900ee-8189-40fb-a168-0ed0d256e304,Posted
LED100958,2024-05-25,MAIN_OPERATING_ACCOUNT,DEBIT,UPI,80.0,UPI PAYMENT/PAYTMAP,,9eee8e44-9a33-4fff-a926-bd2ce08b29ea,Posted
LED100959,2024-05-25,MAIN_OPERATING_ACCOUNT,DEBIT,UPI,20.0,UPI PAYMENT/PAYTM5P,,553dc082-dcec-4fd8-b281-f66a6476d839,Posted
LED100960,2024-05-25,MAIN_OPERATING_ACCOUNT,CREDIT,OTHERS,1000.0,IMPS PAYMENT,,2bf8ddcb-237d-4bda-b211-e6a8ac1a1bfd,Posted
LED100961,2024-05-26,MAIN_OPERATING_ACCOUNT,DEBIT,UPI,20.0,UPI PAYMENT/PAYTMTM,,cb803ea0-20b9-4f76-a5e5-b70bebf17e04,Posted
LED100962,2024-05-26,MAIN_OPERATING_ACCOUNT,DEBIT,UPI,30.0,UPI PAYMENT/PAYTM,,ce711a57-cfdb-4ea3-b89b-ffddc327c65b,Posted
LED100963,2024-05-26,MAIN_OPERATING_ACCOUNT,DEBIT,UPI,30.0,UPI PAYMENT/PAYTMTM,,1d74d62b-640c-4508-a121-c404129cd1d1,Posted
LED100964,2024-05-26,MAIN_OPERATING_ACCOUNT,DEBIT,UPI,30.0,UPI PAYMENT/PAYTMTM,,efc2151d-f236-440e-b0d7-e90ad7d02463,Posted
LED100965,2024-05-26,MAIN_OPERATING_ACCOUNT,DEBIT,UPI,400.0,UPI PAYMENT/45138,,e1a3d09f-51c5-483e-a0eb-fce9254092a8,Posted
LED100966,2024-05-26,MAIN_OPERATING_ACCOUNT,DEBIT,UPI,9.5,UPI PAYMENT/PAYTMUP,,bd3e4c88-bec3-456d-8ddf-e05592d6d5c6,Posted
LED100967,2024-05-26,MAIN_OPERATING_ACCOUNT,DEBIT,UPI,216.0,UPI PAYMENT/PAYTM101,,24893e56-46f8-450a-9561-e2b9fa4ad1aa,Posted
LED100968,2024-05-27,MAIN_OPERATING_ACCOUNT,DEBIT,UPI,260.0,UPI PAYMENT/GPAY,,44b65320-b7f8-4ffa-8c8c-68627bc75acb,Posted
LED100969,2024-05-27,MAIN_OPERATING_ACCOUNT,DEBIT,UPI,50.0,UPI PAYMENT/PAYTMAP,,ce15b6ec-346d-484f-a993-259e572d40f7,Posted
LED100970,2024-05-27,MAIN_OPERATING_ACCOUNT,DEBIT,UPI,20.0,UPI PAYMENT/PAYTM101,,a62ff5ed-e775-4c60-a01a-5f29e43b7ac8,Posted
LED100971,2024-05-27,MAIN_OPERATING_ACCOUNT,DEBIT,UPI,130.0,UPI PAYMENT/GPAY,,2c3ef021-abc9-4ef8-a1b5-0ae8a6550754,Posted
LED100972,2024-05-27,MAIN_OPERATING_ACCOUNT,DEBIT,UPI,175.0,UPI PAYMENT/4514,,f3d07c84-fbd9-4de6-83e6-ffd9151d8e2b,Posted
LED100973,2024-05-28,MAIN_OPERATING_ACCOUNT,CREDIT,OTHERS,210.0,NEFT PAYMENT,8646845.0,cd7df1ef-e2c1-4dae-a663-380b6d4c03fb,Posted
LED100974,2024-05-28,MAIN_OPERATING_ACCOUNT,DEBIT,UPI,130.0,UPI PAYMENT/GPAY,,5ea22a5a-f9a5-4586-95a6-3f9e06d2a6f7,Posted
LED100975,2024-05-28,MAIN_OPERATING_ACCOUNT,DEBIT,UPI,130.0,UPI PAYMENT/GPAY,,f19f5691-8cc9-4c3f-90f5-f8a37fbc0da2,Posted
LED100976,2024-05-29,MAIN_OPERATING_ACCOUNT,CREDIT,OTHERS,150.0,NEFT PAYMENT,8646845.0,be7137b8-527c-411c-ac0d-2a2d68a737c0,Posted
LED100977,2024-05-29,MAIN_OPERATING_ACCOUNT,DEBIT,UPI,240.9,UPI PAYMENT/GPAYRECHARGE,,68158208-6c66-4fd7-a492-7dd69e076f99,Posted
LED100978,2024-05-29,MAIN_OPERATING_ACCOUNT,DEBIT,UPI,130.0,UPI PAYMENT/GPAY,,a54acb9b-016e-4474-9e25-1f497f9423d7,Posted
LED100979,2024-05-29,MAIN_OPERATING_ACCOUNT,CREDIT,UPI,300.0,UPI PAYMENT/4150,,b1f8b506-a1ec-485f-b6a3-46821bfac6b7,Posted
LED100980,2024-05-29,MAIN_OPERATING_ACCOUNT,DEBIT,UPI,245.0,UPI PAYMENT/4516,,a13ba7fa-3fa2-4607-a064-292aa6b8b67e,Posted
LED100981,2024-05-29,MAIN_OPERATING_ACCOUNT,DEBIT,UPI,80.0,UPI PAYMENT/PAYTMAP,,c3b42859-ac27-483b-9759-c518aeb1e5ab,Posted
LED100982,2024-05-30,MAIN_OPERATING_ACCOUNT,CREDIT,OTHERS,938.0,NEFT PAYMENT,8646845.0,2edaf543-5afd-4247-9320-5c213957cd98,Posted
LED100983,2024-05-30,MAIN_OPERATING_ACCOUNT,DEBIT,UPI,60.0,UPI PAYMENT/4517,,87392ae7-630a-4cee-b8c3-d57f144654c1,Posted
LED100984,2024-05-30,MAIN_OPERATING_ACCOUNT,DEBIT,UPI,130.0,UPI PAYMENT/4517,,dc9a8f29-efdb-434b-a140-6e20f7185aa3,Posted
LED100985,2024-05-30,MAIN_OPERATING_ACCOUNT,DEBIT,UPI,10.0,UPI PAYMENT/4517,,a8722af7-486f-409b-bf44-452b087ecd27,Posted
LED100986,2024-03-27,MAIN_OPERATING_ACCOUNT,DEBIT,UPI,20.0,UPI PAYMENT/EAZYPAY,,e72ca825-8866-402c-a05b-cf0f7cad5a84,Posted
LED100987,2024-03-04,MAIN_OPERATING_ACCOUNT,DEBIT,UPI,10.0,UPI PAYMENT/44304,,6a0df95a-67ff-4421-ac44-dedfb7142ec0,Posted
LED100988,2024-01-19,MAIN_OPERATING_ACCOUNT,DEBIT,UPI,240.9,UPI PAYMENT/EURONETGPAY,,e785ff49-b468-4823-a5ef-e441e86f9b6f,Posted
LED100989,2024-04-26,MAIN_OPERATING_ACCOUNT,DEBIT,UPI,130.0,UPI PAYMENT/GPAY,,3a845d1a-0d45-4baf-9df1-9fed3beac079,Posted
LED100990,2023-11-11,MAIN_OPERATING_ACCOUNT,DEBIT,UPI,330.0,UPI PAYMENT/3681,,3f84beb9-7021-4782-9647-5ba0284541a3,Posted
LED100991,2023-09-08,MAIN_OPERATING_ACCOUNT,DEBIT,UPI,220.0,UPI PAYMENT/BHARATPE,,e12cba6a-8238-4de8-af95-0afacd47ef30,Posted
LED100992,2024-05-09,MAIN_OPERATING_ACCOUNT,DEBIT,UPI,30.0,UPI PAYMENT/4496,,dbbfc153-bd45-4094-8eeb-538d435adf9e,Posted
LED100993,2023-09-17,MAIN_OPERATING_ACCOUNT,DEBIT,UPI,10.0,UPI PAYMENT/PAYTM101,,80da729f-1f76-41be-a745-097cac244ef9,Posted
LED100994,2024-03-06,MAIN_OPERATING_ACCOUNT,DEBIT,UPI,60.0,UPI PAYMENT/40664,,93d3fab1-dd94-43d3-bddc-51081ccb90b3,Posted
LED100995,2024-02-11,MAIN_OPERATING_ACCOUNT,DEBIT,UPI,15.0,GPAY BILL PAYMENT,,d8feb565-b6d2-4762-92b6-56f8bd03bd31,Posted
